Name: input_conv.weight | Shape: [256, 24, 3, 3]
Values:
tensor([[[[-6.8328e-02,  1.0539e-02,  1.3204e-01],
          [-1.3805e-01, -4.3608e-03, -1.4309e-01],
          [-4.7533e-02, -3.5912e-02, -1.6544e-01]],

         [[-9.2574e-02,  2.2474e-02,  1.0548e-01],
          [-1.6042e-01,  2.3497e-02, -7.6046e-02],
          [-1.6524e-02, -4.2790e-02, -6.7941e-02]],

         [[ 1.6796e-01, -1.1322e-01,  1.3813e-01],
          [ 8.6599e-02, -1.9431e-02, -1.4196e-01],
          [-1.1551e-01,  1.3379e-01,  1.2302e-01]],

         ...,

         [[-9.0974e-02,  7.5699e-03, -3.9019e-02],
          [-1.3769e-02,  3.7653e-02, -1.8826e-02],
          [-1.0247e-01,  6.4565e-02, -1.0668e-01]],

         [[ 4.4752e-02,  3.2470e-02,  5.1871e-02],
          [ 2.6627e-02, -4.0002e-04,  1.6804e-02],
          [ 6.3477e-02,  3.3001e-02,  5.3690e-02]],

         [[-4.3111e-03,  3.6807e-03,  2.5275e-02],
          [-1.6696e-02, -1.7755e-02,  3.2735e-04],
          [ 3.9085e-02,  5.1006e-02,  6.1836e-02]]],


        [[[-3.2910e-03,  1.0161e-02,  3.6554e-02],
          [ 2.1449e-01,  7.9582e-02,  2.6133e-01],
          [-7.1110e-02,  1.8047e-01,  4.2129e-02]],

         [[-8.3986e-02,  1.0223e-01,  1.2376e-01],
          [-7.3599e-02, -4.7757e-02,  2.6693e-02],
          [ 2.6735e-02,  6.1740e-02, -4.2779e-02]],

         [[-1.8203e-02,  4.1378e-02,  6.7425e-03],
          [-1.8970e-01,  4.3662e-02, -1.3489e-01],
          [-6.3552e-02, -5.3653e-02, -1.1097e-02]],

         ...,

         [[-5.4168e-02, -6.9635e-03, -5.3753e-02],
          [-1.9224e-01,  1.1361e-01, -4.5587e-02],
          [-4.0774e-02, -2.7681e-02, -5.5424e-02]],

         [[ 2.6933e-02, -1.0200e-02, -6.7455e-02],
          [ 2.7607e-02,  4.1925e-03,  1.4540e-02],
          [ 1.0796e-01,  7.6426e-02,  8.0640e-02]],

         [[-9.5298e-02, -1.1560e-01, -1.9011e-01],
          [ 4.3128e-02,  3.2215e-02, -1.0013e-02],
          [ 1.0251e-01,  9.0027e-02,  4.6223e-02]]],


        [[[-8.7058e-02,  1.0054e-01, -1.2108e-01],
          [-2.1067e-01, -5.9526e-02,  9.4003e-02],
          [-3.5504e-02, -1.5891e-01,  1.9984e-03]],

         [[-6.6130e-02, -1.3937e-01,  4.6036e-03],
          [-1.2609e-01, -2.0157e-01,  4.2939e-02],
          [-1.2253e-01, -1.0432e-01,  2.7567e-03]],

         [[-6.8399e-02, -7.7375e-02, -2.8498e-02],
          [-8.0147e-02, -3.7425e-02,  2.1663e-02],
          [-1.0779e-01,  1.9709e-03, -5.1137e-02]],

         ...,

         [[-6.8674e-02,  8.1400e-02,  4.1010e-02],
          [-2.1315e-01, -3.4868e-02,  9.5024e-03],
          [-7.5754e-02, -5.0439e-02,  5.0388e-02]],

         [[-3.3590e-02,  4.5993e-02,  7.6657e-02],
          [-7.4921e-02, -1.0207e-03,  3.5983e-02],
          [-9.2194e-02, -1.9753e-02,  1.4937e-02]],

         [[ 7.0443e-02,  7.0027e-03,  1.6884e-02],
          [ 6.0276e-02, -6.5731e-03,  6.3092e-03],
          [ 1.1325e-01,  4.4408e-02,  5.7966e-02]]],


        ...,


        [[[-5.9077e-02,  3.3529e-01, -2.8467e-03],
          [ 1.4820e-02,  2.7865e-01, -3.1434e-02],
          [-5.7595e-02, -1.4894e-01, -6.6970e-02]],

         [[-6.9877e-02,  1.9096e-02, -1.7326e-02],
          [ 2.5837e-02, -6.8304e-02, -4.2146e-02],
          [ 3.7191e-02,  3.1924e-03, -8.2523e-02]],

         [[ 1.1590e-01,  1.7848e-02,  2.8461e-02],
          [-6.4569e-02, -1.2848e-01, -1.5601e-01],
          [-6.7104e-02, -5.5765e-02, -3.1052e-02]],

         ...,

         [[ 1.1362e-01, -2.3269e-02,  2.3883e-02],
          [-5.1085e-02, -8.5507e-02, -2.7893e-02],
          [ 1.2284e-02, -3.9959e-02,  4.4036e-02]],

         [[-3.8561e-01, -1.8538e-01, -1.6579e-01],
          [-1.9915e-01,  5.6837e-03, -1.5052e-02],
          [-1.0467e-01,  1.0120e-02,  2.9294e-02]],

         [[ 1.4090e-01,  7.2120e-02,  3.2510e-02],
          [ 1.2731e-01,  5.2313e-02,  4.5365e-04],
          [-1.1640e-01, -2.5506e-01, -2.8497e-01]]],


        [[[-3.0748e-02,  1.1375e-01,  3.2313e-02],
          [ 1.5667e-01,  1.9407e-01, -1.7114e-01],
          [ 1.1056e-02,  1.9735e-01,  7.1380e-03]],

         [[-2.7086e-02,  1.0146e-01,  3.9280e-02],
          [ 2.1068e-02,  1.9756e-02,  1.6459e-01],
          [-1.5564e-02,  6.1034e-02,  4.2831e-03]],

         [[-1.0643e-02, -1.2836e-02, -1.8283e-02],
          [-4.8397e-02, -1.2080e-01, -1.9612e-01],
          [-9.5276e-02,  7.3853e-02,  3.3211e-03]],

         ...,

         [[-4.2204e-02,  2.9280e-03, -1.0574e-01],
          [ 1.7821e-01, -1.5825e-02, -2.7604e-02],
          [ 5.9303e-02,  1.4986e-01, -7.4328e-02]],

         [[-6.4071e-02,  5.7127e-02,  7.2750e-02],
          [-8.6256e-02,  2.4996e-03,  1.7588e-02],
          [-1.8031e-01, -8.3090e-02, -5.5780e-02]],

         [[ 3.8082e-02,  5.7272e-02,  7.6550e-02],
          [ 2.2858e-02,  2.3932e-02,  3.3616e-02],
          [ 1.0108e-01,  1.0934e-01,  1.1861e-01]]],


        [[[-1.1204e-01,  1.9759e-01,  1.7298e-02],
          [ 2.0244e-02,  1.6054e-01,  2.0089e-01],
          [-2.7730e-01, -8.9224e-02, -5.5288e-02]],

         [[ 5.4619e-02, -2.2866e-01, -3.6030e-01],
          [ 1.1793e-01, -1.8986e-01, -1.3963e-02],
          [ 9.8901e-02,  1.1056e-01,  2.7170e-02]],

         [[ 1.1064e-01, -9.3338e-02, -2.9371e-01],
          [ 1.7288e-01, -1.1158e-01, -1.0441e-02],
          [ 6.3655e-02,  7.5185e-02,  5.0403e-03]],

         ...,

         [[ 7.4282e-03, -1.0600e-01, -2.6131e-01],
          [ 5.2340e-02, -9.8153e-02, -1.5614e-02],
          [-3.5607e-02, -1.4212e-03, -2.6170e-02]],

         [[ 4.3881e-02,  2.2093e-02,  6.1185e-02],
          [ 4.6155e-02,  3.6388e-03,  4.6339e-02],
          [-5.8536e-02, -8.5233e-02, -9.7852e-02]],

         [[ 3.6143e-02,  2.8099e-02,  5.9097e-02],
          [ 1.4765e-03, -1.3668e-02,  2.4225e-02],
          [-3.0042e-02, -5.3027e-02, -6.0733e-02]]]])

Name: input_conv.bias | Shape: [256]
Values:
tensor([ 4.4931e-03,  1.9993e-04, -3.2191e-03, -3.9122e-03, -6.1949e-03,
         1.2100e-03, -2.8114e-03,  2.4157e-03, -6.2024e-03,  1.0220e-03,
        -3.2935e-03,  4.9019e-03, -5.8975e-03, -3.9047e-03,  5.7836e-04,
         3.6792e-03, -6.0265e-03, -1.5091e-03,  3.4832e-03, -3.1496e-03,
        -1.1356e-03, -1.5107e-03,  2.2546e-03,  5.7275e-03, -3.1925e-03,
         5.0763e-03,  3.4564e-03,  2.6827e-03, -9.7743e-04,  3.9290e-03,
        -6.1131e-03,  5.7902e-03,  1.0874e-03,  1.7427e-03,  4.3178e-03,
        -6.0205e-03,  2.5545e-04,  4.8686e-03,  2.3809e-03,  3.2267e-03,
         2.8940e-03, -1.8411e-03, -3.8733e-03,  2.6670e-03,  5.3907e-03,
         4.7030e-03, -4.3735e-03, -1.5858e-03,  6.0687e-03,  6.1843e-03,
        -1.0902e-03, -6.5902e-04, -6.3054e-03, -2.0498e-03, -5.1009e-03,
         1.4297e-03, -5.3756e-03,  1.6138e-03,  6.1347e-03,  3.6805e-03,
        -5.5376e-03,  2.7162e-03,  5.7762e-03, -3.4056e-03, -2.3016e-03,
         5.6857e-03, -1.1609e-03, -1.1140e-03, -1.6209e-03, -5.3553e-03,
        -2.0640e-03, -1.9076e-03, -1.7310e-03, -5.3797e-04, -4.6500e-03,
         4.1914e-03,  4.7851e-03, -3.9021e-03, -1.3973e-03, -5.3764e-03,
         4.4458e-03,  4.1350e-03, -1.9404e-04,  1.8127e-03,  3.9035e-04,
         5.6542e-03,  3.7276e-03,  4.4438e-03, -5.9527e-03,  2.2332e-03,
        -1.6005e-03,  4.8940e-03, -5.7798e-03,  4.8265e-03,  4.5557e-03,
        -1.6653e-03,  5.4459e-03, -5.7198e-03, -5.7447e-03, -1.5052e-03,
         1.5269e-03, -5.7322e-03,  2.6007e-03,  5.9370e-04,  1.9870e-03,
        -4.5545e-03, -5.6863e-03,  1.4301e-03, -2.6378e-03,  2.0856e-03,
        -5.6589e-03,  8.9162e-05, -1.9756e-04, -2.2725e-03, -5.1953e-04,
         2.4188e-03,  2.4309e-03,  6.3530e-03,  5.5223e-03,  1.7138e-03,
         6.0525e-04,  4.0685e-03, -2.2993e-03,  1.5860e-03,  5.3017e-03,
         8.3453e-04, -1.0483e-03,  3.9273e-03,  2.9459e-03, -6.1022e-03,
         5.7217e-03, -5.0547e-03, -7.4404e-04,  4.1940e-03, -5.7447e-03,
        -5.4480e-03,  2.3993e-03, -1.1262e-03,  2.4600e-03,  5.1657e-04,
        -5.2252e-03, -2.6075e-03,  6.1533e-03, -6.1612e-03,  2.3843e-03,
        -4.0724e-03, -4.9466e-03, -4.0729e-03, -1.2145e-03,  3.5692e-03,
         1.4733e-03, -6.9725e-04, -6.8572e-04,  5.3927e-03, -3.3803e-03,
        -3.2123e-05,  1.7976e-03, -2.8790e-03,  1.5271e-03, -5.7400e-03,
        -3.1923e-04,  3.8285e-04, -5.9548e-03,  4.6952e-03, -5.8215e-03,
         4.0397e-04, -7.7167e-04,  1.7382e-03,  4.2243e-03, -2.8080e-03,
        -9.8529e-04,  3.8672e-03, -1.0271e-03, -5.4039e-03, -1.4178e-04,
        -2.3288e-03,  5.1632e-03, -5.0126e-03,  1.5793e-03,  3.2970e-03,
        -3.1082e-03, -8.8350e-04, -4.7662e-03, -1.3902e-03,  4.0936e-03,
        -5.8381e-03, -3.5163e-03,  5.3968e-04, -2.8428e-03,  4.9223e-03,
        -2.8839e-03,  9.6525e-04, -1.0014e-03, -1.2709e-03,  3.3229e-03,
        -3.7505e-03,  6.0296e-03, -6.1892e-03, -2.0907e-03, -3.8786e-03,
         5.1413e-03,  2.8206e-04, -4.8427e-03,  2.8893e-03, -1.6690e-03,
        -4.3199e-03, -5.7290e-03,  1.4261e-03, -2.9500e-03,  6.3512e-03,
         1.1871e-03, -1.2371e-03, -5.7199e-03, -6.1004e-03,  4.8451e-03,
         2.3288e-03,  3.8316e-03, -6.4228e-03,  3.6697e-03, -1.2628e-03,
         3.2295e-03, -3.4418e-03,  1.6207e-03, -2.2305e-04,  1.0087e-03,
        -5.9959e-03,  2.3668e-03, -1.4322e-03,  4.1235e-03,  1.1771e-03,
        -5.1887e-03,  1.6334e-03, -3.7057e-04, -1.8049e-03, -5.6267e-03,
        -3.2855e-03, -3.0179e-03, -3.0338e-03, -3.8523e-03,  1.0402e-03,
        -5.7696e-03, -3.5414e-03, -5.3455e-03,  3.7389e-03,  6.0931e-03,
        -2.2030e-03, -3.2115e-03, -3.6330e-05, -3.3651e-03, -3.1512e-03,
         5.6184e-03, -6.0196e-03,  2.6405e-03,  4.5104e-03,  2.0666e-03,
        -2.6486e-03])

Name: input_bn.weight | Shape: [256]
Values:
tensor([0.2620, 0.3435, 0.3112, 0.2874, 0.3212, 0.3038, 0.4942, 0.2670, 0.2332,
        0.3303, 0.2774, 0.3325, 0.2704, 0.2896, 0.5648, 0.3120, 0.2521, 0.2980,
        0.2418, 0.2676, 0.2254, 0.2100, 0.4184, 0.3747, 0.3962, 0.2627, 0.2647,
        0.2798, 0.3689, 0.3227, 0.2677, 0.2675, 0.2750, 0.2493, 0.2726, 0.1734,
        0.2976, 0.5152, 0.2686, 0.2885, 0.3450, 0.3350, 0.3949, 0.2402, 0.2934,
        0.2164, 0.3964, 0.2719, 0.2392, 0.2499, 0.4092, 0.3973, 0.3662, 0.3289,
        0.3500, 0.3016, 0.2350, 0.2959, 0.2892, 0.2729, 0.2676, 0.2766, 0.2940,
        0.2876, 0.2909, 0.2432, 0.2947, 0.3692, 0.2700, 0.2677, 0.3352, 0.2302,
        0.3625, 0.4579, 0.2177, 0.3033, 0.3137, 0.4172, 0.2753, 0.3309, 0.3116,
        0.2779, 0.5889, 0.3294, 0.2389, 0.3516, 0.3425, 0.2601, 0.2766, 0.2990,
        0.2540, 0.3089, 0.4672, 0.3042, 0.3657, 0.3296, 0.2621, 0.2637, 0.2104,
        0.2780, 0.4011, 0.9081, 0.4499, 0.2280, 0.3414, 0.2806, 0.3827, 0.3604,
        0.3467, 0.2463, 0.2814, 0.2702, 0.5537, 0.2880, 0.2862, 0.2539, 0.2946,
        0.2465, 0.7726, 0.3520, 0.2828, 0.2458, 0.2697, 0.3247, 0.3825, 0.2878,
        0.2737, 0.3381, 0.2563, 0.2774, 0.3070, 0.3863, 0.4967, 0.2942, 0.2351,
        0.3924, 0.2514, 0.3988, 0.2893, 0.2695, 0.3302, 0.3371, 0.2529, 0.3470,
        0.2685, 0.2988, 0.2635, 0.4905, 0.3946, 0.4530, 0.4105, 0.3749, 0.2962,
        0.2659, 0.3611, 0.3456, 0.3397, 0.4255, 0.3141, 0.4477, 0.2908, 0.2838,
        0.6291, 0.2509, 0.3023, 0.2510, 0.2949, 0.4714, 0.3426, 0.2521, 0.2780,
        0.3518, 0.3386, 0.2698, 0.2811, 0.3808, 0.2124, 0.2563, 0.3316, 0.2411,
        0.3595, 0.3159, 0.3086, 0.2661, 0.4202, 0.3105, 0.8170, 0.4691, 0.2805,
        0.3152, 0.2022, 0.2154, 0.2748, 0.3612, 0.4722, 0.3720, 0.2655, 0.2943,
        0.4411, 0.3046, 0.2661, 0.3751, 0.3178, 0.2646, 0.2282, 0.3207, 0.2875,
        0.3413, 0.2769, 0.3255, 0.2922, 0.4488, 0.3276, 0.2775, 0.3675, 0.3233,
        0.2820, 0.2907, 0.2763, 0.3286, 0.2817, 0.2420, 0.6317, 0.2796, 0.2943,
        0.2396, 0.8113, 0.3071, 0.3031, 0.2692, 0.3539, 0.2770, 0.2719, 0.3744,
        0.2815, 0.2698, 0.3148, 0.2750, 0.4122, 0.2996, 0.2839, 0.2547, 0.3457,
        0.2960, 0.2683, 0.3221, 0.5508, 0.3109, 0.4228, 0.3678, 0.2964, 0.3993,
        0.2488, 0.3568, 0.3342, 0.3877])

Name: input_bn.bias | Shape: [256]
Values:
tensor([-0.0018, -0.2446, -0.1429, -0.1056, -0.1534, -0.1711, -0.2251, -0.0213,
        -0.0941, -0.3359, -0.1975, -0.2280,  0.0156, -0.1037, -0.4251, -0.1265,
        -0.2388, -0.2050, -0.1690, -0.0962, -0.1952, -0.3182, -0.4473, -0.2820,
        -0.2662, -0.2370, -0.2933, -0.2107, -0.6421, -0.2396, -0.1289, -0.0383,
        -0.1585,  0.0254, -0.1701,  0.0450, -0.1217, -0.5503, -0.2305, -0.0529,
        -0.1701, -0.1938, -0.2162,  0.0327, -0.1910, -0.1460, -0.3468, -0.2632,
        -0.2237, -0.0066, -0.3146, -0.3922, -0.4790, -0.2684, -0.3069, -0.1733,
        -0.1235, -0.0926, -0.0855, -0.0431,  0.0348, -0.1647, -0.1942, -0.1959,
        -0.1794, -0.0350, -0.2116, -0.4157, -0.1581, -0.2229, -0.3186, -0.1310,
        -0.3093, -0.4173, -0.1351, -0.2458, -0.1506, -0.2318, -0.2048, -0.1251,
        -0.1192, -0.0635, -0.6694, -0.2894, -0.1461, -0.2881, -0.1900, -0.1962,
        -0.0518, -0.1980, -0.1157, -0.2180, -0.2932, -0.1386, -0.3680, -0.3583,
        -0.1732,  0.0146, -0.1492, -0.1886, -0.2977, -0.9053, -0.2164, -0.1098,
        -0.2972, -0.1199, -0.4366, -0.4921, -0.2032, -0.2164, -0.1258, -0.1940,
        -0.4499, -0.2118, -0.2308,  0.0258, -0.0617,  0.0033, -0.3239, -0.2566,
        -0.2397, -0.1453, -0.0801, -0.2872, -0.2216, -0.2039, -0.1260, -0.2183,
        -0.2490, -0.1697, -0.1592, -0.1436, -0.3604, -0.2000, -0.2654, -0.3298,
        -0.2205, -0.2484, -0.2522, -0.0192, -0.1477, -0.1618, -0.1799, -0.1938,
        -0.0090, -0.3528, -0.1609, -0.4001, -0.2969, -0.2858, -0.2543, -0.4277,
        -0.1790, -0.2737, -0.3072, -0.2307, -0.2327, -0.2275, -0.2114, -0.3814,
        -0.1970, -0.1938, -0.2882, -0.0814, -0.2394, -0.1601, -0.2831, -0.0619,
        -0.1762, -0.0656, -0.1795, -0.1802, -0.2875, -0.0233, -0.2248, -0.0206,
        -0.1097, -0.1480, -0.2797, -0.0342, -0.2133, -0.1632, -0.2292, -0.1086,
        -0.4364, -0.3342, -0.8741, -0.2028, -0.1950, -0.1839, -0.1482, -0.1887,
        -0.2348, -0.2358, -0.3637, -0.3651, -0.1482, -0.1851, -0.3173, -0.1806,
        -0.0198, -0.2113, -0.1791, -0.1389, -0.1629, -0.1720, -0.1724, -0.3874,
        -0.0541, -0.2230, -0.2923, -0.0339, -0.1821, -0.1235, -0.1870, -0.3127,
        -0.1184, -0.1880, -0.1722, -0.1485, -0.1630, -0.0109, -0.2658, -0.0924,
        -0.0910, -0.2146, -0.6595, -0.1905, -0.3494, -0.1870, -0.2205, -0.1986,
        -0.2356, -0.1868, -0.1166, -0.0714, -0.2898, -0.2159, -0.0602, -0.1913,
        -0.0980, -0.1224, -0.1955, -0.3018, -0.1090, -0.2564, -0.3169, -0.2450,
        -0.2363, -0.3873, -0.2340, -0.2571, -0.2068, -0.4416, -0.2124, -0.3278])

Name: res_block_0.conv1.weight | Shape: [256, 256, 3, 3]
Values:
tensor([[[[-5.1636e-02, -2.4822e-02,  5.4051e-02],
          [-4.4570e-03, -3.1637e-02, -4.1846e-02],
          [-1.9223e-02,  1.8404e-02,  4.6165e-02]],

         [[ 2.6974e-02, -3.5625e-02, -5.0791e-03],
          [ 6.0406e-03, -5.0487e-02, -3.8725e-02],
          [-4.4008e-02, -6.0802e-02,  4.1633e-02]],

         [[-5.0164e-02,  1.3937e-02, -8.4685e-02],
          [ 6.4042e-02, -3.2803e-02,  1.1159e-01],
          [ 1.6516e-02, -2.5908e-02,  3.2546e-02]],

         ...,

         [[-1.5020e-02,  6.6705e-02,  1.7553e-02],
          [ 6.5840e-03, -9.4054e-03,  3.1554e-02],
          [-6.2840e-02, -1.4218e-03, -8.2571e-03]],

         [[-1.1428e-02, -1.8339e-02,  3.3518e-02],
          [ 2.5896e-02, -6.1879e-03, -1.0539e-03],
          [ 1.8077e-02,  1.8957e-02,  4.0164e-02]],

         [[ 1.0992e-02,  2.1179e-02, -6.3551e-02],
          [ 1.8319e-02,  8.7513e-02, -4.4400e-02],
          [-3.9878e-02,  1.6176e-02,  3.0891e-02]]],


        [[[-7.8689e-03,  5.0732e-02, -3.8439e-02],
          [-2.9443e-02, -1.6202e-02,  7.5702e-02],
          [-1.7328e-02,  2.2689e-02,  2.9567e-02]],

         [[-4.8007e-02, -2.7165e-02, -7.4255e-02],
          [ 1.9361e-02, -2.4810e-03, -2.0635e-03],
          [-3.5530e-02, -1.4503e-02, -2.2243e-04]],

         [[ 5.3970e-02, -1.4351e-02,  1.0072e-02],
          [ 6.3022e-04,  1.4552e-02,  6.3935e-03],
          [-5.4864e-02, -1.8490e-02,  3.8343e-02]],

         ...,

         [[ 3.7931e-02,  1.7310e-02,  1.9229e-02],
          [ 1.3434e-02, -4.6278e-02, -5.2903e-03],
          [-3.4903e-02, -4.4591e-02, -5.7530e-02]],

         [[ 8.3974e-03,  3.3254e-02, -3.5545e-02],
          [-5.1408e-03,  7.3710e-03,  1.6648e-02],
          [-2.5342e-02,  1.9075e-02,  2.0381e-02]],

         [[ 4.6334e-02,  1.7633e-02, -5.6570e-02],
          [ 4.7040e-02,  2.9132e-02,  2.2618e-02],
          [-2.7621e-02,  6.6712e-02,  2.9123e-02]]],


        [[[-6.3593e-02,  1.0380e-02,  3.3467e-02],
          [ 6.8678e-02,  3.5744e-03, -1.3331e-02],
          [-2.9692e-02,  4.1950e-02, -6.2123e-02]],

         [[-7.3114e-03, -1.7017e-02,  2.6704e-02],
          [ 6.8415e-03,  1.7494e-02, -1.0556e-02],
          [ 6.4049e-02, -3.0502e-02,  3.3489e-02]],

         [[-2.4269e-02, -3.3246e-02,  3.3770e-02],
          [-3.6591e-02, -2.9795e-02, -4.6668e-02],
          [ 1.8089e-02,  3.4996e-02, -4.2231e-02]],

         ...,

         [[ 9.6668e-03, -1.1838e-02, -3.0902e-02],
          [ 4.4544e-02, -3.7475e-02,  3.5312e-02],
          [-3.4564e-03, -6.2629e-02, -4.7996e-02]],

         [[ 2.6332e-02,  3.7957e-04, -7.0245e-02],
          [ 1.6979e-02, -2.9076e-02, -7.4646e-03],
          [-8.7687e-03,  8.0128e-03, -5.0083e-02]],

         [[-9.9364e-03, -1.2630e-02, -1.5310e-03],
          [-7.7442e-02, -5.0325e-03, -3.3641e-02],
          [-3.9349e-02,  3.9946e-02,  5.8575e-02]]],


        ...,


        [[[ 3.1585e-02, -6.9846e-02, -3.8257e-03],
          [ 1.5847e-02,  4.4566e-02, -1.9531e-02],
          [ 3.1981e-03, -8.6375e-02,  5.0089e-03]],

         [[-2.4937e-02,  4.3116e-02,  1.9766e-02],
          [ 5.2397e-03, -9.6657e-04,  1.9361e-02],
          [-4.7957e-02, -1.6479e-02,  7.0868e-02]],

         [[-3.4183e-02,  2.8636e-02,  6.2889e-03],
          [ 3.3060e-02,  4.7130e-02,  1.2226e-02],
          [ 1.9871e-02,  1.4749e-02, -1.1888e-02]],

         ...,

         [[ 3.7828e-02,  7.2712e-03, -2.7024e-02],
          [-9.6127e-03,  4.8342e-02, -1.7004e-02],
          [-2.5203e-02, -4.4035e-04, -2.6463e-02]],

         [[ 3.5434e-02, -2.6004e-02, -3.5835e-02],
          [-2.3474e-02,  2.3713e-02, -3.0228e-02],
          [-1.2698e-02,  4.0895e-02, -1.4307e-03]],

         [[ 1.5279e-02, -2.6815e-02, -9.0313e-03],
          [-3.0504e-02,  4.9394e-02, -3.4562e-02],
          [ 3.6930e-02,  6.5894e-04, -6.5573e-02]]],


        [[[ 2.3767e-02, -3.7225e-03,  5.1979e-02],
          [ 3.9498e-02, -6.9473e-05,  1.0950e-02],
          [ 6.4376e-03, -2.0461e-02,  2.8673e-02]],

         [[ 8.0941e-03, -4.2867e-02,  6.4127e-02],
          [-2.1278e-02, -2.2415e-02, -8.4833e-03],
          [ 3.6493e-02,  3.6415e-02,  2.2343e-03]],

         [[-1.3736e-02, -2.9380e-02, -2.4740e-02],
          [ 1.7051e-02, -6.7028e-04, -1.6592e-02],
          [ 1.5195e-02, -4.1920e-02, -4.1900e-02]],

         ...,

         [[ 8.0113e-03,  8.1579e-04,  1.4106e-02],
          [-6.5210e-03,  1.0907e-02, -6.2390e-02],
          [ 6.8471e-02,  4.8849e-02,  3.5206e-02]],

         [[-5.7010e-02,  1.9257e-02,  5.9988e-02],
          [ 2.4533e-02, -1.0031e-02,  2.7667e-02],
          [ 5.1224e-02,  5.3973e-03, -1.5793e-02]],

         [[-1.4454e-02, -2.8110e-02, -2.4922e-02],
          [ 1.0199e-02,  3.9697e-02,  4.1268e-04],
          [-4.9347e-03, -2.8981e-02, -1.3247e-02]]],


        [[[-3.5004e-02,  3.4123e-02,  2.7444e-02],
          [ 3.8919e-02,  4.1112e-02, -1.4406e-02],
          [ 5.2908e-03,  5.6242e-02, -7.9913e-03]],

         [[ 2.6778e-02,  9.4650e-03,  1.6141e-02],
          [ 8.2668e-03,  1.1824e-02, -1.2188e-02],
          [-1.1727e-04, -6.3318e-03,  3.0461e-02]],

         [[ 1.4986e-02, -2.8737e-02, -1.0252e-02],
          [ 4.2110e-02,  5.4179e-02,  8.2727e-03],
          [-8.5456e-03, -1.1606e-02, -1.0885e-02]],

         ...,

         [[-5.6524e-02,  8.3826e-02, -4.3004e-03],
          [ 4.6684e-02, -5.9768e-02, -9.7826e-03],
          [-5.6181e-02,  4.4696e-02,  5.7668e-02]],

         [[-2.5755e-02,  5.3786e-02,  6.3155e-02],
          [-2.9610e-02,  1.6148e-02,  5.1147e-02],
          [-2.5255e-02, -3.0059e-03,  1.2236e-02]],

         [[-1.9551e-02, -6.4859e-02, -9.2466e-02],
          [ 9.1004e-03, -1.4243e-02, -3.5702e-02],
          [-6.2015e-02, -8.2325e-03, -7.6209e-03]]]])

Name: res_block_0.conv1.bias | Shape: [256]
Values:
tensor([-6.2596e-04,  7.2819e-05,  1.9035e-03, -1.4323e-03, -1.3203e-03,
        -1.6902e-03, -8.0870e-05,  1.8000e-03, -1.6280e-04, -3.7815e-04,
         1.2150e-03, -7.4420e-04,  1.5243e-03,  1.0093e-03,  1.0597e-03,
         3.1032e-04,  1.6412e-03, -3.9581e-04, -2.0914e-04, -1.0402e-03,
         1.5730e-03,  1.6319e-03,  1.2951e-03, -2.5113e-04,  1.8559e-03,
        -4.4552e-04, -2.9906e-04, -1.3393e-03, -1.6218e-03,  1.1502e-03,
         1.9179e-03,  1.0012e-03,  3.5119e-04, -1.6596e-03, -1.3960e-03,
         1.9058e-03, -1.4886e-03, -1.6036e-03,  2.0080e-04,  1.7035e-04,
        -1.9467e-03, -7.7615e-04, -4.4251e-04,  1.5057e-03, -1.2574e-03,
         1.8990e-03,  8.4260e-04,  1.2099e-03, -1.7234e-03,  1.8838e-03,
        -3.9318e-04,  1.0979e-03,  2.8964e-04, -1.3942e-03, -1.0399e-03,
        -1.0609e-03,  8.8638e-04,  5.1015e-04, -1.7359e-03,  1.6125e-03,
         1.6134e-03,  5.5736e-04, -1.8911e-03, -1.6595e-03,  4.7704e-04,
         7.8637e-04,  1.5761e-03,  2.5039e-04,  1.0375e-03,  1.1162e-03,
        -2.5745e-04, -5.8044e-04, -2.7289e-04,  1.5661e-03, -1.3642e-03,
        -1.0579e-03, -6.4149e-04, -4.7367e-04,  1.6712e-03, -1.4032e-03,
         9.8143e-05, -1.2892e-03, -1.9010e-03,  1.2702e-03, -1.5462e-03,
         8.2189e-04, -1.8660e-03,  1.3389e-03,  1.8957e-03,  5.1132e-04,
         1.1015e-03, -6.8150e-04, -1.6455e-03, -7.3142e-04,  1.7826e-03,
        -1.8794e-03,  6.7220e-05, -1.4429e-03, -5.9846e-04,  1.1633e-03,
        -1.6827e-03, -9.8114e-04,  1.5392e-03, -1.0375e-03,  1.3390e-03,
         1.3917e-03,  1.8565e-05,  1.6796e-03, -1.8930e-03,  7.3199e-05,
         1.1044e-03,  7.5498e-04, -4.9966e-04,  6.2150e-04, -4.6024e-05,
        -9.3702e-04, -3.3841e-04, -6.0147e-04,  1.0385e-05, -1.2469e-03,
         8.8528e-04,  1.0428e-03, -1.4629e-03,  1.5592e-03,  5.9981e-04,
        -1.5363e-03,  6.1803e-04, -1.3874e-03,  1.6681e-04, -2.7330e-04,
        -1.2933e-03,  1.8803e-03, -6.1290e-04, -1.2829e-04,  3.2312e-04,
        -9.8456e-04,  4.3208e-04,  1.1672e-03, -5.1986e-04, -3.6020e-04,
        -2.6452e-04, -6.0343e-04,  1.6568e-05, -9.4907e-04,  1.7334e-03,
         8.0498e-04, -9.3099e-04,  1.0280e-03,  8.2662e-04,  9.3210e-04,
         1.6051e-03, -9.2562e-04,  1.8578e-03, -1.5756e-03, -1.8385e-03,
         5.4899e-04,  1.0079e-03,  1.3957e-03,  5.4046e-04, -1.0309e-04,
         1.2879e-03,  1.3849e-03,  1.5608e-03,  2.2929e-04, -1.3472e-03,
        -2.5247e-04,  1.8178e-03, -1.0282e-03,  4.0081e-05, -8.8312e-04,
         1.8228e-03,  8.8293e-04, -1.2085e-03,  8.5184e-04, -4.4152e-04,
         1.7110e-03, -4.3796e-04,  7.7929e-04, -1.1663e-03, -9.5970e-04,
        -1.8926e-03, -1.6920e-03, -1.7321e-03, -3.2359e-04, -1.9034e-03,
         1.3701e-03,  1.0261e-03,  5.2088e-04, -1.1152e-03, -1.4960e-03,
        -6.8322e-05, -3.4908e-04,  7.7907e-05,  1.6577e-03,  3.1031e-05,
         3.5019e-04,  4.3179e-04,  7.5698e-04,  7.8281e-04, -9.8141e-04,
        -1.2957e-03, -9.3300e-04,  6.0953e-04, -1.6941e-04,  8.9801e-04,
         4.8621e-04, -2.1703e-04,  1.5226e-04,  5.4594e-04, -1.5017e-03,
        -9.7397e-04,  3.0407e-04, -6.1572e-04, -1.6710e-04,  1.7104e-03,
         1.6555e-03,  1.5538e-03,  1.6514e-03,  1.9374e-03,  1.7194e-03,
        -1.7450e-03, -1.2679e-03,  1.6041e-03,  1.0808e-03, -1.1865e-05,
         6.7459e-04, -1.0617e-03,  4.4330e-04, -1.5665e-03,  1.5612e-03,
        -1.5379e-03,  9.5292e-04,  3.2499e-05,  1.2498e-03,  1.9491e-03,
         1.4955e-03, -1.5236e-03,  1.2312e-03, -1.5068e-03,  1.5195e-03,
        -1.7561e-03, -8.3707e-05,  1.9667e-03,  1.2744e-03, -8.4933e-04,
         3.5979e-04, -4.7938e-04,  1.4468e-05,  1.0932e-04,  1.1571e-03,
         1.6934e-04,  5.5607e-04,  1.7631e-04, -1.2804e-03, -6.0896e-04,
         9.7809e-04])

Name: res_block_0.bn1.weight | Shape: [256]
Values:
tensor([0.3913, 0.3257, 0.2499, 0.4350, 0.2948, 0.2772, 0.2501, 0.3247, 0.3059,
        0.3196, 0.2897, 0.3334, 0.4939, 0.2635, 0.2785, 0.3706, 0.2185, 0.3170,
        0.3455, 0.3183, 0.2511, 0.3235, 0.3797, 0.3744, 0.3216, 0.3776, 0.3270,
        0.4702, 0.2389, 0.2578, 0.3492, 0.3104, 0.5213, 0.2775, 0.4184, 0.2844,
        0.3126, 0.3140, 0.2919, 0.2950, 0.2771, 0.3480, 0.3959, 0.4566, 0.2079,
        0.4076, 0.3293, 0.3166, 0.3886, 0.3486, 0.3223, 0.3320, 0.3076, 0.3190,
        0.3250, 0.2919, 0.2672, 0.4448, 0.3355, 0.4415, 0.4995, 0.3517, 0.3099,
        0.2511, 0.3012, 0.3216, 0.3571, 0.2739, 0.3066, 0.3909, 0.3494, 0.3106,
        0.2825, 0.2874, 0.3440, 0.3144, 0.4640, 0.3504, 0.3003, 0.5976, 0.3677,
        0.4106, 0.3276, 0.2788, 0.3131, 0.4034, 0.2845, 0.4263, 0.3077, 0.5109,
        0.3184, 0.2671, 0.3308, 0.2600, 0.2814, 0.3397, 0.3205, 0.3322, 0.3082,
        0.3729, 0.6271, 0.3764, 0.2448, 0.3757, 0.4460, 0.4144, 0.2785, 0.2882,
        0.4488, 0.3861, 0.3382, 0.4795, 0.2786, 0.3543, 0.3514, 0.3678, 0.3435,
        0.3146, 0.3829, 0.3428, 0.3629, 0.4035, 0.3472, 0.2744, 0.2250, 0.2632,
        0.4363, 0.3049, 0.3535, 0.3624, 0.3642, 0.2577, 0.3234, 0.2875, 0.3671,
        0.3172, 0.3112, 0.3393, 0.3664, 0.3453, 0.3243, 0.3526, 0.3404, 0.3393,
        0.2645, 0.3097, 0.3398, 0.3554, 0.3716, 0.6476, 0.3536, 0.2550, 0.3000,
        0.3368, 0.2691, 0.3296, 0.3524, 0.3253, 0.2988, 0.3286, 0.4681, 0.2751,
        0.3586, 0.2917, 0.3099, 0.3554, 0.3106, 0.2508, 0.2709, 0.2941, 0.3704,
        0.3700, 0.3757, 0.3350, 0.3374, 0.2637, 0.3189, 0.3281, 0.1721, 0.3261,
        0.4392, 0.2722, 0.3062, 0.5047, 0.3158, 0.2781, 0.4884, 0.3927, 0.4438,
        0.2751, 0.2979, 0.2219, 0.5077, 0.2904, 0.3530, 0.2886, 0.3475, 0.3402,
        0.2994, 0.3562, 0.4041, 0.3374, 0.5305, 0.3103, 0.2550, 0.3671, 0.2875,
        0.2938, 0.3365, 0.2461, 0.3123, 0.2768, 0.2876, 0.3467, 0.2692, 0.2639,
        0.2790, 0.2468, 0.4546, 0.2040, 0.2740, 0.3557, 0.3102, 0.3934, 0.2763,
        0.4284, 0.3215, 0.2894, 0.3997, 0.2608, 0.3846, 0.3030, 0.2757, 0.4137,
        0.4057, 0.2555, 0.4352, 0.3313, 0.2471, 0.3880, 0.3680, 0.4507, 0.2724,
        0.4099, 0.3114, 0.2522, 0.3811, 0.3883, 0.2510, 0.5176, 0.2995, 0.2834,
        0.3305, 0.3191, 0.2796, 0.3084])

Name: res_block_0.bn1.bias | Shape: [256]
Values:
tensor([-0.0625, -0.0794, -0.1825, -0.2238, -0.1039, -0.1251, -0.1491, -0.0380,
        -0.1934, -0.1688, -0.3516, -0.0053, -0.3691, -0.1367, -0.1440,  0.0021,
        -0.2315, -0.1851, -0.0933, -0.1662, -0.1739, -0.1460, -0.0932, -0.0332,
        -0.1316, -0.2718, -0.2855, -0.0875, -0.1285, -0.0562, -0.0659, -0.0967,
        -0.1856, -0.1996, -0.0939, -0.1839, -0.1449, -0.0750, -0.2039, -0.1625,
        -0.1087, -0.2423, -0.2359, -0.3730, -0.1284, -0.1156, -0.0958, -0.0414,
        -0.1267, -0.2029, -0.0920, -0.0661, -0.0747, -0.1581, -0.0571, -0.1385,
        -0.1110, -0.2670, -0.2085, -0.1242, -0.3577, -0.1225, -0.1788, -0.0519,
        -0.2151, -0.3780, -0.1054, -0.2007, -0.0790, -0.1108, -0.1914, -0.3317,
        -0.1337, -0.0892, -0.3013, -0.3048, -0.1268, -0.2521, -0.1113, -0.3726,
        -0.2998, -0.1619, -0.2137, -0.2155, -0.3601, -0.3919, -0.1567, -0.2779,
        -0.1376, -0.3883, -0.1710, -0.0975, -0.0277, -0.1852, -0.2189, -0.0765,
        -0.1996, -0.0736, -0.0365, -0.2083, -0.4177, -0.0739, -0.1299, -0.2716,
        -0.2061, -0.0957, -0.0455, -0.0782, -0.2365, -0.1934, -0.1914, -0.6814,
        -0.1963, -0.1270, -0.1839, -0.5915, -0.3018, -0.0450, -0.4078, -0.1657,
        -0.1145, -0.2228, -0.2471, -0.0954, -0.1832, -0.1415, -0.2401, -0.1475,
        -0.3093, -0.4750, -0.2511, -0.1390, -0.2542, -0.2309, -0.2056, -0.1701,
        -0.2997, -0.2300, -0.1384, -0.1130, -0.1365, -0.2078, -0.4139, -0.2606,
        -0.1069, -0.0658, -0.0593, -0.2595, -0.1758, -0.6217, -0.3414, -0.1436,
        -0.1968, -0.2245, -0.1521, -0.1318, -0.1848, -0.0965, -0.1556, -0.3447,
        -0.3933, -0.1152, -0.3536, -0.1461, -0.2163, -0.1990, -0.0900, -0.2166,
        -0.1260, -0.1920, -0.0860, -0.4996, -0.0134, -0.1435, -0.1046, -0.2987,
        -0.1808, -0.1242,  0.0113, -0.2018, -0.0926, -0.1061, -0.1961, -0.2071,
        -0.1115, -0.1566, -0.4277, -0.0404, -0.4186, -0.1425, -0.1600, -0.0955,
        -0.1793, -0.0486, -0.1975, -0.2536, -0.1656, -0.0795, -0.0931, -0.2494,
        -0.5675, -0.2555, -0.9442, -0.2177, -0.1795, -0.2502, -0.1225, -0.2334,
        -0.1374, -0.3173, -0.1700, -0.2413, -0.1914, -0.2275, -0.2662, -0.1789,
        -0.1436, -0.1928, -0.3198, -0.1064, -0.0293, -0.1742, -0.1542, -0.3094,
        -0.1706, -0.2700, -0.2348, -0.1869, -0.0952, -0.1569, -0.2284, -0.2288,
        -0.1158, -0.4621, -0.1899, -0.2125, -0.2561, -0.0928, -0.2279, -0.4782,
        -0.2937, -0.2016, -0.2762, -0.0827, -0.0786, -0.0971, -0.2625, -0.1043,
        -0.1698, -0.5687, -0.2371, -0.1052, -0.1583, -0.1899, -0.3004, -0.1164])

Name: res_block_0.conv2.weight | Shape: [256, 256, 3, 3]
Values:
tensor([[[[-1.7529e-02,  2.3636e-03,  3.2131e-03],
          [ 4.7955e-02,  1.1532e-02, -6.3523e-02],
          [-4.7395e-02,  4.3009e-03,  2.2727e-04]],

         [[ 6.8842e-02,  4.5803e-02,  8.8126e-03],
          [ 1.2239e-02, -3.3050e-02, -8.4330e-02],
          [-3.3823e-02, -2.4538e-02, -2.8511e-02]],

         [[-2.2329e-02, -5.4471e-02, -4.8703e-03],
          [ 5.7663e-03, -3.2682e-02, -7.7010e-02],
          [ 7.9533e-03,  2.4803e-02,  2.6256e-02]],

         ...,

         [[-3.8992e-03,  1.6525e-02,  7.2322e-02],
          [-5.5485e-02, -1.0288e-03, -5.9244e-02],
          [-2.9597e-02, -2.8770e-02, -7.5123e-02]],

         [[-4.1122e-02, -1.5955e-02, -4.4803e-04],
          [ 2.2270e-02, -2.6114e-02, -2.8844e-02],
          [-2.0003e-02,  1.8478e-03,  3.9252e-02]],

         [[ 3.4920e-03, -2.8967e-02,  3.1438e-02],
          [-2.2866e-02, -1.9552e-02, -7.5047e-02],
          [ 1.1016e-02, -4.9711e-04, -7.8852e-03]]],


        [[[-1.1815e-02,  1.2391e-02,  5.6193e-02],
          [-4.7193e-02,  1.0379e-01,  4.3544e-02],
          [-5.0626e-02, -1.4815e-02, -4.4135e-02]],

         [[-2.8694e-02, -5.8339e-02,  3.5391e-02],
          [ 7.1773e-02,  1.0964e-02,  2.7510e-03],
          [-3.5909e-02, -2.9399e-02,  2.8761e-02]],

         [[ 5.9312e-02, -5.3250e-03, -1.8734e-03],
          [ 6.9064e-02,  2.7378e-02,  6.7984e-03],
          [-5.7108e-02, -5.1594e-02, -1.2681e-02]],

         ...,

         [[-3.4259e-02, -4.9288e-02, -8.0536e-02],
          [ 9.8075e-03,  1.7734e-05, -2.3165e-02],
          [-8.8035e-02, -1.3163e-02, -1.6168e-02]],

         [[ 6.1588e-02,  4.3849e-02, -3.6895e-03],
          [ 4.1441e-02,  6.1006e-02,  1.0399e-02],
          [ 3.0476e-02,  3.4051e-02,  3.2168e-02]],

         [[-5.9111e-03, -2.7776e-02, -3.7155e-02],
          [-1.5673e-02, -3.0579e-02,  4.3519e-02],
          [ 1.4073e-02,  4.3140e-02,  5.4508e-02]]],


        [[[-4.4008e-02, -3.0194e-02,  7.9537e-03],
          [-1.0176e-01,  1.1491e-02,  3.5442e-02],
          [ 5.4011e-02,  7.6006e-02, -1.9741e-02]],

         [[ 3.9423e-02,  5.4549e-02, -2.6706e-02],
          [-2.1329e-02, -8.2279e-02, -2.4388e-02],
          [-1.3339e-03,  5.7387e-03, -2.2165e-02]],

         [[ 3.2451e-02, -6.7774e-02, -7.0533e-02],
          [ 5.0633e-03, -2.2321e-02,  5.2322e-02],
          [-6.3325e-02, -3.4135e-02,  1.6002e-02]],

         ...,

         [[ 4.0005e-02,  9.8584e-02,  3.3898e-02],
          [-5.0409e-02, -6.4312e-02, -4.8022e-02],
          [-3.3634e-02,  9.8969e-03, -5.1134e-02]],

         [[ 1.3033e-02,  3.1668e-02,  1.2776e-02],
          [ 1.9199e-02,  4.8181e-03, -8.0475e-03],
          [-3.6895e-02, -3.3371e-02, -1.8258e-02]],

         [[ 4.5527e-02,  1.3908e-02, -5.2009e-02],
          [-7.4558e-02,  2.0675e-02, -8.3097e-03],
          [ 1.0069e-02,  2.7640e-02, -1.2453e-03]]],


        ...,


        [[[ 1.2459e-03,  3.5014e-02, -2.1264e-02],
          [ 3.4446e-02,  6.0049e-03, -4.1916e-02],
          [ 3.7906e-03, -5.5140e-03, -1.0657e-02]],

         [[ 4.0037e-02,  3.1977e-03,  5.9765e-03],
          [ 3.9403e-03,  2.4356e-02,  3.7873e-04],
          [ 3.6929e-02,  1.2745e-02, -5.7562e-02]],

         [[-3.9268e-02, -6.9315e-02, -5.3913e-02],
          [ 6.4209e-03, -3.1851e-02, -2.1619e-02],
          [-5.4467e-02, -1.9126e-02, -1.6924e-02]],

         ...,

         [[ 4.0307e-02,  4.6792e-02, -1.7483e-02],
          [-9.8758e-03,  2.0984e-03,  1.8351e-02],
          [-2.9706e-03, -3.1255e-02, -4.9150e-02]],

         [[-4.7067e-02,  3.2726e-02, -7.4299e-02],
          [ 7.5525e-03,  5.2228e-02,  3.8372e-02],
          [-6.1987e-03, -2.2950e-02,  1.3884e-02]],

         [[ 1.3798e-02,  4.8118e-02, -1.3961e-02],
          [-1.7802e-02,  3.6422e-02,  9.8178e-03],
          [ 3.9835e-02, -3.2587e-02,  3.2705e-02]]],


        [[[-3.8994e-03, -2.4290e-02,  3.7795e-02],
          [-4.4653e-02,  3.5748e-02,  6.4668e-03],
          [ 4.4774e-02,  4.9651e-02, -1.0370e-02]],

         [[-2.5168e-03, -8.1752e-02,  5.4778e-02],
          [-1.0002e-03, -1.8341e-02, -3.5010e-02],
          [ 3.8419e-02,  1.9328e-02, -2.8645e-02]],

         [[-5.8353e-02, -6.6905e-02, -6.7695e-02],
          [-1.7144e-02, -1.6230e-03, -9.2981e-03],
          [-3.4405e-02, -1.6002e-02, -3.0244e-02]],

         ...,

         [[-1.6926e-02,  1.0210e-02,  3.3762e-02],
          [-1.7062e-02, -1.7624e-03, -2.8289e-02],
          [-2.4977e-02,  1.4861e-02,  2.0249e-03]],

         [[ 5.0139e-03,  1.1880e-02, -1.8210e-02],
          [ 7.3202e-02,  2.1831e-02, -1.4301e-02],
          [-3.3878e-02, -2.2917e-02, -1.3028e-02]],

         [[ 3.1133e-03, -1.2326e-02, -2.0718e-02],
          [ 5.9327e-02,  2.1533e-02, -1.3926e-02],
          [ 6.5683e-03,  3.5146e-02, -3.6848e-02]]],


        [[[ 3.0655e-02, -1.9811e-02, -2.9292e-03],
          [ 2.0494e-03, -4.3692e-03,  2.6178e-02],
          [-2.7774e-02, -2.9170e-02,  5.9055e-02]],

         [[-3.1167e-02,  8.6095e-03, -5.6914e-02],
          [-2.6348e-02,  1.6877e-02, -7.5329e-02],
          [-4.4407e-02, -1.9892e-02,  9.6440e-03]],

         [[-9.8970e-04,  1.6382e-02, -2.9173e-02],
          [ 2.4220e-02, -6.2912e-03, -3.1413e-02],
          [-7.7349e-02, -8.0153e-02,  9.8051e-03]],

         ...,

         [[ 6.8095e-03,  3.2742e-02, -1.0057e-01],
          [-4.0610e-02,  2.1292e-02,  2.7518e-02],
          [-4.1102e-02,  1.1773e-02, -8.2453e-03]],

         [[-5.1490e-02, -2.8801e-03,  4.7381e-03],
          [ 2.6189e-02,  1.6320e-02,  3.1235e-02],
          [ 6.3004e-03, -9.4134e-03, -9.0927e-03]],

         [[-1.0797e-02, -6.6509e-03, -2.2300e-02],
          [ 3.7737e-02,  2.5050e-02, -1.8702e-03],
          [ 2.7333e-02,  5.0453e-02, -2.1414e-02]]]])

Name: res_block_0.conv2.bias | Shape: [256]
Values:
tensor([ 1.8749e-03,  1.2620e-04,  3.0190e-04, -1.2350e-03,  1.4993e-03,
        -1.2788e-03,  1.2579e-04,  1.4043e-03, -1.7511e-03,  1.8569e-04,
         9.3326e-04,  5.2084e-04, -1.6945e-03, -1.6680e-04,  1.4461e-04,
        -3.2649e-04,  1.6997e-03,  1.5621e-03, -1.2344e-03, -1.3518e-03,
        -1.0738e-03, -5.0582e-04,  6.0315e-04,  7.3023e-04, -1.9307e-03,
         1.9051e-03,  2.1931e-04, -1.2476e-04,  2.1748e-04,  1.0217e-03,
        -3.8849e-04, -9.4652e-04,  1.4751e-03,  7.6083e-04,  1.7533e-03,
         7.2885e-05, -7.7079e-04, -1.7591e-03, -8.8462e-04, -7.2523e-04,
         9.5931e-04, -1.4203e-03, -8.7798e-04,  8.4390e-04, -3.4800e-04,
        -2.7649e-05,  9.7264e-06, -2.6661e-05,  2.3313e-04,  1.8689e-03,
        -1.9066e-03, -6.1542e-04,  5.5835e-04, -1.8162e-03, -3.7493e-04,
        -1.4014e-03,  1.4799e-03, -4.9677e-04, -1.1551e-03,  3.2463e-04,
         4.6285e-04, -1.6821e-03, -1.8328e-03,  1.1101e-03, -7.0539e-04,
         1.1548e-03,  1.1259e-03,  1.4703e-03,  6.4025e-04,  1.3164e-03,
         7.0651e-04, -5.8162e-04, -1.7891e-03,  1.3485e-03,  9.2833e-04,
        -9.2244e-04,  1.3636e-03, -5.1092e-04, -1.6346e-03, -4.2024e-04,
        -9.1812e-05,  6.4973e-04, -7.6229e-04, -1.1967e-03,  1.0767e-03,
        -8.1882e-04,  1.5326e-03, -2.8149e-04,  1.6940e-03, -4.9776e-04,
         1.5832e-03, -1.0074e-03, -1.0673e-03,  9.3786e-04, -3.5609e-05,
        -2.0679e-04,  1.0340e-03, -9.1482e-04,  5.5402e-04, -8.9065e-04,
         1.9507e-03, -1.3212e-03, -1.8675e-03,  6.4569e-04, -7.5202e-04,
        -1.0130e-03,  1.0277e-03,  4.0236e-04,  1.3606e-03, -1.2729e-04,
         1.3781e-04,  1.8200e-04, -8.1712e-04,  1.8119e-03, -1.0092e-03,
         2.4231e-04,  2.9006e-04, -1.4521e-03, -1.5365e-05, -3.1906e-04,
        -5.7624e-04, -1.0534e-04, -1.0029e-03, -1.6167e-03, -4.5124e-04,
        -5.1482e-04,  2.7512e-04, -1.1908e-03, -1.1992e-03, -1.2080e-03,
         5.0913e-04, -1.7654e-04, -8.8884e-04, -1.2466e-03, -1.7858e-03,
         4.0692e-04,  1.2755e-03, -1.6890e-03, -3.7321e-04, -7.8318e-04,
         1.5450e-03, -1.6065e-03, -1.4323e-03, -1.2213e-03, -9.0455e-05,
        -6.2559e-04,  1.9222e-03, -4.4380e-04, -4.0792e-04,  8.7894e-04,
         1.0959e-03, -5.2626e-04,  1.2995e-03,  1.6671e-03, -1.0598e-03,
         7.4340e-04, -1.8867e-05,  2.3461e-04,  6.4700e-04,  5.9733e-04,
         1.6309e-03, -1.4325e-03,  1.4488e-03,  6.0100e-04,  1.5421e-03,
        -3.3130e-04,  6.8638e-04,  5.3322e-04,  1.2847e-03, -1.4149e-03,
         3.4357e-04, -4.6035e-04,  1.3517e-03, -1.2462e-03,  1.3809e-03,
         3.9605e-04, -1.5836e-03,  3.1222e-04, -1.3071e-03, -9.6055e-04,
        -1.9441e-03, -5.7028e-04, -2.9501e-04, -2.5612e-04,  1.9034e-03,
        -7.9482e-04, -1.4592e-04,  9.5330e-04, -2.7178e-04, -1.3387e-03,
         1.3521e-03,  1.0552e-03, -7.3001e-04, -5.9938e-04,  1.5521e-04,
        -1.8000e-04,  1.0571e-03,  2.6447e-04,  1.3651e-03,  4.1100e-04,
        -1.4111e-03,  1.5614e-03,  1.0782e-03, -1.9165e-03,  2.3516e-04,
         3.5089e-04, -2.8891e-04,  8.2593e-04, -1.3534e-03,  1.0345e-03,
        -1.0014e-03,  7.1402e-04, -1.1183e-03, -1.6612e-04,  3.9788e-04,
        -1.9448e-04,  2.9706e-04, -8.7662e-04, -3.2096e-04,  4.9216e-04,
         1.2807e-03,  1.2150e-03, -6.0746e-04, -1.6887e-03, -1.0602e-03,
         4.7026e-04, -1.2516e-03,  2.0175e-04, -6.2368e-04,  8.8232e-04,
         1.7356e-03,  4.7028e-04, -1.2469e-03,  2.9318e-04,  9.5469e-04,
         1.3634e-03,  1.1995e-03,  1.0562e-03, -7.9923e-04,  1.9416e-03,
         1.4821e-04, -7.6732e-04,  1.3062e-03, -1.1568e-03,  1.1789e-03,
        -3.1409e-04,  1.2635e-03, -6.4136e-04, -1.8955e-03,  1.5233e-03,
         1.2212e-03,  2.5750e-04,  6.6786e-04,  6.5348e-04,  1.5839e-03,
        -1.0202e-03])

Name: res_block_0.bn2.weight | Shape: [256]
Values:
tensor([0.2813, 0.3832, 0.3104, 0.3134, 0.3187, 0.2846, 0.3410, 0.3097, 0.2639,
        0.2851, 0.2968, 0.2804, 0.2652, 0.3676, 0.4669, 0.3237, 0.2740, 0.3362,
        0.3620, 0.2698, 0.3062, 0.3039, 0.3057, 0.3458, 0.2296, 0.3050, 0.2782,
        0.2860, 0.3596, 0.2271, 0.2734, 0.2923, 0.3470, 0.3049, 0.3925, 0.2989,
        0.2974, 0.3205, 0.3681, 0.2955, 0.4073, 0.3101, 0.4525, 0.2915, 0.2988,
        0.3643, 0.3164, 0.3223, 0.3036, 0.3091, 0.4432, 0.3528, 0.3097, 0.3255,
        0.3228, 0.3344, 0.2646, 0.3348, 0.3001, 0.2116, 0.3140, 0.2067, 0.2511,
        0.2793, 0.4677, 0.2847, 0.2820, 0.3069, 0.3381, 0.3192, 0.3136, 0.3511,
        0.3244, 0.3192, 0.3064, 0.3654, 0.3211, 0.3367, 0.3474, 0.2601, 0.3057,
        0.2700, 0.3567, 0.2618, 0.3690, 0.5369, 0.3602, 0.3372, 0.3113, 0.3094,
        0.2701, 0.3492, 0.3332, 0.4074, 0.2142, 0.2853, 0.2813, 0.3145, 0.3787,
        0.2925, 0.2488, 0.3833, 0.4306, 0.2618, 0.3365, 0.3326, 0.2996, 0.2751,
        0.3494, 0.2704, 0.3127, 0.3100, 0.3391, 0.3954, 0.1943, 0.2712, 0.2634,
        0.3278, 0.2700, 0.3436, 0.2795, 0.3037, 0.2877, 0.2859, 0.3184, 0.2227,
        0.3575, 0.3168, 0.4457, 0.2543, 0.2602, 0.2394, 0.2807, 0.3625, 0.3867,
        0.4091, 0.6548, 0.3160, 0.3778, 0.3071, 0.2728, 0.4099, 0.4318, 0.2875,
        0.3574, 0.3183, 0.2674, 0.3062, 0.3743, 0.3270, 0.2430, 0.3175, 0.2877,
        0.2662, 0.3936, 0.3795, 0.3766, 0.2976, 0.3569, 0.4647, 0.2649, 0.3704,
        0.1855, 0.2754, 0.3163, 0.3482, 0.3349, 0.0771, 0.2521, 0.2466, 0.3612,
        0.3128, 0.3660, 0.3405, 0.3450, 0.0289, 0.2893, 0.3435, 0.2236, 0.3284,
        0.3424, 0.3141, 0.3341, 0.3247, 0.4072, 0.2842, 0.2614, 0.3919, 0.4024,
        0.3783, 0.2770, 0.4406, 0.3505, 0.2483, 0.2668, 0.2852, 0.3170, 0.4042,
        0.3399, 0.3032, 0.3317, 0.2952, 0.3306, 0.2992, 0.2789, 0.3324, 0.3946,
        0.3465, 0.3302, 0.3959, 0.3760, 0.0763, 0.4431, 0.2985, 0.3440, 0.3506,
        0.4096, 0.3198, 0.3381, 0.2266, 0.3512, 0.3977, 0.1326, 0.3808, 0.2471,
        0.4523, 0.4251, 0.3078, 0.2893, 0.2992, 0.2433, 0.3088, 0.3389, 0.3292,
        0.3787, 0.3159, 0.3239, 0.2539, 0.2562, 0.5311, 0.2891, 0.3264, 0.3389,
        0.3334, 0.3264, 0.3226, 0.2536, 0.3016, 0.2590, 0.3447, 0.3311, 0.2857,
        0.3016, 0.2907, 0.3204, 0.3606])

Name: res_block_0.bn2.bias | Shape: [256]
Values:
tensor([-1.1468e-01, -2.5946e-02, -1.5524e-01, -6.1258e-02, -1.9024e-01,
        -2.9268e-01, -2.1337e-01, -2.9065e-01, -4.1099e-02, -1.5561e-01,
        -8.3767e-02, -1.0349e-01, -2.0270e-01, -5.4255e-02, -2.4436e-01,
        -1.6571e-01, -7.5608e-02, -1.6868e-01, -2.6347e-01, -2.1876e-01,
        -7.0460e-02, -2.0839e-01, -2.9822e-01, -1.4742e-01, -1.0315e-01,
        -1.6367e-01, -2.4529e-01, -1.6274e-01, -1.0543e-01, -1.4146e-01,
        -8.8324e-02, -1.6066e-01, -1.4065e-01, -2.0637e-02,  3.6513e-02,
        -7.8039e-02, -1.5571e-01, -1.8157e-01, -6.7893e-02, -1.1508e-01,
        -2.6522e-01, -1.6272e-01, -4.3416e-01, -6.4103e-02, -2.4242e-01,
         9.0781e-03, -2.4035e-01, -2.6125e-01, -1.8319e-01, -1.6767e-01,
        -3.0907e-01, -5.8696e-02, -3.1936e-01,  5.8012e-03, -1.9800e-01,
        -1.3581e-01, -6.5234e-02, -2.4034e-01, -2.4133e-04, -1.6466e-01,
        -1.1269e-01, -1.3178e-01, -9.5523e-02, -6.0114e-02, -5.1783e-01,
        -1.2389e-01, -1.9856e-01, -1.4148e-01, -2.9385e-01, -6.7131e-02,
        -1.8232e-01, -1.6204e-01, -1.5280e-01, -1.9781e-01, -2.4128e-01,
        -4.4083e-02, -2.0881e-01, -2.0630e-01, -1.7641e-01, -1.4252e-01,
        -1.8508e-01, -1.5441e-01, -8.0802e-02, -5.7709e-02, -3.3557e-01,
        -4.7865e-01, -1.1967e-02, -1.7119e-01, -5.1043e-02, -1.0742e-01,
        -1.3074e-01, -1.2821e-01, -2.0444e-01, -1.5693e-01, -1.2097e-01,
        -3.3228e-02, -1.8849e-01, -1.7194e-01, -3.0997e-01, -1.4852e-01,
        -1.4721e-01, -3.3484e-01, -1.7532e-01, -1.0200e-01, -1.0034e-02,
        -7.7682e-02, -4.2131e-02, -2.0928e-01,  4.1735e-04, -1.6638e-01,
        -2.0083e-01, -1.6870e-01, -2.6053e-01, -3.2107e-01,  1.3010e-01,
        -2.4057e-01, -2.2601e-01, -2.4516e-02, -2.1041e-01, -1.4592e-01,
        -1.1987e-01, -2.1219e-01, -1.6450e-01, -2.0291e-01, -1.8485e-01,
        -4.3455e-02, -1.9618e-01, -1.0018e-01, -3.9479e-01, -7.4814e-02,
        -1.2887e-01, -1.1968e-01, -1.4170e-01, -1.7729e-01, -2.9593e-01,
        -3.0933e-01, -5.9350e-01, -1.5599e-01, -2.7706e-01, -2.3275e-01,
        -1.4534e-01, -8.6351e-02, -2.4713e-02, -1.4446e-01, -6.6795e-02,
         2.5209e-02, -1.6323e-01, -2.6990e-01, -3.4422e-01, -1.6491e-01,
        -1.2603e-01, -1.6072e-01, -1.7762e-01, -5.5852e-02, -2.4844e-01,
        -2.0678e-01, -5.1613e-02, -2.3191e-01, -2.7121e-01, -5.1580e-01,
        -6.9951e-02, -2.0656e-01,  1.4727e-02, -1.2963e-01, -1.9444e-01,
        -4.5040e-02, -2.3063e-01, -4.1819e-02, -6.4483e-02, -2.1377e-01,
        -1.7662e-01, -1.0882e-01, -2.4717e-01, -2.6964e-01, -1.3911e-01,
        -1.5710e-02, -2.5636e-01,  4.5360e-02, -8.4464e-02, -2.4085e-01,
        -2.2743e-01, -2.0875e-01, -1.6965e-01, -3.0361e-01, -2.6209e-01,
        -2.0173e-01, -2.3265e-01, -3.2939e-01, -1.8314e-01, -3.0930e-01,
        -1.2223e-01, -3.9766e-01, -1.9415e-01, -1.5425e-01, -2.4142e-01,
        -1.6751e-01, -1.0407e-01, -4.2093e-01, -1.5298e-01, -1.5950e-01,
        -3.6566e-02, -2.3830e-01, -9.0388e-03, -1.8531e-01, -1.1716e-01,
        -1.7413e-01, -2.7220e-01, -3.8836e-02, -6.0973e-02, -2.4970e-01,
        -1.9390e-01,  5.5175e-03, -2.9060e-01, -4.7165e-02, -6.8309e-02,
        -1.4173e-01, -2.4239e-01, -2.3104e-02, -2.4030e-01, -1.4951e-01,
         7.8558e-03, -1.3166e-01,  3.4697e-03, -2.6998e-01, -2.3820e-02,
        -3.9206e-01, -2.3067e-01, -2.3541e-01, -1.2397e-01, -1.1806e-01,
        -6.9833e-02, -1.9056e-01, -9.3927e-02, -2.9731e-01, -2.2794e-01,
        -1.8326e-01, -2.4016e-01, -1.1012e-01, -7.8054e-02, -4.6911e-01,
        -5.1017e-03, -1.8931e-01, -1.7320e-01, -9.2877e-02, -1.6434e-01,
         1.9024e-02, -1.9847e-01, -1.4229e-01, -1.7548e-01,  1.2299e-02,
        -1.7672e-01, -1.3660e-01, -1.4539e-01,  4.1161e-02, -1.8077e-01,
        -2.0413e-01])

Name: res_block_1.conv1.weight | Shape: [256, 256, 3, 3]
Values:
tensor([[[[-0.0120, -0.0020, -0.0308],
          [ 0.0029, -0.0291, -0.0331],
          [ 0.0131, -0.0175, -0.0266]],

         [[-0.0124, -0.0274, -0.0038],
          [-0.0018, -0.0095,  0.0131],
          [ 0.0120, -0.0022,  0.0369]],

         [[-0.0147, -0.0107,  0.0538],
          [ 0.0125, -0.0104,  0.0104],
          [-0.0567, -0.0262,  0.0246]],

         ...,

         [[ 0.0135,  0.0096, -0.0460],
          [-0.0296,  0.0047,  0.0384],
          [ 0.0154, -0.0022, -0.0295]],

         [[-0.0149, -0.0200, -0.0192],
          [-0.0006,  0.0117, -0.0145],
          [-0.0431,  0.0069, -0.0085]],

         [[ 0.0327,  0.0158, -0.0463],
          [ 0.0136, -0.0001, -0.0280],
          [ 0.0344, -0.0158,  0.0553]]],


        [[[-0.0039,  0.0375, -0.0128],
          [-0.0027, -0.0017,  0.0419],
          [-0.0293,  0.0132, -0.0035]],

         [[ 0.0074, -0.0105, -0.0704],
          [ 0.0014,  0.0169, -0.0343],
          [-0.0031,  0.0263, -0.0336]],

         [[-0.0347,  0.0179, -0.0091],
          [-0.0086,  0.0500, -0.0206],
          [ 0.0113,  0.0053,  0.0186]],

         ...,

         [[-0.0086, -0.0150, -0.0578],
          [-0.0811, -0.0274,  0.0199],
          [ 0.0335,  0.0269,  0.0364]],

         [[ 0.0232,  0.0039, -0.0638],
          [ 0.0058,  0.0292, -0.0121],
          [ 0.0130,  0.0549,  0.0140]],

         [[-0.0082, -0.0040, -0.0284],
          [ 0.0011,  0.0151, -0.0043],
          [-0.0377, -0.0162, -0.1053]]],


        [[[ 0.0034,  0.0225, -0.0014],
          [ 0.0481,  0.0326,  0.0551],
          [-0.0220,  0.0337, -0.0190]],

         [[-0.0552, -0.0524, -0.0170],
          [-0.0303, -0.0224,  0.0250],
          [ 0.0138, -0.0614, -0.0272]],

         [[-0.0217, -0.0087, -0.0466],
          [ 0.0044, -0.0516, -0.0582],
          [ 0.0293, -0.0147, -0.0107]],

         ...,

         [[ 0.0120,  0.0757,  0.0520],
          [-0.0638, -0.0460,  0.0436],
          [-0.0407, -0.0113, -0.0261]],

         [[-0.0056, -0.0331,  0.0013],
          [ 0.0238,  0.0008,  0.0454],
          [-0.0372, -0.0324,  0.0148]],

         [[-0.0196, -0.0234, -0.0270],
          [ 0.0044, -0.0008, -0.0536],
          [-0.0058,  0.0156, -0.0423]]],


        ...,


        [[[-0.0101, -0.0396, -0.0164],
          [-0.0376,  0.0502, -0.0218],
          [ 0.0533, -0.0379, -0.0335]],

         [[-0.0258, -0.0297, -0.0049],
          [-0.0402, -0.0291, -0.0643],
          [-0.0495, -0.0567, -0.0104]],

         [[-0.0624, -0.0206,  0.0462],
          [-0.0476, -0.0337, -0.0262],
          [-0.0444,  0.0016,  0.0362]],

         ...,

         [[-0.0216, -0.0526,  0.0556],
          [-0.0153, -0.0392,  0.0093],
          [ 0.0578, -0.0721, -0.0210]],

         [[ 0.0354, -0.0192,  0.0158],
          [ 0.0047, -0.0641,  0.0162],
          [-0.0200, -0.0287,  0.0044]],

         [[ 0.0413, -0.0267,  0.0351],
          [-0.0364, -0.0300, -0.0052],
          [ 0.0087,  0.0454,  0.0586]]],


        [[[-0.0319, -0.0177, -0.0126],
          [-0.0016,  0.0177, -0.0364],
          [-0.0289, -0.0325, -0.0143]],

         [[-0.0248, -0.0129, -0.0802],
          [-0.0053, -0.0344, -0.0435],
          [-0.0447, -0.0424,  0.0090]],

         [[-0.0253,  0.0136, -0.0141],
          [ 0.0362, -0.0292, -0.0284],
          [ 0.0471, -0.0172,  0.0268]],

         ...,

         [[ 0.0442, -0.0323, -0.0176],
          [ 0.0265, -0.0116, -0.0488],
          [ 0.0197,  0.0151,  0.0665]],

         [[ 0.0592, -0.0276, -0.0201],
          [ 0.0008,  0.0043, -0.0258],
          [ 0.0125,  0.0090, -0.0360]],

         [[ 0.0470,  0.0011, -0.0452],
          [-0.0101,  0.0332, -0.0113],
          [-0.0130,  0.0655,  0.0379]]],


        [[[-0.0008,  0.0341, -0.0038],
          [ 0.0160, -0.0090,  0.0264],
          [-0.0027, -0.0261, -0.0411]],

         [[ 0.0479,  0.0049,  0.0276],
          [ 0.0731, -0.0190,  0.0431],
          [ 0.0090,  0.0022,  0.0101]],

         [[-0.0086, -0.0312,  0.0206],
          [ 0.0447,  0.0480, -0.0335],
          [-0.0608, -0.0096, -0.0140]],

         ...,

         [[-0.0181,  0.0135,  0.0092],
          [ 0.0369, -0.0320, -0.0135],
          [-0.0313, -0.0275, -0.0525]],

         [[-0.0044, -0.0313, -0.0366],
          [-0.0146,  0.0671, -0.0147],
          [ 0.0028, -0.0125,  0.0065]],

         [[ 0.0079,  0.0029,  0.0104],
          [ 0.0083, -0.0065, -0.0267],
          [ 0.0585, -0.0354, -0.0283]]]])

Name: res_block_1.conv1.bias | Shape: [256]
Values:
tensor([ 8.5988e-04,  9.3300e-06, -1.0785e-03,  1.6498e-04,  8.0867e-04,
         8.8605e-04,  1.3803e-03, -5.5156e-04,  6.6817e-04, -1.8672e-03,
         1.4318e-03,  1.3002e-03, -1.8069e-03, -1.7927e-03,  1.4391e-03,
         1.7857e-03,  1.8228e-03, -1.7848e-03, -2.2395e-04, -1.8649e-03,
        -4.8354e-04,  1.1268e-04,  4.6429e-04, -1.4936e-03, -7.6852e-04,
         4.0364e-04,  1.8443e-03,  1.6308e-03,  9.1919e-05, -1.3113e-03,
        -6.4303e-04,  6.3941e-04,  1.6195e-03, -3.7518e-04, -1.1798e-04,
         3.6823e-04, -1.4363e-03,  1.0527e-03, -1.3938e-03,  5.1900e-04,
        -1.1279e-03,  1.4129e-03,  7.3276e-04, -1.0465e-03, -2.1243e-04,
        -1.0475e-03, -7.0738e-04,  1.0111e-03, -2.2101e-04, -1.5150e-03,
         1.2083e-03, -9.3590e-04, -1.1952e-03, -8.9189e-04,  2.6164e-04,
         4.4741e-04, -1.4153e-03,  8.1502e-04, -1.2869e-03, -2.8282e-04,
        -1.6447e-03, -7.9854e-04,  3.5907e-04, -9.8464e-04,  1.8492e-03,
         1.0391e-04, -4.5118e-04,  1.5786e-03, -1.9152e-03, -1.0275e-03,
        -6.1903e-04, -1.7003e-03,  1.8444e-03, -1.4165e-03, -6.4943e-04,
         1.7732e-03,  1.8930e-03, -1.6427e-03, -6.9423e-04, -5.1733e-04,
        -3.6679e-04,  1.7346e-03,  9.4539e-04,  7.2640e-04, -1.1538e-03,
        -7.9696e-04, -1.4689e-03,  1.8775e-03,  1.5030e-03, -1.9048e-03,
         3.9025e-04,  9.0059e-04, -1.7036e-03,  2.8135e-04, -8.5551e-04,
         1.3019e-03, -1.2478e-03,  3.5156e-04,  1.3128e-03,  1.5125e-03,
         3.8859e-04,  4.3822e-04, -8.7927e-04,  1.9738e-03, -8.1384e-04,
        -4.2909e-04,  5.9490e-04,  1.2688e-03,  1.2290e-03,  3.4421e-04,
         2.2289e-05, -6.5994e-04,  1.3474e-03, -1.6427e-03,  8.4084e-04,
        -1.8502e-03,  3.3593e-04, -9.0505e-05,  8.7652e-04,  5.5845e-04,
         9.3798e-04, -4.2193e-04,  3.2520e-04,  7.5416e-04,  1.4788e-03,
         1.1663e-03, -3.6514e-04, -8.2367e-04,  3.9700e-04, -6.2789e-04,
         6.3308e-05,  1.7767e-03, -1.8973e-03,  2.7230e-04, -3.3903e-04,
        -4.3444e-04,  1.2915e-03, -1.0726e-03, -1.8423e-04, -7.6733e-04,
         7.1948e-04,  1.7164e-03,  1.8991e-03, -1.8659e-06,  1.3992e-03,
        -8.2237e-04,  1.0603e-03,  1.1027e-04, -4.2277e-04,  5.5014e-04,
         9.5931e-04, -5.2749e-05, -1.7628e-03,  1.1096e-04, -9.6836e-04,
        -1.7674e-03,  8.2384e-04,  1.8483e-03,  1.6815e-04,  5.8285e-04,
         3.1412e-05, -1.1986e-03,  1.3688e-03, -2.4282e-04,  1.8197e-03,
         6.5824e-04, -6.5599e-04, -1.7639e-03, -1.6810e-03, -1.6764e-03,
        -3.9014e-04,  1.3495e-03,  8.5960e-04, -1.7305e-03, -3.0010e-04,
         1.8408e-03,  3.6737e-04,  1.9704e-03,  1.1626e-03, -3.3284e-04,
        -1.0098e-03, -3.2102e-04, -1.9402e-03, -8.2019e-04, -1.0557e-04,
         2.1166e-04, -8.6855e-05,  1.3053e-03,  1.2125e-04, -3.1144e-04,
         4.3513e-04, -5.2825e-06, -1.9123e-03, -2.7171e-04, -1.4879e-03,
        -1.8414e-03,  1.6092e-03, -8.0564e-04, -9.3340e-04,  3.5290e-04,
        -1.4105e-03, -1.8161e-03, -4.8411e-04, -1.6313e-03, -1.2739e-03,
         1.6191e-03, -5.6747e-04,  9.2598e-04,  9.4699e-04,  4.9536e-04,
         3.4715e-04, -1.3355e-03,  1.2318e-03, -8.4043e-05, -1.8670e-03,
         9.6468e-04, -1.3429e-03,  1.9708e-03, -6.8393e-04,  1.5317e-03,
         1.2735e-03, -3.3792e-04, -7.1014e-04, -5.6273e-04, -1.8335e-03,
        -3.0795e-05, -1.1797e-04,  1.4292e-03, -7.5956e-04, -1.7427e-03,
        -1.5488e-03, -4.1457e-05, -9.7867e-05, -5.7961e-04, -9.7173e-05,
         1.7758e-03,  1.4878e-03,  1.1714e-04, -1.9424e-03, -1.0228e-03,
         9.9104e-04,  1.2073e-03, -1.1880e-03, -1.5794e-03,  8.3767e-04,
         7.5219e-04, -1.1656e-04,  8.8111e-04,  1.2109e-03, -1.5940e-03,
        -1.2136e-03, -1.7210e-03, -6.9349e-04,  5.2495e-04,  7.7167e-04,
        -1.0202e-03])

Name: res_block_1.bn1.weight | Shape: [256]
Values:
tensor([0.2032, 0.2836, 0.2734, 0.2810, 0.3685, 0.2639, 0.3028, 0.2836, 0.4663,
        0.3359, 0.3224, 0.2904, 0.3628, 0.2239, 0.3625, 0.3567, 0.2855, 0.3569,
        0.4034, 0.3500, 0.2770, 0.3344, 0.2717, 0.2342, 0.2403, 0.3430, 0.3784,
        0.3097, 0.3037, 0.2590, 0.3404, 0.3336, 0.3172, 0.3390, 0.2605, 0.2981,
        0.3681, 0.3274, 0.3381, 0.3055, 0.3318, 0.3960, 0.3632, 0.2609, 0.3172,
        0.3158, 0.3477, 0.3159, 0.3167, 0.3257, 0.3167, 0.3219, 0.3034, 0.2404,
        0.3032, 0.3379, 0.3139, 0.3855, 0.3233, 0.2805, 0.3264, 0.2532, 0.3714,
        0.2975, 0.2490, 0.3261, 0.3562, 0.2854, 0.3064, 0.3421, 0.2635, 0.2722,
        0.3125, 0.2354, 0.3878, 0.3732, 0.2749, 0.3699, 0.3352, 0.2731, 0.2955,
        0.3143, 0.3279, 0.3137, 0.1916, 0.2707, 0.2839, 0.3275, 0.2655, 0.3374,
        0.3065, 0.2699, 0.2808, 0.3131, 0.3408, 0.3246, 0.2741, 0.3279, 0.2965,
        0.3614, 0.1852, 0.3063, 0.3426, 0.2770, 0.2795, 0.3808, 0.3802, 0.3134,
        0.3611, 0.2802, 0.3653, 0.3595, 0.4079, 0.3614, 0.2881, 0.2509, 0.3334,
        0.3756, 0.2796, 0.2888, 0.3845, 0.2467, 0.2707, 0.3043, 0.2463, 0.3625,
        0.2536, 0.2456, 0.3624, 0.3597, 0.3349, 0.2999, 0.2796, 0.2917, 0.2451,
        0.3507, 0.3523, 0.3985, 0.2530, 0.2778, 0.3178, 0.3220, 0.3609, 0.3188,
        0.3057, 0.3010, 0.2823, 0.3688, 0.4524, 0.2997, 0.2877, 0.3064, 0.2487,
        0.2651, 0.2991, 0.2969, 0.3690, 0.3427, 0.2846, 0.3309, 0.3898, 0.3230,
        0.3407, 0.3530, 0.2876, 0.3195, 0.2917, 0.2958, 0.3186, 0.3346, 0.2130,
        0.4309, 0.4108, 0.3321, 0.3194, 0.3381, 0.2906, 0.3091, 0.2529, 0.2947,
        0.3031, 0.2673, 0.3075, 0.3031, 0.4012, 0.3120, 0.3742, 0.2557, 0.2890,
        0.3832, 0.4261, 0.2973, 0.3998, 0.4076, 0.3299, 0.2969, 0.2962, 0.2931,
        0.3144, 0.2654, 0.2622, 0.3599, 0.2794, 0.3947, 0.3542, 0.2968, 0.2718,
        0.2263, 0.3278, 0.2579, 0.2954, 0.2832, 0.2934, 0.3067, 0.3842, 0.3232,
        0.2729, 0.2889, 0.2994, 0.3744, 0.4467, 0.3391, 0.2376, 0.2788, 0.3221,
        0.2877, 0.2694, 0.3059, 0.3010, 0.2749, 0.3124, 0.3898, 0.3160, 0.2602,
        0.3465, 0.2787, 0.3734, 0.2546, 0.2747, 0.2818, 0.4044, 0.2935, 0.2766,
        0.2937, 0.4104, 0.4074, 0.2712, 0.2604, 0.4012, 0.3838, 0.3491, 0.3928,
        0.2812, 0.3606, 0.2571, 0.3072])

Name: res_block_1.bn1.bias | Shape: [256]
Values:
tensor([ 0.0274, -0.1179, -0.2680, -0.2486, -0.2472, -0.1555, -0.1833, -0.1865,
        -0.0401, -0.1895, -0.2637, -0.0787, -0.2890, -0.1219, -0.1647, -0.1256,
        -0.1733, -0.1334, -0.3886, -0.0645, -0.2177, -0.2008, -0.1495, -0.1418,
        -0.1097, -0.2423, -0.3835, -0.1743, -0.2413, -0.2450, -0.0683, -0.3070,
        -0.0337, -0.2476, -0.1158, -0.1153, -0.0562, -0.1068, -0.1004, -0.1316,
        -0.0978, -0.1074, -0.1547, -0.1288, -0.2525, -0.1585, -0.2402, -0.2619,
        -0.2895, -0.1563, -0.0582, -0.2611, -0.1711,  0.0263, -0.1194, -0.3046,
        -0.1664, -0.1015, -0.3095, -0.1571, -0.0616, -0.2237, -0.0536, -0.2028,
        -0.1824, -0.0961, -0.2865, -0.1116, -0.3532, -0.2148, -0.3123, -0.2033,
        -0.1800, -0.0725, -0.0992, -0.1413, -0.1853, -0.0303, -0.0862, -0.2077,
        -0.1885, -0.2295, -0.2099, -0.2449,  0.0755, -0.1573, -0.1295, -0.0931,
        -0.1190, -0.2863, -0.1298, -0.1742, -0.1265, -0.1770, -0.3003, -0.2979,
        -0.1424, -0.2085, -0.1235, -0.3066, -0.0388, -0.0680, -0.1693, -0.1190,
        -0.1523, -0.0754, -0.1358, -0.1738, -0.3075, -0.1569, -0.3139, -0.0692,
        -0.3460, -0.3257, -0.2310,  0.0273, -0.0456, -0.1098, -0.2135, -0.1651,
        -0.2403, -0.1917, -0.2521, -0.2437, -0.2438, -0.3315, -0.1738, -0.1668,
        -0.0862, -0.1940, -0.2400, -0.1680, -0.1259, -0.1499, -0.1680, -0.3430,
        -0.3250, -0.0709, -0.2084, -0.1497, -0.2543, -0.1463, -0.3103, -0.1837,
        -0.3331, -0.0972, -0.0865, -0.2227, -0.4726, -0.1026, -0.1315, -0.0767,
        -0.1524, -0.1181, -0.2392, -0.1885, -0.0747, -0.1011, -0.1176, -0.1614,
        -0.3851, -0.0558, -0.2285, -0.3417, -0.1661, -0.1197, -0.2667, -0.3022,
        -0.2746, -0.1814, -0.1748, -0.1211, -0.4083, -0.0552, -0.0708, -0.2434,
        -0.1829, -0.1279, -0.1220,  0.0223, -0.2453, -0.1266, -0.1506, -0.1910,
        -0.4202, -0.2472, -0.3951, -0.0170, -0.2206, -0.1222, -0.4766, -0.2862,
        -0.1244, -0.4091, -0.1437, -0.2377, -0.2062, -0.1913, -0.1828, -0.1775,
        -0.1304, -0.3460, -0.1629, -0.2565, -0.2935, -0.3168, -0.0896, -0.1392,
        -0.2674, -0.2693, -0.1690, -0.1359, -0.1216, -0.1641, -0.3829, -0.2686,
        -0.1728, -0.1116, -0.1695, -0.1021, -0.0905, -0.0708, -0.1763, -0.2197,
        -0.2116, -0.3377, -0.1471, -0.2810, -0.1569, -0.2625, -0.1560, -0.0761,
        -0.1078, -0.0273, -0.0472, -0.1640, -0.1995, -0.1304, -0.0966, -0.2678,
        -0.0838, -0.1731, -0.1786, -0.1460, -0.3897, -0.3115, -0.1420, -0.2025,
        -0.0988, -0.0476, -0.2289, -0.2767, -0.1889, -0.3119, -0.2399, -0.1932])

Name: res_block_1.conv2.weight | Shape: [256, 256, 3, 3]
Values:
tensor([[[[-4.0093e-03, -6.8649e-02, -1.0848e-02],
          [ 8.3570e-03,  1.8896e-02, -1.2645e-02],
          [-4.5036e-03, -6.3420e-02, -9.8679e-04]],

         [[-1.4281e-02, -2.4986e-02, -8.6811e-02],
          [-4.6934e-02, -6.3576e-02,  1.2235e-03],
          [-2.2603e-02, -3.6297e-02,  1.4516e-02]],

         [[-3.5016e-02, -1.4893e-02, -3.7405e-02],
          [ 2.8208e-02,  1.8493e-02, -1.7380e-02],
          [ 8.1043e-03, -2.7242e-02,  4.9602e-03]],

         ...,

         [[ 8.4472e-03,  3.1856e-02,  3.3475e-02],
          [ 6.4596e-02,  7.1918e-02,  5.9505e-02],
          [ 3.8625e-02,  5.3700e-02, -1.0095e-02]],

         [[ 2.6385e-02,  1.0443e-02, -3.7487e-02],
          [ 2.5600e-03,  2.9606e-02, -7.2660e-03],
          [-1.4878e-02,  1.1245e-02, -5.9205e-02]],

         [[-1.2907e-02,  1.9774e-02, -1.2684e-02],
          [ 7.8326e-02, -3.4026e-03,  1.4757e-02],
          [-2.8133e-02, -7.0952e-02,  4.6173e-02]]],


        [[[ 6.3997e-03, -4.1239e-02,  3.8806e-02],
          [ 5.9190e-03, -6.4085e-03,  7.5843e-02],
          [-2.8921e-02, -1.2268e-02,  1.7350e-02]],

         [[ 1.5043e-02, -3.9918e-02,  1.2055e-02],
          [ 2.0503e-03,  1.6813e-02, -2.1151e-02],
          [-6.5438e-03,  4.8794e-02,  5.7711e-02]],

         [[ 2.2052e-02,  1.6788e-03, -5.1433e-03],
          [-5.3651e-02, -2.2179e-02,  3.6612e-02],
          [-4.0188e-02, -4.7819e-02,  1.1716e-03]],

         ...,

         [[ 2.2215e-02, -1.6593e-02, -3.9203e-03],
          [ 4.8637e-03, -2.1560e-02,  2.3554e-02],
          [ 2.1571e-02, -1.1016e-02, -1.1089e-02]],

         [[ 7.2980e-02,  7.2239e-02,  4.7117e-02],
          [-4.8337e-03, -1.1638e-02,  1.8955e-02],
          [-8.2715e-03, -2.1196e-02,  9.0369e-03]],

         [[ 1.3887e-02, -4.2612e-02, -3.3958e-02],
          [-2.1623e-02, -2.0235e-02, -3.8596e-02],
          [-4.3803e-02, -3.8347e-03,  2.2457e-02]]],


        [[[-4.5635e-02, -3.0862e-02,  5.6665e-02],
          [ 9.9776e-03, -1.1605e-02, -1.7850e-02],
          [ 7.4214e-04,  3.0414e-02, -4.4779e-02]],

         [[-7.0768e-02,  2.8398e-02, -2.2406e-04],
          [ 1.2280e-02, -5.3003e-02, -3.9624e-02],
          [-5.2651e-03, -5.8867e-02, -4.7414e-03]],

         [[-1.9233e-02,  2.1459e-02, -2.1535e-03],
          [ 3.9237e-03, -2.4584e-02,  4.4643e-02],
          [ 1.1750e-02,  1.5546e-02,  7.1114e-02]],

         ...,

         [[-3.0239e-02,  3.8824e-02,  2.1616e-02],
          [-3.7724e-02, -3.4158e-02,  2.0220e-03],
          [ 5.4553e-02,  3.6307e-02,  5.0126e-02]],

         [[-8.6266e-02,  1.0471e-04, -3.3858e-02],
          [-1.8577e-03,  9.4414e-03, -1.3795e-02],
          [-3.0927e-02, -3.0542e-02, -4.0321e-02]],

         [[-3.6868e-02,  4.6603e-02,  3.7786e-04],
          [-9.2620e-03,  3.9529e-02, -4.7405e-02],
          [-2.4059e-02,  5.2414e-02, -2.5306e-02]]],


        ...,


        [[[-2.2624e-02, -1.0312e-02, -5.2168e-03],
          [-8.1468e-03, -4.3110e-02, -3.1590e-02],
          [-2.8299e-02, -4.5717e-02, -2.5226e-02]],

         [[-1.0778e-02, -2.9584e-02,  1.3048e-02],
          [-8.4667e-03,  2.6901e-02,  5.0122e-02],
          [-1.3288e-02, -2.7887e-02,  4.5681e-02]],

         [[ 4.3462e-03, -5.3101e-03, -9.8651e-03],
          [-9.4167e-03, -4.2303e-02, -3.5370e-02],
          [-3.5589e-02,  3.8979e-02,  6.9851e-03]],

         ...,

         [[ 1.1051e-02,  9.3656e-03,  1.2318e-02],
          [ 7.3872e-03,  3.0437e-02,  2.2584e-02],
          [ 4.5108e-02,  5.2288e-02,  1.4130e-02]],

         [[-2.0867e-02, -3.4889e-02, -3.6358e-02],
          [-2.2944e-02, -2.1794e-02, -5.7054e-02],
          [-5.3909e-03, -1.5622e-02, -3.7943e-03]],

         [[ 1.8168e-02,  5.2165e-02,  2.5906e-02],
          [-2.2082e-02,  3.5243e-02,  1.7292e-02],
          [-2.5042e-02,  1.8256e-02,  3.4481e-02]]],


        [[[-1.6723e-03,  1.3117e-02, -2.9947e-02],
          [-1.1006e-02,  4.1436e-02,  5.5121e-02],
          [-2.3070e-02,  6.7809e-03, -7.1230e-02]],

         [[-6.9205e-03, -3.9580e-03, -1.4521e-02],
          [ 7.0303e-03,  4.7267e-02,  1.6485e-02],
          [ 1.3327e-02,  1.0074e-01,  6.4855e-02]],

         [[-7.4972e-03,  6.8517e-03, -2.2194e-02],
          [-3.3001e-02, -2.7624e-02, -6.4003e-03],
          [ 1.4130e-02,  6.4637e-02,  3.8907e-02]],

         ...,

         [[ 2.1554e-02,  8.7513e-03,  3.5315e-03],
          [ 4.0733e-02, -3.1528e-02, -3.1045e-02],
          [ 4.1406e-02,  2.3409e-02, -4.4149e-03]],

         [[ 9.5365e-03, -2.1963e-02,  7.9038e-02],
          [-2.4617e-02, -2.6603e-02,  7.9391e-03],
          [-1.7407e-02, -1.5136e-02, -7.2833e-04]],

         [[ 1.2757e-03,  1.8249e-02, -2.4029e-02],
          [ 1.6112e-02,  6.6194e-03, -4.9884e-02],
          [ 4.7503e-02,  1.0605e-02,  3.1256e-03]]],


        [[[ 1.4770e-02, -1.1890e-02,  4.6574e-02],
          [-2.7722e-02, -2.8079e-02, -1.4581e-02],
          [-4.0237e-03, -9.2134e-02, -4.1065e-02]],

         [[-1.5781e-02,  6.7724e-03,  2.1857e-02],
          [ 2.9207e-02,  2.2342e-05, -4.7271e-02],
          [ 4.0931e-02, -2.6374e-02, -4.7825e-02]],

         [[-1.4421e-02, -1.7711e-02, -3.5721e-02],
          [ 4.3487e-02,  1.8977e-02, -1.9107e-02],
          [ 5.1041e-02,  9.9757e-02,  6.6385e-03]],

         ...,

         [[ 2.3222e-02, -1.7711e-02, -3.2633e-02],
          [ 4.5000e-02,  1.8834e-02,  3.8863e-02],
          [ 1.5839e-02, -2.7157e-02, -1.0782e-02]],

         [[-7.5041e-02, -2.9574e-02, -5.7722e-03],
          [ 1.5678e-02, -1.4822e-02, -1.9733e-02],
          [ 4.9806e-02,  6.2845e-02, -4.3075e-02]],

         [[-2.2196e-02, -2.1153e-02,  1.2293e-02],
          [ 4.8750e-02, -1.5541e-02,  7.6455e-03],
          [-1.3443e-02,  9.1899e-03, -2.7620e-02]]]])

Name: res_block_1.conv2.bias | Shape: [256]
Values:
tensor([-6.8113e-04,  9.3623e-04, -1.0182e-03,  1.5840e-03, -1.2173e-03,
         4.9617e-04, -9.3759e-04,  4.1890e-04,  1.4650e-03,  1.5910e-03,
         1.9485e-03, -1.0670e-03, -1.8116e-03,  1.9338e-03, -4.9979e-04,
         1.5585e-03, -1.7219e-03,  2.7537e-04,  7.4753e-04, -1.6665e-03,
        -1.7559e-03, -1.3522e-03,  1.7111e-03, -1.5597e-03,  1.1341e-03,
        -1.2082e-03, -5.4717e-04,  6.3720e-04,  1.2962e-03,  1.9725e-03,
         1.6020e-03, -1.2088e-03, -2.2905e-04, -1.1192e-03,  3.2902e-04,
        -1.2863e-04,  3.2865e-04, -1.6708e-03,  3.3825e-04, -1.0355e-03,
        -1.0636e-03, -1.7913e-03,  1.6753e-03, -5.4627e-04, -3.6958e-04,
        -4.6229e-04, -6.3913e-04, -1.9081e-03,  1.1812e-03,  3.8015e-05,
         1.5209e-03, -9.7378e-04,  3.1160e-04, -1.1972e-03, -1.1955e-03,
         1.4497e-03,  1.3431e-03,  1.1492e-03, -1.5674e-03, -3.9640e-04,
         1.5044e-03,  1.4376e-03, -1.8511e-03, -1.9583e-03, -1.9056e-03,
         1.6562e-04, -1.8082e-03, -8.1109e-04, -1.0419e-03,  1.5220e-03,
         1.3303e-03, -1.8045e-03, -3.1335e-04, -1.6419e-03, -5.6849e-04,
        -1.9128e-03, -1.5347e-03, -1.3699e-03, -6.7820e-04,  4.4247e-04,
        -5.5577e-04,  9.0774e-04,  1.0590e-03, -3.5065e-04,  1.9715e-03,
        -1.8295e-03,  7.4456e-04,  1.7970e-03, -1.1398e-03, -2.9097e-05,
        -6.3034e-04, -3.8085e-04, -1.8953e-03, -7.2548e-05, -6.7138e-04,
         1.1316e-03,  2.4040e-04,  1.2312e-03, -9.6393e-04, -7.0397e-04,
        -1.5477e-03, -9.4738e-05, -1.6594e-03, -1.4696e-03, -8.0334e-04,
         1.0364e-03,  1.9518e-03,  1.4364e-03, -1.8757e-03,  1.6597e-03,
        -9.2527e-04,  4.8848e-04,  1.5140e-04,  6.2145e-04, -7.4811e-04,
        -8.1282e-04,  1.7210e-03, -6.0386e-04, -1.7130e-03,  1.6979e-03,
         1.3130e-03,  1.7183e-03,  1.0592e-03,  1.4842e-03, -2.7617e-04,
         7.2395e-05,  1.1631e-03,  7.9982e-04, -2.1107e-04,  1.8113e-03,
        -2.0509e-04,  1.4971e-03,  5.6618e-05,  1.3640e-04, -1.3374e-04,
        -7.9058e-04,  1.5609e-03, -1.9098e-03, -3.1899e-04, -3.3097e-04,
         6.1007e-04, -7.0013e-04,  1.2874e-03,  1.1480e-03,  4.0472e-05,
        -1.3095e-03,  1.5931e-03, -8.1067e-05, -1.0609e-03,  3.6077e-04,
         1.9211e-04, -4.5202e-04,  8.5808e-06,  1.4548e-03, -1.4654e-03,
         1.8644e-03,  1.2936e-03,  1.2386e-03, -4.0172e-04, -3.1490e-04,
        -1.3142e-03, -7.2488e-04, -1.8444e-03, -4.7013e-04,  8.1083e-04,
        -1.2227e-03, -1.3245e-03, -4.2613e-04, -1.5041e-03,  1.5963e-03,
        -1.9385e-03, -1.7647e-03,  9.1704e-04, -1.8986e-03, -4.1886e-04,
        -1.2734e-03, -1.4525e-03, -7.1171e-04,  2.8837e-06, -1.1299e-03,
         1.3835e-03,  3.4114e-04,  9.2878e-04, -3.3935e-04, -1.5006e-03,
        -2.5567e-04,  4.5057e-04, -3.3002e-04,  1.5554e-03, -1.3173e-03,
        -1.3268e-03, -1.0263e-04, -1.7873e-03,  1.2692e-03, -1.2028e-03,
         1.7274e-03, -1.3695e-03,  5.4228e-04, -1.0378e-03,  1.1989e-03,
         1.6152e-03,  9.6933e-04, -9.7767e-04, -1.6400e-04,  6.6955e-04,
        -5.8712e-04, -1.8950e-04, -3.2347e-04, -5.8735e-04,  5.0810e-04,
        -6.5914e-04, -7.7151e-05, -4.5548e-04, -1.8108e-03, -4.0276e-04,
        -2.0497e-06,  6.5210e-04,  4.2841e-04,  6.9687e-04,  7.0160e-04,
        -4.0739e-04, -1.2243e-03,  1.1289e-03, -1.3572e-03,  1.3239e-03,
        -1.0332e-03, -4.3170e-04, -1.6590e-03,  1.8209e-03, -1.3286e-03,
        -6.1523e-04,  1.6459e-03,  1.5383e-03, -3.7729e-04, -1.4432e-03,
         9.6160e-04, -4.8540e-04, -4.6170e-04,  1.3496e-03,  1.1682e-03,
        -1.5364e-03,  1.0069e-03, -8.6975e-04, -1.3789e-03, -3.4689e-04,
         1.6759e-03,  1.1207e-03,  5.6084e-05,  5.3387e-04,  4.1960e-04,
        -3.1809e-04,  1.8833e-04, -1.3481e-04, -7.3819e-04, -1.7766e-03,
        -1.6584e-03])

Name: res_block_1.bn2.weight | Shape: [256]
Values:
tensor([0.3239, 0.3023, 0.3335, 0.3257, 0.3285, 0.3360, 0.3478, 0.3649, 0.2984,
        0.2915, 0.2967, 0.2903, 0.2382, 0.3164, 0.4232, 0.4014, 0.3005, 0.3425,
        0.4139, 0.2702, 0.3187, 0.2984, 0.3178, 0.3102, 0.3410, 0.3297, 0.3163,
        0.3211, 0.3523, 0.3730, 0.2559, 0.2927, 0.3647, 0.3345, 0.3447, 0.3037,
        0.3834, 0.3143, 0.3935, 0.3224, 0.4487, 0.3203, 0.2865, 0.3091, 0.2965,
        0.2959, 0.3643, 0.2925, 0.4064, 0.3363, 0.4330, 0.2933, 0.2716, 0.3200,
        0.3726, 0.3054, 0.3206, 0.3184, 0.4303, 0.3642, 0.3001, 0.2832, 0.2806,
        0.3159, 0.3403, 0.2669, 0.3691, 0.3375, 0.3441, 0.3207, 0.3769, 0.4681,
        0.3375, 0.3498, 0.3014, 0.3331, 0.3947, 0.3687, 0.3862, 0.2523, 0.3781,
        0.3106, 0.3388, 0.4469, 0.3916, 0.5054, 0.2779, 0.2616, 0.3015, 0.3089,
        0.3097, 0.3362, 0.3890, 0.3341, 0.2664, 0.2906, 0.3621, 0.3144, 0.3976,
        0.3553, 0.3740, 0.4643, 0.3599, 0.2935, 0.3018, 0.2611, 0.3597, 0.3301,
        0.2535, 0.3171, 0.3283, 0.3028, 0.3065, 0.3581, 0.2804, 0.2853, 0.3214,
        0.3167, 0.2870, 0.3427, 0.3334, 0.3304, 0.3367, 0.3596, 0.3278, 0.2948,
        0.3075, 0.3355, 0.3713, 0.3029, 0.3516, 0.2378, 0.2177, 0.3909, 0.4369,
        0.4813, 0.5070, 0.3545, 0.2786, 0.2563, 0.2966, 0.2906, 0.3402, 0.3858,
        0.3330, 0.2476, 0.3184, 0.2908, 0.3168, 0.3238, 0.3183, 0.3472, 0.3418,
        0.3527, 0.4979, 0.3600, 0.3095, 0.2958, 0.3101, 0.3856, 0.2788, 0.3298,
        0.3505, 0.2798, 0.3432, 0.4438, 0.3180, 0.2137, 0.2851, 0.2696, 0.3514,
        0.2847, 0.3704, 0.3606, 0.3858, 0.1989, 0.3139, 0.2662, 0.2833, 0.2846,
        0.2816, 0.3411, 0.2852, 0.5087, 0.3796, 0.3328, 0.3635, 0.4509, 0.3663,
        0.3973, 0.3277, 0.3467, 0.4447, 0.2930, 0.3741, 0.3264, 0.3058, 0.4322,
        0.3471, 0.3539, 0.3397, 0.3350, 0.2992, 0.3685, 0.3388, 0.3832, 0.3317,
        0.3231, 0.3623, 0.4114, 0.3978, 0.3543, 0.3593, 0.3546, 0.3281, 0.3519,
        0.4918, 0.3651, 0.2757, 0.2953, 0.3260, 0.3255, 0.2697, 0.3612, 0.2933,
        0.3412, 0.2865, 0.3698, 0.3192, 0.3856, 0.3494, 0.3442, 0.3438, 0.3935,
        0.4534, 0.3466, 0.3073, 0.3127, 0.3615, 0.4327, 0.3137, 0.3494, 0.3155,
        0.3522, 0.3194, 0.3041, 0.3158, 0.3411, 0.3457, 0.2647, 0.3348, 0.3729,
        0.3187, 0.3644, 0.4008, 0.4183])

Name: res_block_1.bn2.bias | Shape: [256]
Values:
tensor([-3.1399e-02, -8.8119e-02, -7.3039e-02,  2.9850e-02,  7.0215e-02,
        -1.0774e-01, -2.8152e-02,  1.6281e-02,  4.9303e-02, -1.1938e-01,
        -5.9430e-02, -1.4452e-01, -8.8194e-02, -9.1647e-02, -8.5390e-02,
        -7.0418e-02, -1.1462e-01, -1.3228e-01, -2.4819e-01, -9.5522e-02,
        -1.3631e-01, -1.0998e-01,  4.2113e-02, -3.3026e-03, -3.2219e-02,
        -2.0325e-02, -1.0718e-01, -5.9650e-02, -1.5527e-01,  4.5021e-02,
        -1.2510e-01, -1.1536e-01, -9.8364e-02, -1.0397e-01, -3.9314e-02,
        -1.8210e-02, -1.7181e-01, -1.1619e-01, -1.8657e-01, -1.2030e-01,
        -1.1006e-01, -8.1148e-02, -1.7512e-01, -4.5102e-02, -9.3691e-02,
        -1.7366e-03, -1.0748e-01, -2.8092e-03, -1.1840e-01,  7.0344e-03,
        -2.7277e-01, -8.7993e-02, -9.7733e-02, -1.7603e-01, -4.3132e-02,
        -6.0413e-02, -7.1553e-02, -1.4075e-01,  2.1223e-01,  6.3424e-02,
        -4.3895e-02, -1.8561e-01,  2.0251e-01, -1.6300e-01, -7.2549e-02,
        -1.0044e-01, -6.6902e-02, -6.9002e-02, -2.4477e-02, -7.5872e-02,
        -8.6732e-02, -2.5984e-01,  9.1600e-03, -8.4612e-02, -1.2808e-01,
        -1.9073e-01, -9.9760e-02, -5.1149e-02, -7.2747e-02, -5.6402e-02,
        -7.1363e-02, -8.8596e-02, -8.5759e-02, -2.2577e-01, -1.3280e-01,
        -3.0696e-01, -7.9725e-02, -9.7518e-02, -1.4924e-01, -3.5501e-02,
        -4.3794e-02, -1.1269e-01, -1.2087e-01, -1.3433e-01, -1.4468e-01,
        -9.8770e-02, -3.6062e-02, -6.3117e-02,  1.7526e-03, -9.2437e-02,
         1.5897e-02, -3.5272e-01, -1.6162e-01,  1.4157e-02, -7.7887e-02,
         8.7135e-04, -1.1890e-01,  4.4785e-02, -9.7221e-02, -1.1845e-01,
        -3.4184e-02, -7.7861e-02, -1.2257e-01, -8.7097e-02, -1.3258e-01,
        -2.1266e-02, -6.6442e-03, -1.2307e-01, -6.7635e-02, -1.1043e-01,
        -1.5243e-01, -2.1418e-02,  7.6184e-02, -5.0142e-02, -1.2250e-01,
        -2.4759e-02, -2.3598e-02, -1.6736e-01,  4.2940e-03, -4.3034e-02,
        -1.4055e-01, -2.6161e-02, -4.2733e-02, -1.9725e-01, -1.7747e-01,
        -4.5470e-02, -2.2353e-01,  6.6679e-03, -7.0328e-02, -1.0093e-01,
        -7.2166e-02,  5.1024e-02, -1.7355e-01, -1.3661e-02, -8.5108e-02,
         1.1099e-02, -3.7817e-02,  1.2588e-02, -4.3976e-02, -1.0674e-01,
        -1.2488e-01, -1.6073e-01, -1.0294e-01, -4.1531e-02, -2.4584e-01,
        -4.5804e-03, -3.2902e-02, -3.8094e-03, -1.8151e-01, -1.3636e-01,
         6.8383e-03, -7.8809e-03, -1.2482e-01, -1.2376e-01, -1.7310e-01,
        -1.9053e-01, -6.8795e-02,  8.1663e-03, -7.4938e-02, -5.7644e-02,
        -6.4147e-02, -7.1086e-02, -7.0219e-02,  5.4326e-03, -2.0735e-01,
         3.5384e-02, -3.0461e-02, -1.5930e-01, -7.7840e-02, -8.4064e-02,
        -1.8801e-02, -1.1981e-01, -7.1465e-02, -2.5917e-01, -1.4785e-01,
        -1.0536e-01,  1.2404e-02, -1.3368e-01, -9.3009e-02, -5.6704e-02,
         3.1928e-04, -2.0347e-01, -3.2682e-01, -2.8232e-02, -9.3076e-02,
        -1.2691e-01, -9.0285e-02, -2.3527e-01, -1.7885e-01,  9.4052e-04,
        -6.4408e-02,  6.7759e-02, -6.0219e-02,  1.4181e-02, -6.0103e-02,
        -1.8640e-01, -4.5984e-02, -4.5458e-02, -1.5073e-01, -2.2416e-01,
        -8.4112e-02, -8.3824e-02, -6.6254e-02, -1.2391e-02, -8.4024e-02,
        -1.1460e-01, -2.2556e-01, -4.4288e-02, -1.6584e-01, -2.0896e-01,
        -1.3837e-01, -1.7057e-01, -4.1145e-03, -1.7069e-01, -1.1535e-01,
        -2.3630e-01, -7.3936e-02, -4.3384e-02, -1.0866e-01, -1.3179e-01,
        -1.1903e-01, -1.5096e-01, -1.1024e-01, -1.5329e-01, -7.3544e-02,
        -2.5293e-01, -8.1243e-02, -1.0184e-02, -1.3394e-01, -3.1436e-01,
        -4.1087e-02, -1.2787e-01, -4.9979e-02, -3.4455e-02, -6.5502e-02,
        -1.7412e-01, -9.5475e-02, -7.6406e-02, -9.5914e-02, -1.8160e-02,
        -1.7259e-02, -5.5009e-02, -1.2346e-01, -1.2347e-01, -1.1020e-01,
        -1.3289e-01])

Name: res_block_2.conv1.weight | Shape: [256, 256, 3, 3]
Values:
tensor([[[[ 0.0382,  0.0163,  0.0256],
          [ 0.0474, -0.0208, -0.0465],
          [-0.0167, -0.0240, -0.0046]],

         [[-0.0430, -0.0584, -0.0649],
          [ 0.0124,  0.0061,  0.0329],
          [-0.0493, -0.0258, -0.0223]],

         [[-0.0087, -0.0301, -0.0174],
          [-0.0071, -0.0016,  0.0202],
          [ 0.0240, -0.0010, -0.0136]],

         ...,

         [[-0.0331, -0.0091, -0.0156],
          [-0.0744, -0.0198, -0.0063],
          [-0.0455,  0.0212, -0.0309]],

         [[-0.0139, -0.0413,  0.0639],
          [-0.0069, -0.0104,  0.0506],
          [-0.0142,  0.0295,  0.0089]],

         [[-0.0319, -0.0364,  0.0124],
          [-0.0455, -0.0617, -0.0172],
          [ 0.0421, -0.0052, -0.0187]]],


        [[[-0.0432, -0.0397,  0.0344],
          [-0.0390, -0.0102,  0.0150],
          [ 0.0056,  0.0136,  0.0158]],

         [[ 0.0046, -0.0049,  0.0217],
          [-0.0111,  0.0143,  0.0296],
          [-0.0369,  0.0209, -0.0172]],

         [[ 0.0018, -0.0199,  0.0100],
          [-0.0224,  0.0186, -0.0302],
          [ 0.0092, -0.0052, -0.0754]],

         ...,

         [[-0.0666,  0.0160, -0.0025],
          [-0.0112, -0.0565,  0.0194],
          [ 0.0444, -0.0162, -0.0137]],

         [[-0.0160,  0.0254,  0.0096],
          [ 0.0454, -0.0185, -0.0014],
          [ 0.0347,  0.0168,  0.0118]],

         [[ 0.0191,  0.0015, -0.0347],
          [-0.0182, -0.0151, -0.0187],
          [-0.0260,  0.0140,  0.0285]]],


        [[[-0.0324, -0.0013,  0.0071],
          [-0.0383, -0.0128,  0.0341],
          [ 0.0101, -0.0009,  0.0150]],

         [[ 0.0084,  0.0362,  0.0103],
          [-0.0202,  0.0173,  0.0465],
          [-0.0222,  0.0422, -0.0039]],

         [[ 0.0135, -0.0295, -0.0218],
          [-0.0460,  0.0229, -0.0162],
          [ 0.0257,  0.0463,  0.0076]],

         ...,

         [[-0.0240,  0.0447, -0.0054],
          [ 0.0342,  0.0351, -0.0264],
          [ 0.0194, -0.0021, -0.0245]],

         [[-0.0549, -0.0177, -0.0234],
          [-0.0405, -0.0212,  0.0151],
          [-0.0342,  0.0212, -0.0399]],

         [[-0.0612,  0.0146,  0.0005],
          [-0.0684, -0.0320, -0.0038],
          [-0.0317, -0.0162,  0.0240]]],


        ...,


        [[[-0.0231, -0.0174, -0.0220],
          [-0.0235, -0.0202, -0.0194],
          [-0.0116, -0.0028, -0.0253]],

         [[-0.0375, -0.0125,  0.0032],
          [ 0.0376,  0.0204, -0.0106],
          [-0.0254, -0.0122, -0.0657]],

         [[-0.0043, -0.0459, -0.0173],
          [ 0.0433, -0.0302, -0.0425],
          [-0.0095, -0.0218, -0.0001]],

         ...,

         [[ 0.0062,  0.0228,  0.0115],
          [ 0.0174,  0.0269, -0.0183],
          [ 0.0592, -0.0354, -0.0489]],

         [[-0.0029,  0.0429, -0.0189],
          [ 0.0615, -0.0195, -0.0185],
          [-0.0020, -0.0180,  0.0136]],

         [[ 0.0015,  0.0160, -0.0067],
          [ 0.0255, -0.0314, -0.0290],
          [-0.0052,  0.0081, -0.0123]]],


        [[[-0.0337,  0.0052, -0.0051],
          [ 0.0442,  0.0333,  0.0048],
          [-0.0221,  0.0399, -0.0240]],

         [[ 0.0293,  0.0038,  0.0010],
          [-0.0095, -0.0040, -0.0335],
          [-0.0517, -0.0840, -0.0184]],

         [[ 0.0056, -0.0103,  0.0102],
          [ 0.0518, -0.0052,  0.0079],
          [ 0.0130, -0.0090, -0.0124]],

         ...,

         [[ 0.0331,  0.0168, -0.0033],
          [ 0.0035, -0.0165,  0.0289],
          [ 0.0294,  0.0172,  0.0203]],

         [[ 0.0123, -0.0214,  0.0186],
          [-0.0143, -0.0071,  0.0010],
          [-0.0146, -0.0679, -0.0149]],

         [[-0.0144,  0.0063,  0.0041],
          [-0.0141, -0.0348,  0.0317],
          [ 0.0424, -0.0107, -0.0074]]],


        [[[-0.0288,  0.0030, -0.0088],
          [-0.0287,  0.0077, -0.0328],
          [ 0.0077,  0.0022, -0.0296]],

         [[ 0.0186, -0.0273, -0.0423],
          [ 0.0228, -0.0028, -0.0007],
          [ 0.0301,  0.0237,  0.0216]],

         [[ 0.0308,  0.0356,  0.0596],
          [-0.0182, -0.0048,  0.0555],
          [-0.0261, -0.0307,  0.0097]],

         ...,

         [[ 0.0317,  0.0329,  0.0012],
          [-0.0116, -0.0081, -0.0118],
          [-0.0229, -0.0129, -0.0029]],

         [[ 0.0151,  0.0285,  0.0417],
          [-0.0335, -0.0055,  0.0347],
          [-0.0086,  0.0035,  0.0230]],

         [[-0.0011, -0.0005, -0.0111],
          [ 0.0160, -0.0243, -0.0306],
          [ 0.0141, -0.0268,  0.0022]]]])

Name: res_block_2.conv1.bias | Shape: [256]
Values:
tensor([-5.7521e-04, -7.5717e-04,  1.2753e-03, -1.0341e-03,  1.1605e-03,
         1.3092e-03,  1.0628e-03, -1.2858e-04, -1.5592e-03,  1.8175e-03,
         1.5430e-03,  7.4090e-04, -1.6236e-03,  6.3387e-04, -3.7009e-05,
        -1.5497e-03, -1.2245e-03,  1.8963e-03, -3.2611e-04,  1.9618e-05,
         1.2311e-05,  1.6440e-03,  4.1056e-04, -1.2580e-03, -1.3469e-03,
         1.5889e-03,  3.2193e-04,  1.6320e-03,  4.1479e-04, -1.7734e-03,
        -1.4469e-03,  1.4579e-03,  1.7936e-04,  6.3624e-04, -1.8809e-04,
        -7.1212e-05, -1.6056e-05,  4.1911e-04,  1.9353e-03, -1.0039e-03,
         1.9010e-03, -1.6282e-03, -1.3185e-03, -1.4983e-03, -9.0736e-05,
        -1.7113e-03, -9.6091e-04,  1.0687e-03, -1.0543e-03,  1.6316e-03,
        -1.1878e-03, -1.7836e-03,  9.0424e-04,  7.8293e-04,  1.7849e-03,
         1.3637e-03, -6.6860e-04, -5.1324e-04,  1.4337e-03,  3.0420e-04,
        -2.1869e-04,  4.1593e-04, -1.9608e-03, -8.5803e-04,  1.2590e-03,
         1.4211e-03, -6.6647e-04, -1.1905e-03,  9.8843e-04, -1.9461e-03,
         1.5931e-03,  6.8933e-05,  1.3595e-03, -2.0353e-04,  1.1633e-03,
        -9.2891e-04,  1.8856e-03,  1.5274e-04,  3.3402e-04,  1.3050e-03,
        -3.7154e-04,  3.9137e-04,  6.0233e-04, -1.4650e-03,  5.2295e-04,
        -1.5926e-03,  1.8544e-03,  1.3811e-03, -1.5555e-03,  8.6468e-04,
         1.4170e-03, -1.5229e-03,  1.8726e-04,  3.4526e-05, -8.9387e-04,
         8.7139e-04, -9.8420e-04,  8.1275e-04,  1.1515e-03,  2.4181e-04,
        -1.3162e-03,  1.7222e-03,  7.3074e-04,  1.4436e-03, -4.6561e-04,
         5.0449e-04,  2.0779e-04, -1.1883e-03,  1.5792e-03, -1.9131e-03,
        -1.7511e-03, -1.9564e-04,  1.8967e-04, -1.2278e-03,  4.8889e-04,
        -1.0848e-04,  5.8354e-05, -1.6808e-03, -6.4490e-04, -1.7325e-03,
        -1.8896e-03, -3.7673e-05, -1.9211e-03, -4.6113e-05, -1.5853e-03,
         3.2362e-05,  4.4139e-05,  1.9363e-03, -5.0915e-04,  1.0906e-03,
         2.2072e-04, -4.4817e-04, -1.4170e-03,  6.9583e-04,  1.4419e-04,
        -1.1494e-04,  1.7895e-03,  3.5832e-04, -1.5977e-03, -1.6980e-03,
         1.8237e-03, -1.6056e-03,  1.4055e-03, -1.2187e-03,  6.1571e-04,
         3.1902e-05,  5.3127e-04, -1.5753e-03, -1.7074e-03,  1.1470e-03,
         7.6644e-04,  1.2156e-03,  1.3850e-03,  1.9269e-03, -1.8891e-03,
         3.9688e-04, -2.8575e-04, -7.7072e-04, -1.7032e-03, -2.4752e-04,
         1.7165e-03, -1.2448e-03, -3.2536e-04,  1.5790e-03, -6.0002e-04,
         1.5352e-04, -1.1921e-03, -1.6668e-03,  1.4709e-04,  5.7336e-04,
         1.0586e-03, -1.0709e-03,  1.4075e-03,  5.5363e-04,  6.5457e-04,
        -1.6275e-03, -1.9262e-03,  6.6225e-04, -1.5879e-03, -1.0526e-03,
        -5.7947e-04,  6.3784e-04,  1.9459e-03, -1.8608e-03, -1.9602e-03,
         1.0134e-04, -7.2616e-05,  4.4492e-04,  1.2511e-03,  1.5884e-03,
        -4.2007e-04,  6.5721e-04, -1.4580e-03, -1.2178e-03,  2.5824e-04,
         3.8096e-05, -7.9518e-04, -1.6210e-03,  1.9329e-03,  1.9246e-03,
         1.0883e-03, -1.8707e-03,  1.6445e-03, -1.7782e-03, -1.9452e-03,
        -1.5330e-03, -3.9686e-04,  7.3774e-04,  1.9466e-03,  5.4606e-04,
         1.6411e-03, -1.7391e-04,  7.7430e-04,  2.1020e-04,  6.8480e-04,
         2.4808e-05, -1.3721e-03, -9.2672e-04,  9.7907e-04,  9.8746e-04,
         1.1065e-03,  1.5521e-03,  1.3573e-03,  4.6142e-04, -1.0527e-04,
         1.5003e-03,  2.7226e-04, -5.3991e-04, -8.3307e-04, -1.7678e-04,
         4.5587e-04, -7.5868e-04,  6.1165e-04, -9.9084e-04, -1.7750e-03,
        -1.9710e-03, -5.7392e-04, -3.3909e-04, -5.3982e-04,  9.8592e-05,
         9.3073e-04, -1.4308e-03, -4.2227e-04, -7.3287e-04,  1.2138e-03,
         2.8093e-04, -5.3478e-05, -1.6933e-03, -6.1484e-04,  8.9164e-04,
         1.8038e-03, -1.5148e-03, -1.0683e-03,  1.4307e-03,  9.5687e-04,
         1.6012e-03])

Name: res_block_2.bn1.weight | Shape: [256]
Values:
tensor([0.2738, 0.3107, 0.2372, 0.2344, 0.2888, 0.2252, 0.2529, 0.2449, 0.2712,
        0.3121, 0.2529, 0.2545, 0.2576, 0.3101, 0.2666, 0.2578, 0.2884, 0.2973,
        0.2700, 0.2799, 0.2909, 0.2597, 0.2481, 0.2836, 0.2855, 0.2376, 0.2570,
        0.2596, 0.2353, 0.3146, 0.2981, 0.2748, 0.2307, 0.3012, 0.2971, 0.2251,
        0.2747, 0.2619, 0.2676, 0.2980, 0.2860, 0.2474, 0.2805, 0.3147, 0.2816,
        0.2760, 0.2514, 0.2479, 0.2770, 0.2613, 0.2669, 0.2960, 0.2647, 0.2660,
        0.2701, 0.3115, 0.2860, 0.2602, 0.2754, 0.2515, 0.2455, 0.2720, 0.2722,
        0.2419, 0.3229, 0.2891, 0.4109, 0.2515, 0.2677, 0.2327, 0.3698, 0.2703,
        0.3157, 0.2043, 0.2531, 0.2662, 0.3429, 0.3560, 0.2801, 0.3432, 0.3033,
        0.2736, 0.3379, 0.2764, 0.2327, 0.2147, 0.2982, 0.2725, 0.2421, 0.2213,
        0.2407, 0.3482, 0.2748, 0.2284, 0.2562, 0.2489, 0.2861, 0.2370, 0.2713,
        0.2950, 0.2720, 0.3478, 0.2371, 0.2808, 0.2542, 0.3257, 0.2402, 0.2867,
        0.2846, 0.3873, 0.2501, 0.2657, 0.2293, 0.2694, 0.2397, 0.2637, 0.2445,
        0.2624, 0.2888, 0.3340, 0.3201, 0.2676, 0.3144, 0.2293, 0.2244, 0.2773,
        0.2880, 0.3131, 0.2306, 0.2873, 0.2759, 0.2331, 0.2411, 0.2734, 0.2638,
        0.2348, 0.2851, 0.2812, 0.2207, 0.3127, 0.2270, 0.2835, 0.2585, 0.2596,
        0.2545, 0.2777, 0.2599, 0.3141, 0.2614, 0.3463, 0.2834, 0.2624, 0.2640,
        0.2653, 0.2927, 0.2754, 0.3015, 0.2958, 0.2751, 0.2828, 0.2384, 0.2636,
        0.3113, 0.2560, 0.2731, 0.2880, 0.2308, 0.3243, 0.2836, 0.2855, 0.2904,
        0.2580, 0.2868, 0.2975, 0.2224, 0.3136, 0.2358, 0.2615, 0.2591, 0.2209,
        0.2624, 0.3347, 0.2137, 0.2646, 0.2909, 0.2474, 0.2653, 0.2530, 0.2677,
        0.2753, 0.3154, 0.3044, 0.2897, 0.2813, 0.3073, 0.3878, 0.2676, 0.2902,
        0.2516, 0.2392, 0.2272, 0.3265, 0.2770, 0.2333, 0.2846, 0.2766, 0.3221,
        0.2556, 0.2497, 0.2794, 0.2062, 0.2281, 0.2445, 0.3199, 0.2170, 0.2339,
        0.2726, 0.2844, 0.3726, 0.2854, 0.3232, 0.2603, 0.2428, 0.2926, 0.3496,
        0.2812, 0.2404, 0.2575, 0.3534, 0.2751, 0.2732, 0.2952, 0.2497, 0.2431,
        0.3001, 0.2748, 0.3018, 0.2468, 0.2500, 0.2385, 0.2377, 0.3049, 0.4143,
        0.2885, 0.2608, 0.3073, 0.3238, 0.2469, 0.2753, 0.2855, 0.2920, 0.2639,
        0.3136, 0.2393, 0.3036, 0.1877])

Name: res_block_2.bn1.bias | Shape: [256]
Values:
tensor([-0.1841, -0.0887, -0.1729, -0.1975, -0.1041, -0.1316, -0.1590, -0.1976,
        -0.2314, -0.1268, -0.0954, -0.1775, -0.1021, -0.2783, -0.1393, -0.1488,
        -0.1019, -0.1021, -0.2092, -0.0401, -0.1206, -0.1615, -0.2036, -0.0852,
        -0.0349, -0.1777, -0.1277, -0.1674, -0.1550, -0.1881, -0.1876, -0.0870,
        -0.1727, -0.2482, -0.1798, -0.2022, -0.1592, -0.1443, -0.2548, -0.1211,
        -0.1130, -0.0943, -0.1168, -0.0784, -0.1281, -0.1780, -0.0980, -0.2162,
        -0.1404, -0.2016, -0.0932, -0.1232, -0.1198, -0.0859, -0.1617, -0.1046,
        -0.2333, -0.1985, -0.0841, -0.1479, -0.1724, -0.1165, -0.1831, -0.1626,
        -0.2604, -0.1592, -0.4112, -0.0972, -0.1808, -0.2207, -0.1082, -0.1408,
        -0.1818, -0.0360, -0.1724, -0.1652, -0.0983, -0.0712, -0.1382, -0.1354,
        -0.0533, -0.1921, -0.2456, -0.0111, -0.1463, -0.1424, -0.2369, -0.1513,
        -0.2635, -0.1678, -0.1709, -0.3939, -0.1717, -0.0710, -0.1247, -0.1158,
        -0.1494, -0.0893, -0.2120, -0.1406, -0.1884, -0.0745, -0.2260, -0.2141,
        -0.1705, -0.1362, -0.1861, -0.1369, -0.0926, -0.3921, -0.1870, -0.1739,
        -0.1992, -0.2094, -0.1641, -0.0927, -0.1433, -0.1836, -0.1063, -0.0231,
        -0.1314, -0.1386, -0.0839, -0.0609, -0.2541, -0.1798, -0.1796, -0.0390,
        -0.1815, -0.1481, -0.1980, -0.2086, -0.1001, -0.1720, -0.1821, -0.0744,
        -0.1273, -0.1700, -0.0926, -0.1830, -0.2095, -0.1269, -0.1144, -0.1981,
        -0.1393, -0.2101, -0.1585, -0.0935, -0.2182, -0.1195, -0.0719, -0.1859,
        -0.0277, -0.1223, -0.1397, -0.1550, -0.1192, -0.1226, -0.1682, -0.1219,
        -0.1916, -0.1659, -0.1984, -0.1744, -0.0864, -0.1763, -0.1785, -0.1433,
        -0.2129, -0.1270, -0.1276, -0.1422, -0.1175, -0.1709, -0.1523, -0.3084,
        -0.1703, -0.2271, -0.2665, -0.2083, -0.1511, -0.1090, -0.1820, -0.2442,
        -0.1402, -0.1841, -0.1298, -0.1052, -0.1948, -0.1730, -0.1633, -0.2359,
        -0.1586, -0.1709, -0.1360, -0.3923, -0.2017, -0.1097, -0.1905, -0.1427,
        -0.1613, -0.0859, -0.1636, -0.2029, -0.1640, -0.1243, -0.0972, -0.2748,
        -0.1405, -0.1160, -0.0224, -0.2714, -0.1178, -0.2024, -0.1920, -0.2077,
        -0.1165, -0.1305, -0.1403, -0.2701, -0.1923, -0.1980, -0.2541, -0.1371,
        -0.1658,  0.0241, -0.1509, -0.2203, -0.2744, -0.1910, -0.1346, -0.1702,
        -0.1901, -0.0952, -0.0894, -0.0896, -0.1317, -0.1419, -0.1043, -0.1235,
        -0.2002, -0.1376, -0.2738, -0.1210, -0.2061, -0.1370, -0.1989, -0.1988,
        -0.1844, -0.2016, -0.2663, -0.1439, -0.0919, -0.1903, -0.1800, -0.0263])

Name: res_block_2.conv2.weight | Shape: [256, 256, 3, 3]
Values:
tensor([[[[ 3.3293e-02,  4.2154e-02,  1.5559e-02],
          [-2.2503e-02,  7.5902e-03, -3.3243e-02],
          [-5.2066e-02, -2.0791e-02,  2.3618e-02]],

         [[ 2.2194e-02, -6.4745e-03, -7.7077e-03],
          [ 9.7561e-03, -1.6362e-02,  8.2865e-04],
          [-2.0110e-02,  4.6027e-03, -2.0133e-02]],

         [[ 3.0677e-02, -1.3597e-02, -4.1291e-02],
          [-1.6790e-02,  1.6240e-02,  1.1184e-02],
          [-2.2584e-03, -4.1178e-02,  1.3508e-03]],

         ...,

         [[-2.6438e-02,  7.9928e-03, -1.0224e-02],
          [ 1.2433e-02, -9.5359e-03, -1.5954e-02],
          [-6.8380e-03, -3.1418e-02, -1.1380e-02]],

         [[ 4.5577e-02,  8.6235e-03,  2.7117e-03],
          [ 2.9166e-02, -3.5367e-02,  2.9379e-02],
          [ 2.5691e-02, -6.4803e-03, -9.7134e-03]],

         [[-3.3845e-02,  3.1880e-03, -1.2505e-02],
          [-2.1080e-02,  4.3803e-02,  6.6740e-02],
          [-2.3301e-02,  1.8584e-02,  3.5972e-02]]],


        [[[ 3.5672e-02, -3.6903e-03,  4.0835e-02],
          [ 2.5391e-02, -1.8832e-02,  2.4297e-02],
          [ 3.5843e-02,  1.9784e-02, -2.5905e-02]],

         [[-4.9381e-02,  1.4783e-02,  1.0256e-03],
          [ 9.9136e-03, -5.1442e-03,  2.0274e-02],
          [ 1.7975e-02, -7.1370e-02, -1.3123e-02]],

         [[ 4.4558e-02,  3.6301e-02,  8.1299e-03],
          [ 4.9268e-02, -1.4156e-02,  4.4886e-03],
          [-1.4138e-02, -1.4782e-03,  2.7948e-02]],

         ...,

         [[ 1.8204e-03,  5.1036e-03,  2.0338e-02],
          [-1.1328e-02, -3.4427e-03, -5.4095e-02],
          [-4.6958e-02,  1.7544e-02,  1.3854e-02]],

         [[-2.7822e-02,  2.6848e-02, -1.5737e-02],
          [-7.6506e-04,  2.9305e-02,  2.8100e-02],
          [ 3.4341e-02,  9.3896e-03,  3.3887e-02]],

         [[-2.3097e-02, -5.5105e-02, -3.3154e-02],
          [-1.9196e-02, -1.5044e-02, -4.0474e-02],
          [ 2.2161e-02, -4.9750e-03, -5.5542e-03]]],


        [[[-1.3029e-02, -3.4454e-02, -4.5225e-02],
          [-3.4664e-03, -6.6701e-03, -2.2173e-02],
          [-1.2717e-02, -4.5837e-03,  4.0798e-02]],

         [[-5.0946e-02, -1.4734e-02, -4.8931e-02],
          [ 1.1878e-02, -1.3576e-02,  1.6591e-02],
          [-1.0201e-03,  2.0919e-02,  3.6386e-02]],

         [[-1.1749e-02,  4.5358e-03,  1.1899e-02],
          [-9.5647e-03, -2.0431e-02,  1.8021e-02],
          [-3.4778e-02, -2.5275e-02, -5.6976e-03]],

         ...,

         [[ 5.0377e-03,  8.0633e-03,  2.4767e-02],
          [ 2.8782e-02,  2.5775e-02,  3.8551e-02],
          [ 7.8887e-03,  6.2526e-02, -1.9912e-02]],

         [[ 1.2864e-02, -1.1777e-02,  6.0230e-03],
          [-2.7724e-02,  1.9040e-02, -2.0065e-02],
          [-2.0450e-02, -1.9026e-02, -2.9172e-02]],

         [[-2.5513e-02, -1.4945e-02, -3.1391e-02],
          [ 6.7576e-03, -1.3259e-02, -1.5341e-02],
          [ 3.7591e-02,  5.1151e-04, -2.2680e-02]]],


        ...,


        [[[ 7.4163e-03, -2.0997e-02, -2.3084e-02],
          [ 3.0271e-02,  1.0831e-02, -4.1816e-02],
          [ 3.6501e-02, -6.2063e-02,  4.4926e-02]],

         [[ 1.6336e-02,  3.8521e-02,  2.8657e-02],
          [ 7.2160e-03,  1.7426e-02, -1.1353e-02],
          [ 1.9456e-02,  7.1495e-02,  1.9949e-02]],

         [[-7.1035e-03, -2.7520e-02,  2.0612e-02],
          [ 2.2599e-04,  2.4049e-02, -4.1876e-02],
          [ 1.7114e-02,  3.7570e-02,  2.9666e-02]],

         ...,

         [[-2.8602e-03,  3.2678e-02, -2.7768e-02],
          [-2.4228e-02, -6.9254e-02,  3.0045e-02],
          [ 1.9910e-02, -2.8608e-02, -1.7235e-02]],

         [[ 1.8116e-02, -1.8940e-03, -9.6135e-03],
          [-4.3111e-02, -1.2466e-02,  1.0492e-02],
          [-5.8724e-03, -2.1312e-03, -1.7669e-02]],

         [[ 2.5292e-02,  2.2702e-04,  3.3012e-02],
          [-4.2372e-02, -1.6467e-02,  2.5845e-03],
          [-3.8504e-03, -3.6367e-02, -4.0549e-03]]],


        [[[ 3.0420e-02,  8.8765e-03,  1.5109e-02],
          [ 3.9389e-02,  1.0326e-02,  2.5904e-03],
          [ 6.6198e-03, -1.7004e-02,  5.9969e-02]],

         [[ 2.7991e-02,  2.0453e-02, -6.0595e-02],
          [-1.6333e-03, -2.2201e-02, -1.0947e-02],
          [ 3.9136e-02, -1.2717e-02, -2.0402e-02]],

         [[ 6.7813e-03, -3.7890e-02,  1.2972e-02],
          [-1.7353e-02, -7.2599e-02, -2.9878e-03],
          [-3.9078e-06,  2.3364e-02,  9.5809e-02]],

         ...,

         [[ 1.8207e-03,  4.4672e-02,  1.9089e-02],
          [-2.6650e-02,  1.0371e-02, -6.9810e-03],
          [-3.0050e-02, -3.5202e-02, -4.2103e-02]],

         [[-1.6879e-02,  3.7776e-02,  3.8502e-02],
          [ 5.4258e-03,  1.0449e-02,  6.2937e-02],
          [-3.3405e-02, -3.5907e-02, -2.5722e-02]],

         [[-1.9131e-02,  4.6739e-02,  1.3325e-01],
          [-2.5976e-02,  5.8292e-02,  7.7097e-02],
          [ 1.2643e-03, -1.0670e-02, -1.6615e-02]]],


        [[[-2.7746e-02,  8.3628e-03, -9.7678e-03],
          [-8.6211e-03, -1.9530e-02,  2.6252e-02],
          [ 1.2441e-04, -1.3577e-02, -1.6762e-02]],

         [[ 8.7337e-03,  4.1943e-02,  7.7846e-04],
          [-4.6913e-04,  3.4097e-02, -8.1795e-03],
          [ 3.0287e-02, -1.6208e-02,  1.2655e-02]],

         [[ 3.7165e-03,  1.2476e-02, -5.5089e-02],
          [-1.2665e-02, -1.5669e-02, -1.6169e-03],
          [ 2.5605e-02,  2.3808e-02,  5.8984e-02]],

         ...,

         [[-2.9349e-02, -2.1030e-04, -1.2073e-02],
          [ 3.3990e-02,  5.3640e-03,  3.1379e-02],
          [-5.3978e-03,  4.0742e-02,  1.3374e-01]],

         [[ 1.6878e-02, -1.5845e-02, -9.9379e-03],
          [ 6.7736e-03, -4.2091e-03, -5.0462e-03],
          [-3.5316e-02, -3.5277e-02, -1.9134e-02]],

         [[ 1.3000e-02,  2.6273e-02,  3.0550e-02],
          [-4.7971e-02, -3.7478e-02,  1.7166e-02],
          [-1.2360e-02, -1.4429e-02,  3.4994e-03]]]])

Name: res_block_2.conv2.bias | Shape: [256]
Values:
tensor([ 9.0440e-04, -2.8782e-04,  3.7363e-04, -4.6446e-04, -1.2023e-03,
        -1.5267e-03,  1.5109e-03, -1.9242e-03,  9.8921e-04,  6.4449e-04,
        -8.7137e-04,  1.8625e-03,  1.9687e-03, -5.0513e-04,  1.4098e-03,
        -1.0532e-03, -1.6736e-03,  1.2038e-03,  4.5132e-04, -1.6037e-05,
         6.8546e-04,  1.1173e-03, -1.9368e-03,  3.0787e-05, -9.1383e-04,
        -4.7251e-04, -8.5401e-04, -1.8626e-03,  4.7663e-04,  9.0366e-04,
        -1.9042e-03,  4.7609e-04, -1.9657e-03, -1.8927e-03,  8.3938e-04,
        -1.3157e-03,  1.7349e-04, -1.1543e-03,  1.4303e-03,  1.0423e-03,
        -1.9467e-03,  1.7392e-04,  7.5598e-04, -6.0218e-04, -8.7856e-04,
         1.7709e-03, -1.8598e-03,  2.8032e-04, -1.5853e-03,  1.8291e-03,
         1.9002e-03, -1.7565e-03,  5.5830e-04, -1.1092e-03, -1.8650e-03,
        -1.6824e-03, -1.6418e-03,  1.1002e-03, -1.7186e-03, -6.3702e-04,
         7.9017e-04,  1.4553e-03, -1.6580e-03, -1.9699e-04, -2.1604e-04,
         1.2274e-03, -1.1937e-03,  1.8238e-03, -3.5418e-04, -1.2694e-03,
         6.5496e-04,  3.7165e-04, -1.1935e-03,  3.7724e-04,  1.7167e-03,
         8.6822e-04,  2.1369e-04, -1.5097e-03,  1.9072e-03,  6.2842e-04,
        -1.4432e-03,  7.8528e-04,  8.7789e-04, -1.0370e-03, -7.5207e-04,
        -2.4256e-04,  1.2513e-03, -1.1986e-03, -1.3846e-03, -2.5736e-04,
        -9.9102e-04, -1.2378e-03, -5.3062e-04, -7.0120e-04, -1.6105e-03,
         2.6098e-04, -1.0838e-03, -3.1701e-04, -9.2011e-05,  1.9472e-03,
        -8.7406e-04,  1.0218e-03, -1.2376e-03, -1.8496e-03,  1.6953e-03,
        -1.0643e-03, -1.9832e-04, -1.3538e-03,  1.5021e-03, -7.9641e-05,
         1.4013e-03, -1.8827e-05,  5.9529e-04, -1.6533e-03, -6.4719e-04,
        -1.7556e-03, -1.3833e-03, -1.3936e-03,  4.9583e-04,  1.1181e-03,
         1.2982e-03, -1.0390e-03, -6.2632e-04,  1.0701e-03,  1.6126e-03,
        -1.6650e-03, -1.6706e-03, -2.3961e-04,  2.7146e-04,  1.5168e-03,
         1.4815e-03, -1.3082e-03,  1.6234e-03, -6.0074e-04, -1.1342e-03,
         1.7137e-03,  1.4511e-03, -1.1790e-03, -7.4886e-04,  1.8646e-03,
         1.0611e-03,  3.7405e-04,  1.2474e-03,  1.5645e-03, -1.5181e-03,
        -6.3353e-04, -2.4224e-04, -2.1575e-04,  9.4786e-04,  1.7946e-04,
        -1.5012e-03,  8.4187e-05,  9.9259e-04, -6.9765e-04, -7.2710e-04,
         1.3656e-03,  5.3634e-04,  1.8041e-03,  4.1932e-04, -1.7156e-04,
         6.4546e-04, -1.0434e-03, -1.5547e-03,  1.4332e-03, -4.4127e-04,
         1.3389e-03, -1.0329e-03,  6.2173e-04,  9.4027e-04,  1.9521e-03,
         8.6803e-04,  7.0982e-04, -8.9921e-04, -1.0155e-03,  1.7301e-03,
        -8.8902e-04, -1.6824e-03,  1.7908e-03,  1.5204e-03, -7.1363e-04,
         4.7105e-04, -1.8271e-03, -1.8697e-03,  1.5916e-03,  3.6836e-04,
        -1.3961e-03,  2.2901e-04,  5.8073e-04, -5.6967e-04, -1.2387e-03,
        -9.9222e-04,  1.2331e-03, -2.0247e-04, -1.5383e-04, -1.3221e-04,
        -1.6002e-03, -1.5937e-03,  5.9375e-05, -1.9321e-03,  1.2604e-03,
         7.7258e-04,  3.9855e-05, -8.4725e-04, -1.4741e-03,  1.1238e-03,
         1.9534e-03,  1.9462e-03, -6.8446e-04, -3.1214e-04,  4.6169e-04,
        -1.7613e-03, -1.2471e-03, -7.8014e-04,  1.3098e-03, -4.0554e-04,
         1.3318e-03,  1.0438e-03, -4.8269e-04,  1.0709e-03,  1.6693e-03,
        -8.5218e-04,  2.4574e-04,  2.9785e-04, -1.2407e-03, -6.9769e-04,
         1.4107e-03, -1.1660e-03, -2.2802e-04,  3.6162e-04,  3.6094e-05,
        -6.9544e-04, -8.9831e-04,  1.5256e-03,  1.5555e-03,  1.3794e-03,
        -1.2095e-03,  2.1571e-04,  1.6687e-03, -2.9110e-04, -9.3627e-04,
        -7.9084e-05,  2.1330e-04,  1.0052e-04, -9.7377e-04,  1.4404e-03,
        -1.3408e-03, -1.1506e-03,  1.1763e-03, -1.8949e-03, -1.5308e-03,
         1.9572e-03, -2.1542e-04,  2.1836e-04, -5.4452e-04, -3.3621e-04,
         1.4996e-03])

Name: res_block_2.bn2.weight | Shape: [256]
Values:
tensor([0.2441, 0.3011, 0.3034, 0.2464, 0.2066, 0.2520, 0.2739, 0.4585, 0.2988,
        0.3037, 0.2950, 0.2597, 0.4081, 0.2698, 0.2750, 0.2951, 0.2847, 0.2732,
        0.3030, 0.2052, 0.2698, 0.3203, 0.2298, 0.2378, 0.2668, 0.2456, 0.2749,
        0.2779, 0.2059, 0.3842, 0.2205, 0.2224, 0.2767, 0.2176, 0.2593, 0.3061,
        0.4242, 0.2641, 0.2886, 0.2496, 0.3955, 0.2761, 0.2411, 0.2589, 0.2923,
        0.2991, 0.2309, 0.2406, 0.3238, 0.3106, 0.2953, 0.2724, 0.2155, 0.2703,
        0.2329, 0.2472, 0.3062, 0.2401, 0.2081, 0.2742, 0.2744, 0.2075, 0.1731,
        0.2538, 0.2947, 0.3208, 0.2692, 0.2776, 0.2689, 0.3030, 0.2439, 0.4303,
        0.3145, 0.3429, 0.3252, 0.3230, 0.3073, 0.2821, 0.3226, 0.2686, 0.2522,
        0.1799, 0.2946, 0.3591, 0.3371, 0.3052, 0.3232, 0.2373, 0.2376, 0.3015,
        0.2443, 0.3232, 0.3121, 0.2760, 0.2186, 0.2913, 0.2717, 0.2585, 0.2485,
        0.2917, 0.2069, 0.3243, 0.3223, 0.2550, 0.2605, 0.3071, 0.2874, 0.2264,
        0.2297, 0.1884, 0.2806, 0.2832, 0.2985, 0.2544, 0.2933, 0.2635, 0.2298,
        0.3166, 0.1694, 0.2708, 0.2529, 0.2329, 0.3026, 0.2544, 0.3151, 0.3606,
        0.2598, 0.3267, 0.2927, 0.2191, 0.2609, 0.1731, 0.1731, 0.3768, 0.3419,
        0.4345, 0.4381, 0.2621, 0.2929, 0.2793, 0.1703, 0.2105, 0.3156, 0.2873,
        0.2513, 0.2340, 0.2522, 0.2758, 0.2767, 0.2839, 0.3009, 0.2455, 0.3355,
        0.2851, 0.3425, 0.2416, 0.2170, 0.1337, 0.2072, 0.2687, 0.2391, 0.2575,
        0.2800, 0.2827, 0.2973, 0.3228, 0.2351, 0.1337, 0.1747, 0.2154, 0.3474,
        0.2680, 0.2980, 0.2666, 0.3388, 0.1496, 0.2811, 0.2769, 0.2937, 0.3837,
        0.2583, 0.2926, 0.2654, 0.3293, 0.3082, 0.2819, 0.3187, 0.3711, 0.3077,
        0.3679, 0.2374, 0.3099, 0.3116, 0.2039, 0.3218, 0.2871, 0.3199, 0.4001,
        0.3242, 0.2628, 0.2706, 0.1804, 0.3060, 0.2575, 0.2810, 0.2723, 0.2577,
        0.2417, 0.2821, 0.3125, 0.3309, 0.2373, 0.2934, 0.2603, 0.2735, 0.2190,
        0.4457, 0.2926, 0.2455, 0.2744, 0.2910, 0.2851, 0.1347, 0.2775, 0.2398,
        0.3083, 0.2323, 0.1918, 0.2364, 0.3167, 0.3113, 0.2902, 0.2848, 0.3246,
        0.3534, 0.2178, 0.2715, 0.2131, 0.2331, 0.2535, 0.2385, 0.2254, 0.2303,
        0.2488, 0.2439, 0.2756, 0.2960, 0.2618, 0.3018, 0.2523, 0.2646, 0.2775,
        0.2784, 0.2599, 0.5235, 0.4555])

Name: res_block_2.bn2.bias | Shape: [256]
Values:
tensor([-0.0645, -0.0877, -0.0781, -0.1358, -0.0470, -0.0339, -0.0257, -0.1101,
        -0.0876, -0.0472, -0.0509, -0.0237, -0.0476, -0.0994, -0.1307, -0.0683,
        -0.0749, -0.0879, -0.0332, -0.1703,  0.0654, -0.0583, -0.0269, -0.0089,
        -0.0151, -0.0478, -0.0971,  0.0231, -0.0535, -0.0340, -0.0573,  0.0329,
        -0.0173, -0.0716, -0.0483, -0.0391, -0.1117,  0.0068, -0.0254, -0.0541,
        -0.0157, -0.0927, -0.1298, -0.1127, -0.0537, -0.0770, -0.0274, -0.0617,
        -0.1509, -0.1254, -0.0541, -0.1135,  0.0518, -0.1315, -0.1258, -0.0515,
        -0.0502, -0.0322, -0.0708,  0.0431, -0.0141, -0.1034,  0.0369, -0.1161,
        -0.0088, -0.1125,  0.0040,  0.0559, -0.0650, -0.0311, -0.0260, -0.1089,
        -0.0643, -0.0468, -0.0313, -0.0386, -0.0424, -0.0741, -0.1027, -0.0286,
        -0.0501, -0.1622, -0.0995, -0.1479, -0.0912, -0.1006, -0.0415, -0.0214,
        -0.0450, -0.0368, -0.0514, -0.0519, -0.1361, -0.1693,  0.0055,  0.0012,
        -0.1057, -0.0277, -0.0831, -0.0988, -0.0473, -0.1060, -0.0524, -0.0037,
        -0.0187, -0.0763, -0.0852, -0.1089, -0.0832, -0.0309, -0.0661, -0.0075,
        -0.0056,  0.0123,  0.1432, -0.1008,  0.0526, -0.0609, -0.0705, -0.1480,
        -0.1015, -0.0273, -0.0957, -0.0576, -0.0465, -0.0262, -0.0238, -0.0916,
        -0.0406, -0.0985, -0.0883, -0.0659, -0.0175, -0.1301, -0.0814, -0.1085,
        -0.1748, -0.1331, -0.0385, -0.0275, -0.0752, -0.0096, -0.0919, -0.0690,
        -0.0780, -0.0950, -0.1333, -0.2148, -0.0556, -0.0732,  0.0006, -0.0844,
        -0.0916, -0.0050, -0.0611, -0.0877, -0.0857, -0.0082, -0.0052,  0.0640,
        -0.1306, -0.0822, -0.0303, -0.0380, -0.1389, -0.0685, -0.0064,  0.1635,
         0.0401,  0.0443, -0.1045, -0.0478, -0.0952, -0.1437, -0.0660, -0.0660,
        -0.1010, -0.0609,  0.0106, -0.0241, -0.1021, -0.0966, -0.0925, -0.1106,
        -0.0449, -0.1324, -0.1340, -0.0563, -0.0292, -0.2070, -0.0535, -0.0941,
        -0.0814, -0.0623,  0.0024, -0.0866, -0.0915, -0.0635, -0.0809, -0.0902,
        -0.0248, -0.0528, -0.0326, -0.0190,  0.0199, -0.1396, -0.0807, -0.0122,
        -0.0837, -0.0585, -0.1103, -0.0160, -0.0554, -0.1039, -0.0810, -0.1149,
        -0.0204, -0.0938,  0.0161,  0.0228, -0.0317, -0.0775, -0.0235,  0.0149,
        -0.1262, -0.1151,  0.0074, -0.0268, -0.1422, -0.0655,  0.0036,  0.0203,
        -0.0655, -0.0858, -0.0172, -0.1308, -0.0969, -0.1672, -0.0802, -0.1244,
        -0.1418, -0.0978, -0.0548, -0.0572, -0.0533, -0.0136,  0.0636, -0.1837,
        -0.0456, -0.0389, -0.0755, -0.1010, -0.0377, -0.0955, -0.0400, -0.0951])

Name: res_block_3.conv1.weight | Shape: [256, 256, 3, 3]
Values:
tensor([[[[ 2.0485e-02, -3.9886e-02,  7.4785e-02],
          [-1.1552e-02,  3.4485e-02,  2.5248e-02],
          [ 1.9401e-02,  5.3527e-02,  4.6850e-02]],

         [[-5.4414e-02,  5.3385e-03,  1.4904e-02],
          [-1.2883e-02, -7.7680e-03, -8.0514e-03],
          [ 1.1041e-02, -4.5044e-02, -2.5840e-02]],

         [[ 2.4862e-02,  2.7500e-02,  1.5612e-02],
          [-2.3097e-02,  1.5881e-02,  4.1345e-03],
          [-5.3179e-03,  4.8180e-03,  1.3027e-02]],

         ...,

         [[-4.3690e-03,  1.3864e-02, -3.1723e-03],
          [ 2.2486e-03,  3.2965e-02,  1.3907e-02],
          [-1.7986e-02,  1.4467e-02, -1.4641e-02]],

         [[-8.5095e-03,  1.2085e-02,  2.5200e-04],
          [-1.9949e-02, -8.2671e-03, -6.3397e-03],
          [-2.2538e-02,  4.4105e-03, -2.7501e-02]],

         [[-3.8654e-02, -4.0514e-02,  1.7686e-04],
          [-1.9226e-02, -7.1100e-03, -7.5074e-05],
          [-4.8620e-03,  4.2818e-03, -2.9561e-02]]],


        [[[ 9.5267e-03,  2.7783e-03,  1.0913e-03],
          [ 1.9591e-02,  1.0011e-02, -1.6830e-02],
          [-2.0163e-02, -7.0805e-03, -2.4234e-02]],

         [[-9.2651e-03, -8.4463e-03, -5.1509e-03],
          [ 4.7584e-03,  5.4524e-03, -1.9436e-02],
          [-1.3078e-02, -1.8806e-02, -7.4309e-02]],

         [[ 2.8111e-03,  1.0746e-02, -3.5132e-02],
          [ 5.5608e-03,  5.2653e-03, -1.3006e-02],
          [ 1.3573e-02, -7.7303e-03, -3.1390e-02]],

         ...,

         [[ 3.8235e-02, -3.5276e-02, -2.9021e-03],
          [-2.3034e-02,  1.6831e-02,  2.4767e-03],
          [ 2.9511e-02, -9.9600e-04,  5.2647e-02]],

         [[-6.1480e-02,  1.2094e-02, -8.3368e-03],
          [-3.1457e-02,  3.7948e-02, -2.0524e-03],
          [-3.5890e-02, -1.9049e-02, -3.8809e-02]],

         [[ 5.7955e-03, -1.3651e-02,  1.0850e-02],
          [-2.9520e-02, -1.1828e-02,  1.1488e-03],
          [-3.1192e-02, -2.2335e-02,  3.3616e-02]]],


        [[[ 1.6933e-02,  4.1417e-03, -1.2787e-02],
          [-1.6168e-03, -1.4122e-02, -8.3514e-04],
          [-2.1825e-02, -3.4318e-02,  5.6150e-03]],

         [[ 1.0005e-02,  4.3355e-03, -3.1623e-02],
          [ 7.7833e-03,  2.6044e-03, -9.1298e-03],
          [-3.4970e-02,  1.3433e-02, -8.6148e-03]],

         [[ 4.2901e-03,  3.2323e-02,  1.6512e-02],
          [-6.4291e-03,  1.2604e-02, -4.6605e-03],
          [ 1.0188e-02,  5.8783e-03,  8.1991e-03]],

         ...,

         [[ 2.9705e-02,  2.3362e-02,  1.0856e-02],
          [ 1.3617e-02,  7.3562e-03,  7.3612e-03],
          [-1.4383e-04,  3.1795e-02, -5.7273e-03]],

         [[ 1.9912e-02,  1.3740e-02, -3.5918e-02],
          [-9.8314e-03, -1.4014e-02, -5.4288e-03],
          [ 1.8289e-02,  4.1406e-03,  7.0458e-03]],

         [[ 1.2068e-03, -3.1542e-03, -8.7589e-04],
          [ 1.0370e-02, -1.0600e-02, -7.3154e-03],
          [-5.8076e-03, -1.8225e-02,  7.5422e-03]]],


        ...,


        [[[ 1.0254e-02, -7.7441e-03, -1.4398e-02],
          [ 2.8410e-02, -8.5153e-03,  4.2032e-02],
          [-2.6907e-02,  1.6969e-02,  5.0197e-02]],

         [[-2.8210e-02,  2.5921e-02,  2.9270e-02],
          [ 5.7377e-03,  2.3418e-02,  9.2300e-03],
          [-3.1913e-02, -3.8806e-02, -2.5785e-02]],

         [[-1.6160e-02, -6.0987e-03, -3.0525e-03],
          [ 1.4113e-02,  2.0663e-02,  2.2645e-02],
          [ 1.7425e-03, -2.4375e-02,  6.5488e-02]],

         ...,

         [[ 2.8826e-02, -1.3960e-02,  2.1543e-02],
          [ 2.8175e-02, -5.4565e-02,  5.4388e-02],
          [ 1.2293e-02,  4.6645e-02,  3.8970e-02]],

         [[ 4.1828e-02,  3.3711e-04,  1.5851e-02],
          [ 2.9457e-02, -8.5713e-03,  1.1407e-02],
          [-4.7942e-03, -2.2685e-02, -2.9019e-02]],

         [[-2.2470e-02, -1.3330e-02,  1.2651e-02],
          [-2.5918e-02, -1.6052e-02, -1.1786e-02],
          [-4.2003e-02, -3.1254e-02, -2.0324e-02]]],


        [[[-2.0010e-02, -2.4268e-02,  3.3331e-03],
          [-3.3320e-02,  1.0108e-02,  2.1309e-02],
          [ 1.1342e-02,  1.0659e-02,  1.9740e-02]],

         [[-1.0085e-02,  1.1965e-02,  2.2100e-02],
          [-6.6618e-03,  2.1292e-02, -3.6736e-03],
          [-1.1499e-02,  2.4073e-02,  1.4070e-02]],

         [[-1.1668e-02, -1.6668e-02,  9.5220e-03],
          [ 1.6457e-02,  7.5064e-03, -1.1406e-02],
          [-1.2534e-02,  9.3675e-03, -1.7090e-02]],

         ...,

         [[-4.4664e-03,  3.3616e-03, -1.5792e-02],
          [ 5.4979e-03,  2.0930e-02, -8.1673e-04],
          [ 3.8963e-02, -4.6687e-03, -9.5582e-03]],

         [[ 1.5497e-02, -1.8679e-02, -1.1554e-02],
          [-4.5907e-03, -1.7345e-02, -1.9893e-02],
          [-2.9990e-02, -2.2685e-02, -1.1104e-02]],

         [[ 4.7371e-02,  1.3965e-02,  3.9933e-03],
          [ 2.8928e-02,  2.1850e-02,  1.9997e-04],
          [-2.2731e-02,  1.8174e-02, -1.8016e-02]]],


        [[[-3.2377e-02,  1.0142e-02, -1.5998e-02],
          [ 3.6231e-03,  1.9106e-02, -9.5645e-03],
          [-4.4964e-02,  6.2903e-03, -9.6688e-04]],

         [[-1.5563e-02,  2.7251e-02, -7.7337e-03],
          [-1.5515e-02,  1.6507e-02,  1.6811e-02],
          [ 4.5909e-03,  4.6053e-03, -1.8789e-02]],

         [[-7.7304e-03, -2.1617e-03, -3.3729e-02],
          [ 6.5217e-03,  3.1854e-02,  9.4150e-03],
          [ 2.0515e-02, -1.3283e-02,  3.1830e-02]],

         ...,

         [[ 1.5632e-02, -2.6445e-02, -1.0252e-02],
          [-8.6978e-03,  1.5634e-02, -1.4224e-02],
          [-2.0623e-02,  2.2297e-02,  1.5259e-02]],

         [[-1.0194e-02,  8.5504e-03,  3.1488e-02],
          [ 3.9804e-03,  3.1636e-02,  1.6781e-02],
          [-7.2893e-03, -5.0513e-03, -2.1490e-03]],

         [[-2.2704e-02, -2.3995e-02,  2.0493e-02],
          [-1.3493e-02, -2.0079e-02, -1.6979e-02],
          [ 3.1368e-03, -4.5590e-02, -1.6368e-02]]]])

Name: res_block_3.conv1.bias | Shape: [256]
Values:
tensor([ 9.4571e-04,  9.9929e-05,  2.0002e-04, -1.7738e-03,  5.9595e-04,
        -7.2664e-05,  1.0895e-03, -5.1157e-04,  1.9259e-03,  1.2307e-03,
        -5.9063e-04, -4.2562e-04,  1.8476e-03,  1.7915e-03, -7.3373e-04,
        -6.2811e-04,  1.7023e-03, -1.0116e-03,  7.0692e-04, -7.8899e-04,
         1.8576e-03,  7.2264e-04,  1.7159e-03,  6.6599e-04, -8.4491e-04,
         3.3621e-04,  6.1997e-04, -8.8586e-04, -1.1386e-03, -1.8792e-03,
         8.4864e-04, -9.6783e-04,  1.9199e-03,  9.9745e-04,  1.1807e-04,
        -1.5701e-03, -1.7063e-03,  4.3144e-05,  1.3627e-03,  2.0725e-04,
        -4.9513e-04, -1.7831e-03,  1.9380e-03, -1.1157e-03,  6.5733e-05,
         9.6690e-04, -1.3236e-03,  1.3197e-03, -1.1127e-03,  7.9228e-04,
         1.3212e-03,  1.9253e-03,  5.9100e-04, -1.5381e-03,  1.1880e-03,
         2.0363e-04,  1.8361e-03,  1.4859e-03,  1.3578e-03,  4.7127e-04,
        -4.0250e-04, -9.2058e-04,  5.8880e-04, -2.7540e-04,  1.7067e-03,
        -1.3938e-03,  1.1451e-03, -9.9820e-04,  1.9727e-04,  1.4187e-03,
         9.0837e-04, -1.5631e-03,  2.7447e-04, -3.6792e-04, -1.4271e-03,
         2.6051e-04,  8.7411e-05,  4.0934e-04,  8.8364e-04,  1.1693e-03,
         6.9585e-04,  1.7662e-03,  9.8584e-04,  1.9508e-03, -7.9096e-04,
        -1.6867e-03,  1.2699e-03,  1.5494e-03, -1.4506e-04,  1.6912e-03,
        -8.6375e-04, -2.6321e-04, -1.9476e-03, -1.3387e-03,  1.2941e-04,
        -1.0792e-03,  7.8670e-04,  3.3755e-04,  3.7308e-04,  5.9187e-04,
        -1.9732e-03, -1.5726e-03, -1.2687e-03, -8.5521e-04, -3.0017e-04,
         1.6427e-03,  1.2863e-03,  9.5779e-04, -1.1860e-03,  1.2672e-03,
         4.2423e-04,  1.5047e-03,  1.0242e-03,  1.0013e-03, -5.1579e-04,
         3.7808e-04, -6.4645e-04, -1.4695e-03,  1.7462e-03,  1.6383e-03,
        -8.8842e-04,  3.7182e-04, -7.2790e-05,  1.2874e-03, -1.9213e-03,
        -6.5167e-05, -1.6421e-03,  5.8706e-04, -7.8254e-04, -1.1909e-03,
         5.0419e-04, -1.5098e-03,  1.7290e-03, -1.6445e-03,  1.0556e-03,
        -1.5792e-03,  1.4533e-04, -2.6581e-04,  9.8004e-05, -1.9329e-03,
        -9.4943e-04,  9.4673e-04, -2.0031e-04, -1.5276e-03, -7.4365e-04,
        -1.9433e-03,  5.9431e-04,  9.5849e-04,  1.8538e-03, -1.8613e-03,
        -1.8018e-03,  1.2628e-03,  8.5027e-04,  1.3383e-04,  8.4680e-04,
        -7.9739e-04,  7.6214e-04, -1.5646e-03,  1.8815e-03,  1.2272e-03,
         1.1265e-03,  2.5237e-05,  1.3153e-03, -1.1678e-03,  1.3598e-03,
         1.2807e-03,  1.0379e-03,  6.2303e-04,  2.6340e-04,  7.2041e-04,
         5.8790e-04,  1.2344e-03, -1.1611e-03, -9.9640e-04,  5.8206e-04,
         1.7650e-03, -1.7649e-03,  1.0438e-03, -3.5674e-04,  4.9075e-04,
         3.1683e-04, -1.0805e-03, -1.6930e-03,  1.6313e-03,  1.2143e-03,
        -1.7351e-03, -9.0911e-04,  7.1553e-04,  1.3294e-03,  9.4114e-04,
         1.8727e-03, -1.2808e-03, -1.5152e-03, -6.7115e-04, -1.8202e-04,
         4.7499e-04,  1.6061e-03, -1.3326e-03, -1.4019e-03,  3.2006e-04,
         3.9422e-04, -6.0686e-04, -1.9712e-03, -8.5287e-04,  1.0716e-04,
        -1.4032e-03,  8.3435e-05, -3.7819e-04,  1.3011e-04, -3.5186e-04,
        -1.1883e-03,  1.5794e-03,  1.5220e-03,  6.2423e-04, -1.5326e-03,
         3.4277e-04, -1.5586e-03,  1.3309e-03, -1.2322e-03, -5.6200e-04,
         1.4463e-03,  9.6325e-04,  1.6009e-03,  1.4814e-04, -6.0968e-04,
         1.4605e-03,  1.3673e-03,  1.2666e-03,  6.7199e-04,  8.4948e-04,
         7.5742e-04,  1.7632e-03,  4.2758e-04, -8.0406e-04, -1.8847e-03,
         1.6760e-03, -1.2560e-03,  1.3085e-03, -2.3565e-04, -1.2990e-03,
         1.1453e-03, -8.6311e-04,  9.4900e-04,  1.3829e-04, -8.2597e-07,
        -4.4793e-04,  2.5519e-04, -1.9032e-03,  1.1817e-03,  1.4134e-04,
         1.1101e-03, -8.8792e-04, -5.7218e-04, -1.9687e-04,  5.2336e-04,
        -1.8228e-03])

Name: res_block_3.bn1.weight | Shape: [256]
Values:
tensor([0.1920, 0.2247, 0.2083, 0.1759, 0.2305, 0.2347, 0.2597, 0.2415, 0.2667,
        0.2387, 0.2050, 0.2973, 0.2750, 0.2390, 0.2140, 0.2530, 0.2576, 0.2368,
        0.1874, 0.2015, 0.2338, 0.2677, 0.2748, 0.2769, 0.2254, 0.2161, 0.2247,
        0.2657, 0.2354, 0.2449, 0.2592, 0.2315, 0.2468, 0.2127, 0.2346, 0.2284,
        0.2268, 0.2704, 0.2430, 0.2115, 0.2800, 0.2841, 0.2390, 0.2202, 0.2265,
        0.2402, 0.2718, 0.2539, 0.2369, 0.2609, 0.2392, 0.2491, 0.2194, 0.2438,
        0.2447, 0.2228, 0.2240, 0.2318, 0.2340, 0.2083, 0.1910, 0.2783, 0.2295,
        0.2137, 0.2195, 0.2439, 0.2608, 0.2646, 0.2392, 0.2389, 0.1891, 0.2414,
        0.2322, 0.2371, 0.2644, 0.2267, 0.3078, 0.2350, 0.2655, 0.2750, 0.2502,
        0.2523, 0.2677, 0.2501, 0.2438, 0.2674, 0.2309, 0.2421, 0.2097, 0.2443,
        0.2533, 0.2343, 0.1904, 0.2880, 0.2239, 0.2110, 0.2402, 0.2375, 0.2557,
        0.2685, 0.2270, 0.2172, 0.2308, 0.2664, 0.2111, 0.2161, 0.2234, 0.2694,
        0.2608, 0.2545, 0.2209, 0.2370, 0.2558, 0.2631, 0.2311, 0.2368, 0.2103,
        0.2199, 0.2747, 0.3034, 0.2534, 0.2744, 0.2198, 0.2045, 0.2579, 0.2474,
        0.2854, 0.2448, 0.2515, 0.2384, 0.2487, 0.2523, 0.2105, 0.2484, 0.2745,
        0.2408, 0.2443, 0.2270, 0.2447, 0.2396, 0.2595, 0.2530, 0.2265, 0.2620,
        0.2431, 0.2451, 0.2509, 0.2717, 0.2434, 0.2546, 0.3259, 0.2534, 0.1891,
        0.2301, 0.2177, 0.2172, 0.2739, 0.2310, 0.2060, 0.2477, 0.2448, 0.2310,
        0.2451, 0.2493, 0.2104, 0.2542, 0.2552, 0.2651, 0.2500, 0.2457, 0.1948,
        0.2223, 0.2496, 0.2982, 0.2773, 0.2311, 0.2579, 0.2275, 0.2394, 0.2205,
        0.2440, 0.2660, 0.2476, 0.2714, 0.2595, 0.2020, 0.2092, 0.2170, 0.2663,
        0.2625, 0.2457, 0.2053, 0.2339, 0.2323, 0.2443, 0.2564, 0.2272, 0.2556,
        0.2659, 0.2453, 0.2351, 0.2390, 0.2578, 0.2406, 0.1936, 0.1976, 0.2123,
        0.2363, 0.2251, 0.2198, 0.2282, 0.2243, 0.2175, 0.2422, 0.2659, 0.2672,
        0.1948, 0.2501, 0.2283, 0.2352, 0.2235, 0.2917, 0.2250, 0.2414, 0.2597,
        0.2184, 0.2212, 0.2321, 0.3002, 0.2198, 0.2655, 0.2586, 0.2149, 0.2279,
        0.2334, 0.2086, 0.2219, 0.2951, 0.2085, 0.2405, 0.2353, 0.2570, 0.2016,
        0.2077, 0.2147, 0.2409, 0.2178, 0.1954, 0.2693, 0.2409, 0.2583, 0.2674,
        0.2055, 0.2789, 0.2676, 0.2275])

Name: res_block_3.bn1.bias | Shape: [256]
Values:
tensor([-0.0790, -0.1850, -0.2105, -0.0681, -0.0694, -0.2023, -0.1521, -0.1612,
        -0.1172, -0.2262, -0.1639, -0.1821, -0.1348, -0.1171, -0.1963, -0.1538,
        -0.1868, -0.1206, -0.1528, -0.1058, -0.1522, -0.0971, -0.1671, -0.1009,
        -0.1353, -0.1278, -0.1342, -0.1100, -0.1239, -0.1934, -0.1352, -0.1614,
        -0.1553, -0.1923, -0.1666, -0.1740, -0.1368, -0.1057, -0.1936, -0.1558,
        -0.2405, -0.1602, -0.1299, -0.1555, -0.1780, -0.1584, -0.1619, -0.2256,
        -0.1914, -0.1381, -0.1281, -0.1359, -0.1791, -0.1638, -0.2011, -0.1413,
        -0.1213, -0.1592, -0.1437, -0.1574, -0.1553, -0.0670, -0.1621, -0.2078,
        -0.1535, -0.1956, -0.1062, -0.1241, -0.1363, -0.1910, -0.0933, -0.1752,
        -0.1255, -0.1243, -0.0425, -0.1466, -0.1357, -0.0231, -0.1450, -0.1461,
        -0.1380, -0.2363, -0.1202, -0.0888, -0.1771, -0.1352, -0.1568, -0.1243,
        -0.1842, -0.0877, -0.1040, -0.1187, -0.1467, -0.1066, -0.1357, -0.1823,
        -0.0727, -0.1284, -0.2243, -0.1706, -0.0773, -0.1304, -0.1264, -0.0938,
        -0.1287, -0.1427, -0.1934, -0.1043, -0.1868, -0.1707, -0.1387, -0.1662,
        -0.0995, -0.1725, -0.1544, -0.1969, -0.1970, -0.2429, -0.1146, -0.1759,
        -0.1250, -0.1716, -0.1249, -0.1980, -0.1003, -0.2069, -0.1595, -0.0446,
        -0.1500, -0.1702, -0.1853, -0.1080, -0.1057, -0.1386, -0.1176, -0.1798,
        -0.1430, -0.1162, -0.1886, -0.1393, -0.1603, -0.0948, -0.1407, -0.1544,
        -0.2068, -0.1195, -0.1871, -0.1101, -0.1822, -0.1901, -0.2202, -0.2154,
        -0.0602, -0.1387, -0.1001, -0.0504, -0.1700, -0.1200, -0.1587, -0.1345,
        -0.1360, -0.0724, -0.0934, -0.1700, -0.2056, -0.1694, -0.1189, -0.1290,
        -0.0779, -0.1560, -0.1450, -0.1613, -0.0446, -0.1007, -0.0779, -0.1304,
        -0.1652, -0.1865, -0.1030, -0.1483, -0.0844, -0.0666, -0.2487, -0.1490,
        -0.1279, -0.1402, -0.1837, -0.1884, -0.1210, -0.1176, -0.1099, -0.2054,
        -0.0556, -0.1148, -0.1489, -0.1070, -0.0926, -0.1328, -0.1403, -0.2490,
        -0.1879, -0.1504, -0.2332, -0.0911, -0.1302, -0.2101, -0.1291, -0.1517,
        -0.1477, -0.1473, -0.1328, -0.0947, -0.1043, -0.1012, -0.1334, -0.1034,
        -0.0258, -0.1080, -0.1496, -0.1891, -0.1836, -0.2683, -0.1593, -0.1532,
        -0.1723, -0.1338, -0.1299, -0.1288, -0.1754, -0.1524, -0.1558, -0.1628,
        -0.1424, -0.1297, -0.1804, -0.0899, -0.1401, -0.0798, -0.1529, -0.1737,
        -0.1806, -0.1487, -0.1226, -0.1739, -0.0851, -0.1409, -0.1256, -0.2152,
        -0.0782, -0.1622, -0.2183, -0.2427, -0.1554, -0.1145, -0.1386, -0.0904])

Name: res_block_3.conv2.weight | Shape: [256, 256, 3, 3]
Values:
tensor([[[[ 3.6332e-02, -2.5165e-03,  3.1047e-02],
          [ 2.2171e-03,  1.7877e-02, -2.5306e-03],
          [ 4.0274e-03, -6.3502e-03, -1.0945e-02]],

         [[ 1.3923e-02, -2.1071e-02,  3.6907e-02],
          [-3.3924e-03,  3.5794e-02, -1.9867e-02],
          [-1.3504e-02,  3.3692e-02,  4.4048e-02]],

         [[-4.3234e-02,  9.4777e-03,  1.8835e-02],
          [-7.0613e-02, -1.2678e-02, -1.5406e-02],
          [ 5.1893e-03,  1.7122e-02, -2.5402e-02]],

         ...,

         [[ 4.0141e-02,  2.6623e-02,  1.9261e-02],
          [-2.2344e-02, -7.3744e-02, -4.5020e-02],
          [-3.9083e-02, -2.7192e-02, -7.5657e-02]],

         [[-2.7143e-03,  1.7354e-02, -8.3530e-03],
          [-2.6170e-02,  2.5546e-02,  2.1426e-02],
          [-1.6012e-03,  3.5938e-02, -5.7776e-03]],

         [[ 6.5789e-03, -1.0197e-02, -1.3804e-02],
          [-1.0318e-02,  3.3190e-03, -2.6723e-02],
          [ 2.4645e-02, -2.0326e-02,  2.0999e-02]]],


        [[[ 2.2249e-03,  1.2342e-02,  3.9122e-02],
          [-7.7626e-03,  8.9803e-03,  1.0679e-02],
          [ 5.1256e-04, -1.3908e-02,  1.9269e-02]],

         [[-1.9223e-02, -3.0551e-02, -4.4263e-03],
          [-1.4377e-03, -4.8858e-02, -5.7911e-03],
          [ 1.4826e-03, -4.0339e-03, -3.1725e-03]],

         [[-4.7207e-02,  1.5661e-02,  2.4592e-02],
          [-1.3564e-02,  1.6978e-02,  3.6974e-02],
          [-3.2766e-02, -1.5850e-02,  9.7824e-03]],

         ...,

         [[-8.0347e-03, -1.2301e-03,  2.2260e-03],
          [-1.5733e-02, -1.8659e-03,  1.2043e-02],
          [-2.4748e-02, -1.4372e-02,  1.8152e-02]],

         [[-1.6556e-02, -5.2980e-02, -5.7047e-02],
          [-1.8692e-02, -1.6895e-02, -2.0120e-02],
          [ 5.9310e-03, -6.8532e-03, -6.9653e-03]],

         [[-3.4519e-02, -2.1891e-02, -1.3086e-02],
          [-1.4004e-02, -1.6570e-02, -2.2781e-02],
          [-1.3698e-02, -2.3444e-02, -2.5971e-02]]],


        [[[ 9.9261e-03,  2.2639e-02,  2.2636e-03],
          [-2.0979e-02,  3.2447e-03,  1.5336e-03],
          [ 2.6094e-03, -9.0692e-03,  1.1128e-02]],

         [[-2.8504e-02,  1.6007e-02,  3.1259e-03],
          [ 1.8781e-02, -9.0805e-03, -9.8637e-03],
          [ 8.1183e-03,  1.7968e-02, -2.0208e-02]],

         [[-3.6315e-03, -1.2771e-02, -3.4597e-02],
          [-3.0428e-03, -4.9522e-03, -1.0224e-02],
          [ 4.3710e-03, -1.0671e-02, -1.0023e-04]],

         ...,

         [[-4.8719e-03, -1.2488e-02, -9.0922e-03],
          [-5.3283e-02, -2.1666e-02, -1.4588e-02],
          [-4.3545e-02, -2.4790e-02, -3.2075e-03]],

         [[ 9.1553e-04,  2.5280e-02,  2.5019e-02],
          [ 2.3347e-03,  1.4187e-02, -8.9063e-03],
          [-2.0690e-02, -3.8251e-02, -3.1634e-02]],

         [[-2.9101e-02, -2.2706e-03, -1.2564e-02],
          [ 8.8199e-03,  2.4115e-02,  3.4497e-02],
          [-2.5547e-02,  1.1994e-03, -7.2694e-03]]],


        ...,


        [[[-3.1424e-02,  9.9809e-04,  2.4212e-02],
          [ 1.5764e-02, -2.7631e-02, -2.6938e-02],
          [ 2.0944e-02,  1.3545e-02,  2.7734e-03]],

         [[ 2.0638e-02,  1.7417e-02,  5.0452e-03],
          [-2.3356e-03,  8.7604e-03, -4.0399e-02],
          [ 1.8770e-02, -9.9337e-04, -3.4776e-02]],

         [[-5.8335e-03, -3.4334e-02,  1.0058e-02],
          [ 2.0517e-02, -2.7010e-02, -1.7887e-02],
          [ 6.1089e-02,  1.2276e-02,  2.4865e-02]],

         ...,

         [[-3.8772e-04, -7.5585e-03,  3.0716e-02],
          [ 1.3688e-02,  1.2233e-02, -2.7040e-02],
          [-1.3165e-04,  1.7255e-02, -6.9544e-02]],

         [[-1.0258e-02, -2.4229e-02, -1.0065e-02],
          [ 2.7597e-02, -1.5763e-02,  7.4783e-02],
          [ 1.4827e-02,  1.4337e-02, -4.0173e-02]],

         [[-1.8255e-02, -3.6463e-02, -1.4824e-02],
          [-1.0575e-02,  8.1494e-03, -3.1199e-02],
          [ 1.0605e-02, -3.2082e-02,  1.2985e-02]]],


        [[[ 2.2725e-02, -1.1353e-02, -1.2537e-02],
          [-1.0065e-02,  9.7339e-03,  6.0432e-04],
          [-3.0799e-03, -1.3468e-02, -1.6677e-02]],

         [[-1.6090e-02,  2.0376e-02, -1.8449e-03],
          [-8.8164e-03, -3.3209e-02, -1.0410e-04],
          [-4.2195e-02,  1.9595e-02,  3.2623e-02]],

         [[ 7.4582e-03, -4.5655e-03, -8.7876e-03],
          [-1.7573e-02, -1.3778e-02, -1.0582e-02],
          [ 5.5703e-03,  2.7205e-03,  1.4155e-02]],

         ...,

         [[-2.0765e-02, -1.4889e-02,  5.7985e-03],
          [ 2.2510e-02, -2.8506e-02, -3.9263e-02],
          [ 2.5310e-02, -4.1011e-02, -7.1471e-02]],

         [[-1.6201e-02, -9.0630e-03,  2.1164e-02],
          [-3.0626e-02, -2.3107e-03,  5.2356e-02],
          [-1.1312e-02,  3.0822e-02,  4.5076e-02]],

         [[ 1.5831e-02, -2.2173e-02, -1.9203e-02],
          [-1.8002e-03, -1.5235e-02, -2.1539e-02],
          [-2.1321e-02, -1.6779e-02, -2.2207e-02]]],


        [[[ 8.8174e-03,  3.2298e-02,  1.4453e-02],
          [ 5.0342e-02,  2.2574e-02,  2.3789e-02],
          [-2.1396e-02, -1.9454e-02, -1.1148e-02]],

         [[ 9.6088e-03,  3.9580e-02, -8.1183e-03],
          [-1.7379e-02,  1.7399e-02, -2.0495e-02],
          [-1.6619e-02,  9.8640e-04, -3.1925e-02]],

         [[ 1.1868e-02,  1.3804e-02, -1.2052e-02],
          [-4.0863e-03,  1.0206e-03, -7.4407e-03],
          [ 4.0526e-02,  5.3581e-02,  3.8277e-02]],

         ...,

         [[ 3.4189e-03,  2.0917e-03,  2.2646e-02],
          [-5.8162e-03,  2.6528e-02, -1.3073e-02],
          [ 5.5431e-03, -1.0768e-02, -2.8669e-02]],

         [[ 7.7686e-03,  1.6785e-02, -2.9799e-02],
          [-5.7934e-03,  1.4161e-02, -2.3613e-02],
          [-5.6118e-03, -8.8895e-03, -3.4437e-02]],

         [[ 2.0832e-03, -1.0525e-02, -1.1124e-02],
          [ 1.6121e-03, -1.2089e-02,  1.8366e-02],
          [ 5.1971e-03, -5.6604e-05,  9.4103e-03]]]])

Name: res_block_3.conv2.bias | Shape: [256]
Values:
tensor([ 2.7770e-04,  1.4729e-03, -1.3243e-04,  1.4469e-03, -7.7440e-04,
        -1.7122e-03,  1.8597e-03, -2.6330e-05, -1.6710e-03,  4.9520e-04,
         1.1465e-03, -1.8825e-03,  9.4349e-04,  1.7483e-03, -1.8554e-03,
        -1.1987e-03,  6.8517e-04, -7.8895e-04,  1.4980e-03,  6.9080e-05,
         9.2246e-04,  1.2928e-03,  6.2775e-04, -4.3800e-05, -7.1078e-04,
         6.4854e-04,  4.3997e-04, -1.3170e-03,  7.7568e-04,  1.3948e-03,
         1.2970e-03,  2.0472e-04, -1.2183e-03,  6.2543e-04,  1.2418e-03,
        -1.0348e-03, -1.1208e-03, -1.5447e-03, -6.7232e-04, -1.1601e-03,
         3.7914e-04,  6.7793e-04,  8.7649e-04,  1.2446e-03, -7.6614e-05,
        -1.6086e-03, -6.5809e-04, -1.6260e-03, -9.0265e-04, -6.9448e-04,
         2.7773e-04, -1.8160e-03,  7.3148e-04,  1.1532e-03, -8.7606e-04,
         1.1926e-03,  1.8030e-03, -1.6440e-03, -5.7998e-04, -4.8400e-04,
         5.0364e-04, -7.2547e-04, -5.7676e-04,  1.1973e-03, -7.5442e-04,
        -1.7619e-03,  1.0875e-03, -1.0782e-03, -1.3387e-03,  3.6310e-04,
        -3.5353e-04,  2.9527e-04, -1.1641e-03,  2.8982e-04, -1.9675e-03,
        -8.1777e-05, -5.4792e-04, -1.8372e-03,  4.4285e-04,  6.7976e-04,
        -1.5594e-03,  5.8008e-04, -1.1738e-03,  1.1072e-03, -1.4949e-03,
         1.8672e-03, -9.2141e-04,  6.0978e-04,  1.4400e-03,  1.3588e-03,
         1.5429e-03,  5.8691e-05, -1.5009e-03, -1.8297e-03,  2.8901e-05,
        -5.3217e-04, -4.4328e-04, -4.3108e-04, -4.4382e-04, -1.5841e-03,
         1.2744e-03, -2.4375e-04, -7.4636e-04,  8.6381e-04, -7.9413e-04,
         9.1929e-04,  1.4190e-03, -1.3764e-03,  1.7673e-03,  1.9457e-03,
         4.7743e-04, -1.6748e-03,  5.7912e-05, -9.6986e-04,  4.8743e-04,
        -8.2469e-04, -5.5393e-04,  1.0783e-03,  1.8951e-03, -3.2979e-04,
        -1.2492e-03,  4.2330e-04,  9.8626e-05,  1.1539e-03,  2.5958e-04,
        -8.9279e-04, -1.9484e-03, -1.5235e-03,  1.1933e-03, -1.5195e-03,
        -8.0469e-05, -6.1556e-04,  1.5897e-03,  1.8280e-03, -9.1914e-05,
         1.5030e-03, -1.1245e-03,  1.3550e-03, -1.7079e-03,  1.5541e-03,
         6.6620e-04, -6.0466e-04, -2.2492e-05,  1.3239e-03, -1.4331e-03,
         1.8419e-03,  8.3455e-04,  5.4943e-04, -1.1563e-03, -1.9607e-03,
         1.7603e-04,  1.5063e-03, -6.5517e-04, -9.9965e-04,  1.3984e-03,
         1.6034e-03, -1.3521e-03, -6.8054e-04,  1.2992e-03,  1.1411e-03,
         1.2976e-03, -1.3205e-04, -5.0520e-05, -1.3284e-03,  1.6192e-03,
         5.8158e-04, -1.8168e-03, -1.3469e-03, -1.5006e-03, -8.5416e-04,
         3.6539e-04,  1.7825e-04, -6.5314e-04,  1.8818e-03, -2.5964e-04,
        -1.4849e-03, -1.0881e-03,  1.6826e-03,  1.3914e-03, -1.2371e-03,
         2.9125e-04,  1.2488e-03,  6.8492e-04,  9.4089e-05, -9.0805e-04,
        -1.4113e-03,  7.7088e-04,  1.4276e-03, -1.0872e-03, -7.7572e-05,
        -1.4337e-03, -9.3125e-04,  1.0063e-03,  5.2983e-04, -1.2284e-03,
        -9.8489e-04, -6.4116e-04,  6.4692e-05,  7.2543e-04,  7.5730e-04,
         1.5616e-03, -1.7609e-03,  1.6220e-03, -7.2333e-05, -3.9899e-04,
        -1.1482e-03,  1.7104e-03, -1.5311e-03, -1.4222e-03,  1.3910e-03,
        -9.2891e-04,  1.8135e-03, -1.5035e-03, -1.6937e-03,  1.0867e-03,
        -1.3308e-03,  1.6173e-03,  1.6559e-03,  7.3356e-05,  6.1904e-04,
        -1.5885e-03,  1.7309e-03, -7.4895e-04, -1.6022e-03, -1.1136e-05,
         6.2992e-04,  6.6551e-04, -8.7800e-04,  1.5736e-03,  1.9311e-03,
         1.7463e-04,  1.5695e-03, -1.5942e-04, -9.7568e-04,  1.3964e-03,
        -1.6330e-03,  1.0609e-03, -4.7080e-04, -1.5345e-03,  1.8114e-03,
        -7.5608e-04, -8.1669e-04, -1.2652e-03,  6.4098e-04,  1.4339e-03,
        -1.1304e-03, -1.2125e-04, -6.3163e-04, -1.6603e-03,  9.0476e-04,
        -7.4424e-04, -8.5241e-04,  5.0082e-04,  1.1250e-03,  9.8502e-05,
        -5.2516e-04])

Name: res_block_3.bn2.weight | Shape: [256]
Values:
tensor([0.2428, 0.2481, 0.2432, 0.2346, 0.1743, 0.1698, 0.2342, 0.2871, 0.2340,
        0.2093, 0.1952, 0.2510, 0.4526, 0.2470, 0.2329, 0.2850, 0.2776, 0.2064,
        0.2205, 0.2186, 0.2144, 0.2384, 0.2003, 0.2573, 0.2417, 0.2579, 0.1951,
        0.2456, 0.2383, 0.2564, 0.2710, 0.2353, 0.2270, 0.2094, 0.2347, 0.2680,
        0.3606, 0.1736, 0.2488, 0.2205, 0.2313, 0.2241, 0.1523, 0.2015, 0.2560,
        0.1983, 0.2062, 0.1982, 0.2274, 0.2855, 0.1848, 0.2379, 0.1800, 0.2361,
        0.2492, 0.1643, 0.1902, 0.1772, 0.1732, 0.2990, 0.2277, 0.2449, 0.1541,
        0.2411, 0.1969, 0.2772, 0.2582, 0.1900, 0.2640, 0.1919, 0.2001, 0.2234,
        0.3030, 0.2549, 0.2626, 0.2185, 0.2738, 0.2994, 0.2736, 0.1961, 0.2102,
        0.1368, 0.2192, 0.3005, 0.2286, 0.2377, 0.2372, 0.2243, 0.2469, 0.1999,
        0.2005, 0.2611, 0.2024, 0.1412, 0.2124, 0.2270, 0.2640, 0.1617, 0.2514,
        0.2450, 0.2557, 0.2601, 0.2480, 0.1884, 0.2622, 0.2224, 0.2471, 0.2108,
        0.1842, 0.1334, 0.2900, 0.2473, 0.2158, 0.1796, 0.1559, 0.2825, 0.2029,
        0.1852, 0.1639, 0.2383, 0.2193, 0.2701, 0.2497, 0.2099, 0.2277, 0.2713,
        0.2596, 0.3077, 0.1898, 0.2567, 0.2151, 0.1103, 0.1391, 0.3408, 0.2575,
        0.2743, 0.2885, 0.2453, 0.2144, 0.2358, 0.1355, 0.2251, 0.2423, 0.2471,
        0.2254, 0.1684, 0.2684, 0.3602, 0.1920, 0.2453, 0.2835, 0.2413, 0.2927,
        0.2255, 0.2594, 0.2335, 0.1881, 0.2079, 0.1946, 0.1865, 0.2359, 0.2370,
        0.2341, 0.2232, 0.2024, 0.2851, 0.2408, 0.1353, 0.1861, 0.1907, 0.2734,
        0.2365, 0.2543, 0.2581, 0.2132, 0.2042, 0.2442, 0.2803, 0.2531, 0.2261,
        0.2629, 0.2790, 0.2242, 0.2088, 0.2580, 0.1861, 0.2060, 0.2597, 0.2440,
        0.2737, 0.2697, 0.1951, 0.2099, 0.1886, 0.2009, 0.2383, 0.3658, 0.2929,
        0.2023, 0.2097, 0.1787, 0.1917, 0.2115, 0.2161, 0.2306, 0.2511, 0.2272,
        0.3064, 0.1901, 0.2593, 0.2549, 0.2185, 0.2484, 0.2369, 0.2505, 0.2305,
        0.2510, 0.2395, 0.2480, 0.2258, 0.2273, 0.2314, 0.1329, 0.2388, 0.2492,
        0.1779, 0.2227, 0.2351, 0.2156, 0.2300, 0.1954, 0.2041, 0.2055, 0.2266,
        0.2767, 0.2328, 0.1854, 0.2672, 0.2390, 0.2248, 0.1908, 0.2228, 0.2212,
        0.1904, 0.2131, 0.2180, 0.2411, 0.2424, 0.2097, 0.2406, 0.2515, 0.2350,
        0.2539, 0.1933, 0.3971, 0.3815])

Name: res_block_3.bn2.bias | Shape: [256]
Values:
tensor([-0.0338, -0.0821, -0.0230,  0.0072, -0.0142, -0.0661, -0.0448, -0.0225,
        -0.0959, -0.0448,  0.0705,  0.0524, -0.0507, -0.0932, -0.0128, -0.0058,
        -0.0113, -0.0917, -0.0551,  0.0672, -0.0912, -0.0586, -0.0357, -0.1364,
        -0.0756, -0.0061,  0.0606, -0.1073, -0.0025, -0.1168, -0.0203, -0.1140,
        -0.1169, -0.0937, -0.0858, -0.0424, -0.0658,  0.0175, -0.0119,  0.0198,
        -0.0341, -0.0114,  0.0386, -0.0363,  0.0765, -0.0078, -0.0545,  0.0144,
        -0.0795, -0.1436, -0.0981, -0.0021, -0.0650, -0.0511, -0.0250, -0.0744,
         0.0446, -0.0161, -0.0978, -0.0569, -0.0214,  0.0622, -0.0721,  0.0554,
        -0.0837, -0.0757, -0.1058, -0.0465, -0.0500,  0.0881, -0.0313,  0.0142,
         0.0030, -0.0555, -0.0199, -0.0425, -0.0907, -0.0677, -0.1417,  0.0043,
        -0.0595,  0.0707, -0.0455, -0.0740, -0.0639, -0.0024, -0.0883,  0.0647,
        -0.1434, -0.0589,  0.0247, -0.0372, -0.1019, -0.0064, -0.1108, -0.0741,
        -0.0856,  0.0026, -0.0771, -0.0469, -0.0983, -0.0757, -0.0595,  0.0302,
        -0.1016, -0.0921, -0.0892, -0.0511,  0.0342, -0.0884, -0.0694, -0.0377,
        -0.0374, -0.0738,  0.0326, -0.1044, -0.0836, -0.1108,  0.0043,  0.0272,
         0.0072, -0.0296, -0.0372, -0.0657,  0.0026, -0.0463, -0.0305, -0.0671,
        -0.0847, -0.0226, -0.0779, -0.0358, -0.0165, -0.0565, -0.0974, -0.0753,
        -0.0545, -0.0405, -0.0612, -0.0133,  0.1295, -0.0662, -0.0576, -0.0311,
        -0.0816, -0.0892, -0.0290,  0.0598, -0.0513, -0.0777, -0.0048,  0.0004,
        -0.1379, -0.0481, -0.0863, -0.0274, -0.0384, -0.1057, -0.0721, -0.0636,
        -0.1229, -0.1091,  0.0272,  0.0866, -0.0183, -0.0762, -0.0204, -0.0562,
        -0.0036, -0.0224,  0.0082, -0.0652, -0.0688,  0.0338, -0.0024,  0.0220,
        -0.0537,  0.0552, -0.0324, -0.0166,  0.0257,  0.0466, -0.0383, -0.0438,
        -0.0629, -0.0302, -0.0019, -0.0357, -0.0006, -0.0578, -0.0837, -0.0473,
        -0.0879, -0.0295, -0.0728, -0.0895, -0.0824, -0.0151, -0.0400, -0.0833,
        -0.0609, -0.0413, -0.0356, -0.1066, -0.0652, -0.0891, -0.0199, -0.0573,
         0.0350, -0.1269, -0.0119, -0.0538, -0.0147, -0.0121,  0.0034,  0.0086,
        -0.0283, -0.0279, -0.1710, -0.1242, -0.0743, -0.0741,  0.1058,  0.0337,
         0.0684, -0.0536,  0.0070, -0.0114,  0.0320, -0.0513,  0.0515, -0.0451,
        -0.0086, -0.0300, -0.0851,  0.0069, -0.0399, -0.0668, -0.0935, -0.0241,
        -0.0762,  0.0118, -0.0672, -0.0114, -0.0595, -0.0555, -0.0452, -0.1114,
         0.0213, -0.1166, -0.1179, -0.0049, -0.0909, -0.1204, -0.0577, -0.0232])

Name: res_block_4.conv1.weight | Shape: [256, 256, 3, 3]
Values:
tensor([[[[ 0.0082, -0.0183, -0.0038],
          [ 0.0087, -0.0029, -0.0231],
          [-0.0113, -0.0095,  0.0168]],

         [[ 0.0605, -0.0253, -0.0279],
          [ 0.0495,  0.0111,  0.0101],
          [ 0.0201,  0.0360, -0.0099]],

         [[ 0.0147, -0.0154, -0.0212],
          [ 0.0151,  0.0464, -0.0241],
          [-0.0013, -0.0086, -0.0118]],

         ...,

         [[-0.0194, -0.0065,  0.0009],
          [-0.0172,  0.0107,  0.0238],
          [-0.0191, -0.0457, -0.0284]],

         [[-0.0290, -0.0157, -0.0051],
          [-0.0026,  0.0114,  0.0274],
          [ 0.0383,  0.0442,  0.0320]],

         [[ 0.0266, -0.0041,  0.0060],
          [ 0.0374, -0.0090,  0.0351],
          [ 0.0277,  0.0981,  0.0520]]],


        [[[ 0.0087,  0.0015, -0.0210],
          [ 0.0074, -0.0182, -0.0245],
          [-0.0110, -0.0034, -0.0283]],

         [[ 0.0064,  0.0187,  0.0400],
          [-0.0027,  0.0107, -0.0128],
          [-0.0022, -0.0061, -0.0087]],

         [[ 0.0252, -0.0112, -0.0016],
          [-0.0115, -0.0111,  0.0032],
          [-0.0084, -0.0162, -0.0198]],

         ...,

         [[ 0.0019, -0.0114,  0.0106],
          [-0.0019,  0.0085,  0.0362],
          [ 0.0080, -0.0037, -0.0358]],

         [[-0.0006,  0.0150, -0.0041],
          [-0.0003,  0.0033, -0.0367],
          [ 0.0094, -0.0116,  0.0304]],

         [[ 0.0028,  0.0470, -0.0048],
          [-0.0032, -0.0209, -0.0025],
          [-0.0237, -0.0285, -0.0070]]],


        [[[ 0.0297,  0.0076,  0.0251],
          [-0.0032,  0.0246,  0.0491],
          [ 0.0259,  0.0129,  0.0378]],

         [[ 0.0087, -0.0154, -0.0255],
          [-0.0302,  0.0168, -0.0149],
          [-0.0354,  0.0064, -0.0270]],

         [[-0.0171, -0.0059, -0.0016],
          [-0.0154,  0.0203,  0.0005],
          [ 0.0117, -0.0089,  0.0139]],

         ...,

         [[ 0.0524,  0.0233,  0.0176],
          [ 0.0207,  0.0106, -0.0129],
          [-0.0084, -0.0054,  0.0182]],

         [[ 0.0260,  0.0111, -0.0199],
          [ 0.0138,  0.0217,  0.0158],
          [ 0.0124, -0.0010,  0.0240]],

         [[-0.0080, -0.0007,  0.0126],
          [ 0.0198,  0.0277,  0.0468],
          [-0.0041,  0.0264,  0.0662]]],


        ...,


        [[[ 0.0007, -0.0150, -0.0050],
          [ 0.0059,  0.0248, -0.0319],
          [ 0.0111,  0.0051, -0.0101]],

         [[-0.0210, -0.0047, -0.0007],
          [-0.0203,  0.0068, -0.0006],
          [-0.0136,  0.0327,  0.0093]],

         [[-0.0069, -0.0137,  0.0254],
          [ 0.0221,  0.0247, -0.0058],
          [ 0.0064,  0.0077, -0.0036]],

         ...,

         [[ 0.0182, -0.0131, -0.0040],
          [ 0.0056,  0.0274,  0.0148],
          [-0.0023,  0.0368,  0.0055]],

         [[-0.0077,  0.0091, -0.0090],
          [ 0.0056, -0.0068, -0.0344],
          [-0.0218,  0.0009, -0.0039]],

         [[ 0.0233,  0.0127,  0.0036],
          [ 0.0241, -0.0391, -0.0110],
          [-0.0280, -0.0037, -0.0504]]],


        [[[-0.0227, -0.0135, -0.0168],
          [-0.0231, -0.0262,  0.0294],
          [-0.0177,  0.0332,  0.0065]],

         [[ 0.0164,  0.0029, -0.0107],
          [-0.0164,  0.0299, -0.0191],
          [-0.0390, -0.0056,  0.0238]],

         [[-0.0196,  0.0046, -0.0301],
          [-0.0370, -0.0398, -0.0193],
          [-0.0249,  0.0033,  0.0206]],

         ...,

         [[ 0.0011,  0.0396,  0.0213],
          [-0.0077, -0.0233,  0.0375],
          [ 0.0243, -0.0210, -0.0172]],

         [[ 0.0144, -0.0131, -0.0004],
          [-0.0233, -0.0086,  0.0218],
          [ 0.0077, -0.0027,  0.0016]],

         [[-0.0110, -0.0332, -0.0173],
          [-0.0182, -0.0408, -0.0431],
          [-0.0023, -0.0031, -0.0233]]],


        [[[-0.0139,  0.0045,  0.0296],
          [-0.0368, -0.0001,  0.0109],
          [-0.0024,  0.0013, -0.0044]],

         [[-0.0191, -0.0265, -0.0441],
          [ 0.0023, -0.0239, -0.0231],
          [-0.0022,  0.0115,  0.0098]],

         [[-0.0097, -0.0130,  0.0108],
          [-0.0280,  0.0341, -0.0067],
          [ 0.0037,  0.0186,  0.0023]],

         ...,

         [[ 0.0093,  0.0381,  0.0177],
          [ 0.0454,  0.0068, -0.0206],
          [-0.0317, -0.0501, -0.0048]],

         [[ 0.0078,  0.0251, -0.0159],
          [-0.0274, -0.0022,  0.0014],
          [-0.0522, -0.0033,  0.0032]],

         [[ 0.0143,  0.0484,  0.0361],
          [-0.0414,  0.0025,  0.0095],
          [-0.0404, -0.0168,  0.0312]]]])

Name: res_block_4.conv1.bias | Shape: [256]
Values:
tensor([ 1.3437e-03, -1.8352e-04,  8.7302e-04,  1.8180e-03, -1.6132e-03,
        -1.5449e-03,  1.9138e-03,  6.4154e-04, -2.4870e-04,  1.1282e-03,
        -1.2022e-03,  1.7372e-03, -6.5000e-04,  1.0544e-03, -1.9178e-03,
         8.8343e-05,  1.5158e-03, -1.9572e-03, -3.9630e-04,  1.4113e-03,
        -1.0322e-03,  1.9346e-03,  9.5071e-04, -4.5295e-04,  2.6108e-04,
        -1.1942e-03,  3.4952e-04, -1.8781e-03, -1.2636e-03,  3.5150e-04,
         1.3612e-03,  8.1884e-04,  1.7785e-03, -1.4084e-03, -1.7981e-03,
         3.7486e-04, -9.0851e-05, -1.6968e-03,  6.3253e-05,  1.1849e-03,
        -1.2952e-04,  7.5802e-04, -1.7647e-03, -1.1698e-03,  1.7481e-03,
         9.4644e-04, -6.6832e-05, -3.2513e-04,  1.6267e-03, -1.0327e-03,
         1.2660e-03,  1.8259e-04,  1.1896e-03, -8.1982e-04,  9.3096e-05,
         4.8957e-04, -1.4132e-03,  7.7358e-04,  9.7429e-04, -7.7306e-04,
        -1.7986e-03,  1.4456e-03,  1.6530e-03, -3.0360e-04, -1.8825e-03,
         1.4634e-03,  1.4007e-04, -6.6235e-05,  9.1488e-04,  1.3507e-03,
         1.1337e-03, -6.8657e-04,  4.4789e-04, -3.7287e-04,  1.1601e-03,
         1.6384e-03,  6.6659e-04, -1.5836e-03,  5.8229e-04,  1.7784e-03,
         1.8762e-03, -1.1743e-03, -6.1996e-05,  1.7434e-03, -1.3920e-03,
        -9.0551e-04,  9.6908e-04, -1.1989e-03, -1.7831e-03, -1.0635e-03,
         1.5148e-03, -5.0124e-04, -1.5814e-03, -1.7945e-04, -1.6240e-03,
        -1.9361e-04,  6.1905e-05,  4.5005e-04, -8.2451e-04,  7.4965e-04,
        -1.7786e-03, -5.3894e-04, -4.8639e-04,  1.9585e-03,  1.8474e-03,
         1.0776e-03, -1.4708e-03,  1.6624e-03, -1.4992e-03, -1.7836e-03,
        -3.6025e-04, -1.4812e-03, -6.0828e-04,  6.3051e-04, -5.3622e-04,
        -1.1187e-03,  1.6949e-03, -1.2488e-03,  5.8072e-04,  1.6440e-03,
        -5.3972e-04, -1.1342e-03, -1.8410e-03, -1.2614e-03,  9.5507e-05,
        -8.8297e-04,  4.9633e-04, -1.5421e-03, -6.7331e-04,  1.7641e-03,
        -8.0087e-04, -2.3243e-04, -1.9212e-03,  1.8188e-03,  8.8682e-04,
        -1.4180e-04, -4.0648e-04,  1.4667e-03,  7.7319e-04,  1.8033e-03,
         1.9137e-03, -8.1071e-04,  1.9678e-03,  8.8724e-04,  1.5680e-03,
         1.1970e-03,  7.7319e-04,  8.3393e-04,  1.0121e-03, -6.5095e-04,
         1.7006e-03,  1.1420e-03, -1.1095e-03, -1.1706e-03, -1.2805e-03,
        -1.3415e-04, -1.4512e-03, -1.5300e-03, -1.4983e-03,  1.7911e-03,
         1.4369e-04,  1.7465e-03, -4.4805e-05,  9.6799e-04, -3.1265e-04,
         8.6361e-04, -8.5471e-04,  6.9580e-04,  9.8708e-04,  1.7307e-03,
         1.4147e-03,  6.9841e-04, -1.2895e-03,  1.8135e-03,  8.5712e-04,
        -1.3384e-03, -1.8380e-03, -9.7436e-04, -2.7737e-04, -6.6934e-04,
        -1.3256e-03, -1.8436e-03,  1.1351e-04, -5.2468e-04,  7.4731e-04,
         4.1241e-05, -6.5068e-04, -6.6521e-04, -4.1460e-04, -1.6243e-03,
         1.8024e-05, -1.8793e-03, -3.9857e-04, -1.9250e-03,  2.6821e-04,
         3.7082e-04,  1.7839e-03, -1.3807e-03, -1.4378e-04,  7.4011e-04,
        -7.4811e-05,  1.8955e-03,  1.0545e-03, -9.9894e-04,  1.4601e-03,
         5.9088e-04,  5.3950e-04,  2.2896e-04,  1.5473e-03,  2.0436e-04,
         8.5691e-04, -4.9119e-04, -1.0752e-03,  1.6091e-03,  1.0738e-03,
         1.0991e-03,  1.7843e-03,  1.8579e-03,  6.1401e-04, -1.5889e-03,
        -8.8327e-04,  6.2941e-04, -8.9866e-04,  7.3301e-04, -5.2683e-04,
         1.1328e-05, -1.0307e-03, -1.7598e-03, -3.4386e-04,  1.4803e-03,
        -9.4976e-05,  1.5541e-03,  1.1445e-03, -1.5355e-03, -5.2254e-04,
         1.2922e-03, -1.6154e-03, -2.9314e-04,  1.4016e-04, -2.6980e-04,
         3.9922e-04,  1.3314e-03,  1.0931e-03, -1.2951e-03,  1.8756e-03,
         1.9662e-03, -1.5670e-03, -1.2222e-03, -1.9112e-03, -2.9303e-04,
        -1.8454e-03, -1.7508e-03, -1.0981e-03, -1.1349e-04,  7.8531e-04,
         9.0259e-04])

Name: res_block_4.bn1.weight | Shape: [256]
Values:
tensor([0.2037, 0.1939, 0.2085, 0.2364, 0.2233, 0.2205, 0.1683, 0.1899, 0.2309,
        0.2338, 0.2137, 0.2171, 0.2133, 0.2214, 0.2346, 0.2410, 0.2031, 0.2041,
        0.2145, 0.2564, 0.2344, 0.2135, 0.2089, 0.2418, 0.2415, 0.1784, 0.2238,
        0.1938, 0.2103, 0.2308, 0.2503, 0.2602, 0.2083, 0.2262, 0.1991, 0.1967,
        0.2478, 0.2670, 0.2223, 0.2192, 0.2286, 0.2331, 0.2351, 0.2363, 0.1972,
        0.2036, 0.2337, 0.2319, 0.2113, 0.2497, 0.2332, 0.2370, 0.2105, 0.2124,
        0.2023, 0.2193, 0.2203, 0.2651, 0.2111, 0.2156, 0.2498, 0.2025, 0.2335,
        0.1988, 0.1777, 0.2480, 0.2208, 0.2373, 0.2198, 0.2287, 0.1873, 0.2093,
        0.2325, 0.2046, 0.2016, 0.2206, 0.2034, 0.2439, 0.1811, 0.2120, 0.2039,
        0.2479, 0.2090, 0.2411, 0.1524, 0.2515, 0.2469, 0.2250, 0.2149, 0.2256,
        0.2323, 0.1905, 0.2261, 0.2199, 0.2079, 0.1805, 0.2527, 0.2407, 0.2123,
        0.1990, 0.2674, 0.2052, 0.2600, 0.2019, 0.2538, 0.2166, 0.2891, 0.1983,
        0.2309, 0.2577, 0.1829, 0.2256, 0.2291, 0.2157, 0.2064, 0.2149, 0.2086,
        0.2311, 0.2324, 0.2085, 0.2255, 0.2231, 0.2028, 0.2379, 0.2106, 0.1875,
        0.2276, 0.2029, 0.2262, 0.2423, 0.2261, 0.2277, 0.2291, 0.2481, 0.2572,
        0.2108, 0.1965, 0.2306, 0.2482, 0.2127, 0.2557, 0.1659, 0.2306, 0.2197,
        0.2415, 0.2024, 0.2766, 0.2194, 0.2342, 0.2102, 0.2178, 0.2192, 0.1778,
        0.2042, 0.2498, 0.2585, 0.2280, 0.2382, 0.1754, 0.2536, 0.1909, 0.2596,
        0.2016, 0.2145, 0.2252, 0.2408, 0.2125, 0.2130, 0.2029, 0.2556, 0.2073,
        0.2281, 0.2100, 0.2161, 0.1996, 0.1990, 0.2214, 0.1980, 0.2496, 0.2051,
        0.2175, 0.2143, 0.2084, 0.2094, 0.2169, 0.2253, 0.2352, 0.2145, 0.2245,
        0.2076, 0.2357, 0.1943, 0.2219, 0.2010, 0.2451, 0.2189, 0.2415, 0.2244,
        0.2287, 0.1975, 0.2249, 0.2013, 0.2911, 0.2348, 0.1831, 0.2407, 0.2015,
        0.2432, 0.2675, 0.2168, 0.1954, 0.2329, 0.2339, 0.2309, 0.2167, 0.1941,
        0.2160, 0.2305, 0.2459, 0.2029, 0.2356, 0.2282, 0.1834, 0.2130, 0.2439,
        0.1823, 0.1503, 0.2183, 0.2080, 0.2300, 0.2516, 0.2080, 0.2499, 0.2056,
        0.2059, 0.1789, 0.2351, 0.2351, 0.2070, 0.2100, 0.2614, 0.2106, 0.2216,
        0.2141, 0.2078, 0.1715, 0.2348, 0.2283, 0.2261, 0.2353, 0.2233, 0.2499,
        0.2360, 0.2619, 0.1999, 0.2249])

Name: res_block_4.bn1.bias | Shape: [256]
Values:
tensor([-0.1079, -0.1721, -0.1147, -0.1408, -0.1228, -0.1968, -0.1396, -0.1388,
        -0.1568, -0.1716, -0.1363, -0.1927, -0.1668, -0.0880, -0.0872, -0.1341,
        -0.1887, -0.1775, -0.0871, -0.1625, -0.1533, -0.1810, -0.1782, -0.1254,
        -0.1878, -0.1275, -0.2164, -0.1872, -0.1214, -0.1182, -0.1067, -0.0877,
        -0.1511, -0.1732, -0.1563, -0.1239, -0.0827, -0.1369, -0.1192, -0.0916,
        -0.1200, -0.1454, -0.1328, -0.1422, -0.1340, -0.1730, -0.1572, -0.1319,
        -0.1036, -0.1883, -0.1211, -0.1496, -0.1546, -0.1005, -0.1338, -0.1216,
        -0.1526, -0.0976, -0.1867, -0.1395, -0.1540, -0.1724, -0.1209, -0.0661,
        -0.1146, -0.1986, -0.1457, -0.1660, -0.0997, -0.1158, -0.1590, -0.1268,
        -0.2967, -0.1711, -0.1872, -0.1394, -0.1300, -0.1569, -0.1300, -0.1647,
        -0.1137, -0.2004, -0.1547, -0.1655, -0.1381, -0.0931, -0.1306, -0.2020,
        -0.1449, -0.1319, -0.1328, -0.1799, -0.1687, -0.1414, -0.1623, -0.1904,
        -0.1041, -0.1420, -0.1488, -0.1468, -0.1927, -0.1587, -0.1806, -0.1769,
        -0.1255, -0.1489, -0.1598, -0.1660, -0.1543, -0.1373, -0.1518, -0.1310,
        -0.1965, -0.1114, -0.1499, -0.1380, -0.1724, -0.1159, -0.0956, -0.1448,
        -0.0924, -0.1051, -0.2538, -0.1402, -0.1534, -0.1797, -0.1910, -0.1485,
        -0.1486, -0.1414, -0.1622, -0.1791, -0.1075, -0.1598, -0.1286, -0.0842,
        -0.1408, -0.1753, -0.1477, -0.1346, -0.0831, -0.1343, -0.2040, -0.2650,
        -0.1289, -0.1588, -0.1425, -0.1377, -0.1263, -0.1074, -0.1366, -0.1052,
        -0.1709, -0.1313, -0.1037, -0.1371, -0.1371, -0.1001, -0.1369, -0.1259,
        -0.1188, -0.1730, -0.1275, -0.0997, -0.1071, -0.2760, -0.1144, -0.1495,
        -0.1722, -0.1454, -0.1067, -0.1190, -0.1657, -0.1487, -0.0999, -0.1630,
        -0.1151, -0.0735, -0.1725, -0.1860, -0.1980, -0.1601, -0.1235, -0.1349,
        -0.1133, -0.1100, -0.1472, -0.0663, -0.0999, -0.1722, -0.1490, -0.0671,
        -0.1561, -0.1731, -0.1542, -0.0987, -0.1539, -0.1524, -0.0984, -0.1409,
        -0.1355, -0.1096, -0.1497, -0.1223, -0.1606, -0.1523, -0.0731, -0.1534,
        -0.1575, -0.1707, -0.1373, -0.1327, -0.1698, -0.1287, -0.1061, -0.1112,
        -0.1641, -0.1841, -0.1252, -0.1400, -0.1190, -0.1298, -0.0883, -0.1360,
        -0.2057, -0.0263, -0.0675, -0.1316, -0.1081, -0.1013, -0.1675, -0.1355,
        -0.1358, -0.1020, -0.1683, -0.1718, -0.1195, -0.1591, -0.1744, -0.1475,
        -0.1442, -0.1754, -0.1227, -0.1393, -0.1030, -0.1776, -0.1923, -0.1753,
        -0.0881, -0.1444, -0.1077, -0.1480, -0.1574, -0.1226, -0.1920, -0.1248])

Name: res_block_4.conv2.weight | Shape: [256, 256, 3, 3]
Values:
tensor([[[[ 0.0304,  0.0340, -0.0041],
          [ 0.0153, -0.0243,  0.0174],
          [ 0.0209,  0.0483,  0.0257]],

         [[-0.0014,  0.0358,  0.0211],
          [-0.0148,  0.0182, -0.0021],
          [-0.0554, -0.0204,  0.0007]],

         [[-0.0349,  0.0324, -0.0367],
          [-0.0283, -0.0075,  0.0183],
          [ 0.0622, -0.0043,  0.0020]],

         ...,

         [[ 0.0127,  0.0257,  0.0134],
          [-0.0164, -0.0058,  0.0193],
          [-0.0365, -0.0247,  0.0175]],

         [[ 0.0227,  0.0265,  0.0318],
          [ 0.0226,  0.0471,  0.0239],
          [-0.0157, -0.0074, -0.0164]],

         [[ 0.0238,  0.0062,  0.0333],
          [-0.0056, -0.0057, -0.0527],
          [ 0.0087, -0.0218, -0.0294]]],


        [[[ 0.0464,  0.0046,  0.0018],
          [-0.0068, -0.0140, -0.0033],
          [-0.0050, -0.0086,  0.0240]],

         [[ 0.0278, -0.0384,  0.0098],
          [ 0.0027, -0.0154, -0.0060],
          [-0.0140, -0.0207, -0.0219]],

         [[-0.0018,  0.0144, -0.0583],
          [-0.0005, -0.0287, -0.0406],
          [-0.0041, -0.0088, -0.0169]],

         ...,

         [[-0.0195, -0.0216,  0.0076],
          [-0.0088, -0.0270, -0.0212],
          [-0.0044, -0.0228, -0.0049]],

         [[ 0.0236,  0.0155,  0.0447],
          [-0.0123,  0.0046, -0.0248],
          [-0.0192, -0.0437, -0.0208]],

         [[-0.0025, -0.0053, -0.0171],
          [-0.0239, -0.0003, -0.0225],
          [ 0.0032,  0.0010, -0.0010]]],


        [[[ 0.0404, -0.0049, -0.0030],
          [ 0.0175,  0.0167,  0.0056],
          [ 0.0005, -0.0159, -0.0225]],

         [[-0.0066,  0.0063,  0.0022],
          [-0.0067, -0.0154, -0.0147],
          [-0.0017, -0.0051, -0.0003]],

         [[-0.0058, -0.0070, -0.0269],
          [-0.0092, -0.0170, -0.0425],
          [-0.0079,  0.0050, -0.0541]],

         ...,

         [[ 0.0118,  0.0079, -0.0287],
          [-0.0177, -0.0224, -0.0306],
          [ 0.0116, -0.0014, -0.0216]],

         [[ 0.0154,  0.0142, -0.0176],
          [ 0.0007,  0.0035,  0.0007],
          [ 0.0200,  0.0022,  0.0244]],

         [[-0.0019, -0.0213, -0.0124],
          [-0.0025, -0.0408, -0.0056],
          [ 0.0061,  0.0077, -0.0012]]],


        ...,


        [[[ 0.0139,  0.0387, -0.0023],
          [-0.0057, -0.0356,  0.0240],
          [ 0.0185,  0.0352, -0.0054]],

         [[-0.0274,  0.0230,  0.0026],
          [-0.0055, -0.0403, -0.0280],
          [-0.0357,  0.0127,  0.0415]],

         [[-0.0187,  0.0124,  0.0051],
          [ 0.0282,  0.0123, -0.0108],
          [-0.0344, -0.0329,  0.0199]],

         ...,

         [[ 0.0018,  0.0384,  0.0091],
          [ 0.0153, -0.0296,  0.0049],
          [ 0.0198, -0.0107,  0.0153]],

         [[ 0.0270,  0.0097,  0.0222],
          [-0.0306,  0.0121, -0.0389],
          [ 0.0126,  0.0018, -0.0067]],

         [[ 0.0183, -0.0133,  0.0358],
          [ 0.0567, -0.0372, -0.0159],
          [ 0.0077,  0.0412, -0.0154]]],


        [[[-0.0376, -0.0275, -0.0112],
          [-0.0007,  0.0015, -0.0087],
          [ 0.0066, -0.0010,  0.0010]],

         [[-0.0171, -0.0072, -0.0132],
          [ 0.0046,  0.0255,  0.0310],
          [-0.0095,  0.0201,  0.0237]],

         [[ 0.0136,  0.0064, -0.0217],
          [ 0.0361,  0.0140,  0.0032],
          [ 0.0214,  0.0187, -0.0131]],

         ...,

         [[-0.0146, -0.0145, -0.0142],
          [-0.0322,  0.0157,  0.0173],
          [ 0.0138,  0.0190,  0.0303]],

         [[-0.0285,  0.0059,  0.0369],
          [-0.0333,  0.0165,  0.0205],
          [-0.0380, -0.0009,  0.0455]],

         [[-0.0292,  0.0243,  0.0429],
          [ 0.0229,  0.0146, -0.0101],
          [ 0.0512, -0.0192, -0.0376]]],


        [[[-0.0249, -0.0625, -0.0377],
          [-0.0170, -0.0108, -0.0089],
          [ 0.0464,  0.0223, -0.0300]],

         [[ 0.0183, -0.0089,  0.0005],
          [-0.0013, -0.0066, -0.0126],
          [ 0.0007, -0.0120,  0.0075]],

         [[-0.0461, -0.0238, -0.0263],
          [-0.0072,  0.0070, -0.0168],
          [-0.0098,  0.0040, -0.0045]],

         ...,

         [[-0.0103, -0.0031, -0.0094],
          [ 0.0166, -0.0070, -0.0006],
          [-0.0112, -0.0057,  0.0238]],

         [[-0.0155,  0.0072,  0.0170],
          [ 0.0006,  0.0138,  0.0263],
          [ 0.0232,  0.0304,  0.0173]],

         [[ 0.0430,  0.0317,  0.0461],
          [ 0.0128, -0.0272,  0.0058],
          [-0.0172, -0.0494, -0.0607]]]])

Name: res_block_4.conv2.bias | Shape: [256]
Values:
tensor([-1.6568e-03, -1.1614e-03,  8.8437e-04,  1.4792e-03, -1.6095e-03,
        -6.0768e-04, -6.8187e-04,  2.5324e-04,  1.6443e-03,  1.7317e-03,
        -1.0532e-03,  1.2256e-03, -5.2197e-04, -6.1155e-04, -1.4609e-03,
        -9.8855e-04,  1.5677e-03,  4.4501e-04, -1.0824e-03, -1.1862e-03,
         1.7697e-03,  1.3725e-03,  6.2166e-04, -9.0338e-04, -1.6175e-03,
         1.4258e-03,  1.3736e-03,  7.0819e-04,  1.8501e-03, -5.0749e-04,
         1.8851e-03, -1.2012e-03, -1.7096e-03,  2.9584e-04, -5.3896e-04,
         8.6199e-05, -4.0942e-04,  1.2841e-03, -1.4100e-05, -6.5862e-04,
        -7.5338e-04,  7.9070e-04,  3.6534e-04, -4.6886e-04, -1.1615e-03,
         1.4148e-03,  5.0252e-04, -2.9592e-04, -1.0406e-03,  7.7285e-04,
        -1.0322e-03, -6.7207e-05, -1.6775e-03, -7.6123e-04,  1.1053e-04,
         1.8870e-03,  1.3228e-04, -1.3547e-03, -1.3647e-03,  1.6805e-03,
        -6.9474e-04,  1.2618e-03,  3.1748e-04,  1.6440e-03,  3.0340e-04,
         5.7526e-04, -9.2982e-04, -6.2104e-04,  1.9290e-03,  1.8842e-03,
        -7.8548e-04,  1.0906e-03,  5.6952e-04,  1.7685e-03, -3.2823e-04,
        -8.1734e-04,  9.4064e-05, -1.2261e-03,  8.0961e-04, -1.5327e-03,
         6.1480e-04,  9.5532e-04,  1.1787e-03, -5.3265e-04, -4.4593e-04,
        -5.7546e-04,  8.9597e-05, -9.6865e-04,  6.2434e-04,  7.9070e-04,
         7.8588e-04, -1.4680e-03,  1.0501e-03,  4.7868e-04, -1.2451e-03,
         1.0935e-03,  1.3757e-03, -9.9021e-04, -1.5541e-03,  1.0663e-03,
        -1.5956e-03,  1.9949e-04, -2.2574e-04,  1.7740e-03, -1.9642e-03,
         1.4608e-03,  9.8408e-04, -3.0250e-04,  1.6721e-03, -5.9645e-04,
         1.4328e-04, -9.9485e-04,  7.3603e-04, -9.8974e-05, -1.5216e-03,
         1.6158e-03,  1.8651e-04,  4.7859e-04,  8.2700e-04,  1.9560e-03,
        -1.3340e-03,  9.9265e-04,  1.5603e-03,  8.4737e-04,  1.6112e-03,
         1.4041e-03, -4.0359e-04,  1.2247e-03, -1.8117e-03, -3.9225e-04,
         1.8938e-03, -1.4300e-03, -4.4213e-04,  1.5701e-03, -1.1524e-03,
        -8.5969e-05,  1.6237e-03, -1.3400e-03, -1.4288e-03, -9.1288e-04,
         1.4158e-03, -1.9093e-03,  7.8701e-04,  1.0120e-04, -1.2212e-03,
         1.2159e-04,  5.7489e-04, -5.2160e-04,  3.6269e-04,  1.7658e-03,
        -5.6922e-04,  1.0715e-03,  1.0349e-03,  5.3041e-04,  1.6523e-03,
        -8.0991e-04,  1.1345e-03,  3.8959e-04,  7.0118e-04, -1.1757e-03,
        -1.5380e-03,  2.7955e-04, -7.7711e-04,  7.7144e-04, -4.6617e-04,
        -1.8854e-03,  6.5004e-04,  6.8141e-04,  1.4002e-03, -9.1967e-04,
         1.7952e-04, -1.0476e-03, -2.3469e-05, -1.4345e-03, -1.9511e-04,
         2.3533e-04, -9.5303e-04,  1.7264e-03,  1.4694e-03,  8.2681e-04,
         1.8807e-03, -6.3596e-06,  1.1200e-03,  2.9418e-04, -9.5860e-04,
        -1.4358e-03, -6.2319e-04, -1.3156e-03,  1.5130e-04, -1.6067e-03,
        -1.0760e-03,  1.5381e-03, -1.1770e-03,  1.6578e-03, -5.5057e-04,
        -1.5048e-03,  1.3252e-03, -8.9161e-04, -1.6685e-03,  3.7342e-04,
         1.5696e-03,  3.0870e-04, -1.9678e-03,  1.7923e-03, -4.5003e-04,
        -1.1198e-03,  1.1087e-03, -3.8147e-04,  4.6357e-04,  1.4775e-03,
         4.2483e-04,  3.0095e-04,  9.9919e-04,  3.1056e-05, -3.1721e-04,
         1.9073e-04, -5.0083e-04, -6.6554e-04, -4.4391e-04,  1.8785e-03,
         3.4341e-04, -6.2908e-04,  1.9163e-03,  1.1388e-03,  4.2683e-04,
        -4.7959e-04, -8.5589e-04, -1.3565e-03, -4.8962e-04, -1.2710e-03,
        -1.0281e-03,  5.1646e-04,  1.2094e-03,  5.6304e-04,  1.5583e-03,
         1.0813e-03, -1.8213e-03,  1.0205e-03,  8.0868e-04,  1.4103e-03,
        -1.9328e-03, -5.8560e-04, -1.6446e-03, -3.5757e-05,  5.4004e-04,
        -1.6259e-03, -3.6208e-04, -2.2403e-04,  1.0704e-03, -4.4847e-04,
         1.4933e-03, -3.3353e-04,  1.3284e-03, -1.1997e-03, -1.3722e-03,
         2.1472e-04])

Name: res_block_4.bn2.weight | Shape: [256]
Values:
tensor([0.2100, 0.1848, 0.2233, 0.1992, 0.1806, 0.1717, 0.2503, 0.1639, 0.2532,
        0.2099, 0.2140, 0.1550, 0.2819, 0.2345, 0.1988, 0.1723, 0.1919, 0.1813,
        0.1942, 0.1843, 0.2044, 0.2046, 0.1879, 0.2073, 0.2036, 0.1651, 0.1567,
        0.1648, 0.1735, 0.1835, 0.2182, 0.2175, 0.2127, 0.1653, 0.2129, 0.2772,
        0.3219, 0.1755, 0.2168, 0.1963, 0.2124, 0.2017, 0.1292, 0.2063, 0.1746,
        0.1636, 0.1957, 0.2022, 0.1408, 0.2476, 0.1706, 0.1849, 0.1848, 0.2131,
        0.1929, 0.1719, 0.1520, 0.1711, 0.1547, 0.2388, 0.2140, 0.1618, 0.2164,
        0.2033, 0.2059, 0.2100, 0.1987, 0.1625, 0.2307, 0.1779, 0.1730, 0.1689,
        0.2270, 0.1792, 0.2058, 0.2273, 0.2224, 0.1856, 0.2274, 0.1434, 0.2011,
        0.1344, 0.1796, 0.2309, 0.2024, 0.1982, 0.2320, 0.2185, 0.2006, 0.1938,
        0.1991, 0.2773, 0.1874, 0.1559, 0.1903, 0.1596, 0.2653, 0.1672, 0.2133,
        0.1708, 0.2026, 0.2366, 0.2164, 0.1683, 0.2131, 0.2030, 0.1628, 0.1954,
        0.1526, 0.1725, 0.1763, 0.1582, 0.1925, 0.2368, 0.1231, 0.2256, 0.1777,
        0.1974, 0.1408, 0.2257, 0.2011, 0.1825, 0.2033, 0.1985, 0.1900, 0.1988,
        0.1994, 0.2546, 0.2110, 0.2055, 0.2218, 0.1425, 0.1129, 0.2776, 0.2091,
        0.2008, 0.2417, 0.1903, 0.1792, 0.2263, 0.1568, 0.2091, 0.2154, 0.1935,
        0.1638, 0.2022, 0.2417, 0.1987, 0.1816, 0.2480, 0.2374, 0.1656, 0.1960,
        0.2049, 0.1457, 0.2544, 0.1711, 0.1839, 0.1293, 0.1728, 0.2079, 0.2306,
        0.1942, 0.1491, 0.1795, 0.2922, 0.1907, 0.1624, 0.0300, 0.1666, 0.2012,
        0.1797, 0.2552, 0.2063, 0.2125, 0.1763, 0.2196, 0.2452, 0.2275, 0.1594,
        0.2060, 0.1591, 0.2128, 0.1398, 0.2656, 0.1951, 0.1974, 0.1844, 0.2570,
        0.1908, 0.2338, 0.2053, 0.2132, 0.1791, 0.1522, 0.1725, 0.2334, 0.1919,
        0.1924, 0.1613, 0.1831, 0.1847, 0.1991, 0.2171, 0.1960, 0.2365, 0.1975,
        0.2186, 0.1758, 0.2088, 0.2029, 0.2142, 0.1753, 0.2093, 0.1966, 0.2193,
        0.1971, 0.2471, 0.2499, 0.2469, 0.1997, 0.1791, 0.1388, 0.1850, 0.1821,
        0.1483, 0.1974, 0.1772, 0.1611, 0.2095, 0.2098, 0.2421, 0.1491, 0.2314,
        0.2141, 0.2058, 0.1759, 0.2107, 0.1899, 0.1569, 0.1878, 0.1899, 0.1533,
        0.1716, 0.2216, 0.1972, 0.2190, 0.2228, 0.1817, 0.2090, 0.1964, 0.2156,
        0.2225, 0.1713, 0.2813, 0.2973])

Name: res_block_4.bn2.bias | Shape: [256]
Values:
tensor([-0.0684, -0.0526, -0.0556, -0.0410, -0.0456, -0.0328, -0.1069, -0.0623,
        -0.0962, -0.0783, -0.0375, -0.0087, -0.0895, -0.0301, -0.1180, -0.0386,
        -0.0359, -0.0761, -0.0768, -0.0635, -0.1038, -0.0607, -0.0133, -0.0363,
        -0.1213, -0.0351, -0.0107, -0.0855, -0.0385, -0.0701, -0.0709,  0.0527,
        -0.1126, -0.1489, -0.0624, -0.0236, -0.1023, -0.0533, -0.0969, -0.0708,
        -0.0146, -0.0477, -0.0437, -0.0857, -0.0730, -0.0531, -0.0898, -0.0211,
        -0.0294, -0.0479, -0.0334, -0.0739, -0.0379, -0.1021, -0.0214, -0.0261,
        -0.0570,  0.0567, -0.0957, -0.0894, -0.0434, -0.0559,  0.0060, -0.2357,
        -0.0689, -0.0566, -0.0423, -0.0479,  0.0365,  0.0136, -0.0924, -0.0846,
        -0.0459, -0.0483, -0.0183, -0.0162, -0.1215, -0.0982, -0.1022,  0.0912,
        -0.0779, -0.1250,  0.0206, -0.0423, -0.1088, -0.0784, -0.0966, -0.0124,
         0.0008, -0.0402, -0.0451,  0.0070, -0.0455, -0.1137, -0.0204, -0.0904,
        -0.0379, -0.0778, -0.0977, -0.0611, -0.0968, -0.0925, -0.1057, -0.0299,
        -0.1087, -0.0558, -0.0404, -0.0276, -0.0888,  0.0131,  0.0133, -0.0046,
        -0.0549, -0.0719, -0.1075, -0.0434, -0.0268, -0.0355, -0.0265,  0.0127,
        -0.0573, -0.0462, -0.0186, -0.0066, -0.0826, -0.0723, -0.0552, -0.0273,
        -0.0992, -0.0097, -0.0369, -0.0171, -0.0464, -0.1065, -0.0849, -0.0510,
        -0.1322, -0.0526, -0.0266, -0.0422, -0.0959, -0.0304, -0.0175, -0.0286,
        -0.0219, -0.0286, -0.0450, -0.0808, -0.0621, -0.0814, -0.0324, -0.0434,
        -0.0863, -0.0081, -0.0315, -0.0740,  0.0102,  0.0182, -0.0529, -0.0585,
        -0.0521, -0.0535, -0.0493, -0.0858,  0.0045, -0.1021, -0.0406, -0.0623,
         0.0950, -0.0502, -0.0332, -0.0333,  0.0108, -0.0922,  0.0093, -0.0868,
        -0.0085, -0.0170, -0.0914, -0.0340, -0.0920, -0.0568, -0.0539, -0.0495,
        -0.0228, -0.0438, -0.0375, -0.0634,  0.0656,  0.0333,  0.0019,  0.0321,
        -0.0207,  0.0549, -0.0180, -0.0944, -0.1488, -0.0316, -0.0403, -0.1160,
        -0.0305, -0.0354, -0.0765, -0.0426, -0.0711, -0.0806, -0.1013, -0.0500,
        -0.0936, -0.0745, -0.0335, -0.1500, -0.0602, -0.0180,  0.0051, -0.0032,
        -0.0558, -0.0267,  0.0335, -0.0860, -0.0040, -0.0442, -0.0447, -0.0101,
        -0.0065, -0.0516,  0.1059, -0.1110, -0.0262, -0.0084, -0.0408, -0.0993,
        -0.0644, -0.0189, -0.0429, -0.0246, -0.0615, -0.0358, -0.0108, -0.0703,
        -0.0410,  0.0162, -0.0384, -0.0392, -0.0893, -0.0316,  0.0203, -0.0374,
        -0.0275, -0.0575, -0.0657, -0.0481, -0.0544,  0.0137, -0.0962, -0.0813])

Name: res_block_5.conv1.weight | Shape: [256, 256, 3, 3]
Values:
tensor([[[[ 1.0078e-02, -2.2971e-03, -1.3286e-02],
          [ 4.9755e-03, -5.2349e-03, -8.0480e-03],
          [-7.2306e-03,  1.1014e-02, -7.4355e-04]],

         [[-3.4313e-02,  3.5749e-02,  2.1271e-02],
          [ 1.7053e-02, -1.7842e-02, -1.2460e-02],
          [-7.2562e-03,  2.0761e-03,  6.2620e-03]],

         [[-3.6977e-02,  8.5362e-03, -2.8291e-02],
          [-2.3047e-02, -2.1598e-02,  1.6657e-02],
          [ 3.0924e-03, -1.6104e-02, -2.2475e-02]],

         ...,

         [[ 3.9005e-02,  1.1129e-03,  1.0793e-02],
          [ 6.1639e-04,  3.2011e-02, -2.4874e-02],
          [ 1.2295e-02, -1.8537e-02,  2.1104e-02]],

         [[ 1.7707e-02, -6.0394e-03, -6.5563e-03],
          [ 1.4791e-02, -1.2693e-02,  1.6967e-02],
          [ 1.9671e-03,  2.4185e-02, -6.1972e-03]],

         [[ 6.6025e-03, -2.6565e-02, -4.5056e-02],
          [ 1.2091e-02,  2.5895e-02,  6.0038e-03],
          [-1.2158e-02, -1.7110e-04, -1.6592e-02]]],


        [[[-1.0527e-02, -1.2591e-02, -2.0095e-02],
          [-2.4556e-02, -1.5695e-02,  3.1047e-02],
          [ 2.5221e-02,  9.3240e-03,  2.5917e-02]],

         [[-8.3553e-03, -1.7886e-02, -1.6589e-03],
          [-2.0735e-03, -1.5898e-02, -3.9716e-02],
          [ 1.0274e-02, -9.6604e-03, -3.9671e-02]],

         [[-2.1420e-02,  4.4315e-03, -1.4407e-02],
          [ 1.0469e-02, -1.5729e-02, -3.4077e-02],
          [-2.6282e-02, -5.4075e-03,  4.5908e-02]],

         ...,

         [[ 1.1561e-02, -2.0677e-02,  1.0061e-02],
          [-1.9135e-04, -1.6819e-02, -6.6444e-03],
          [ 1.0597e-02,  2.3114e-02,  2.4212e-02]],

         [[ 1.1506e-02,  2.8315e-02,  5.2738e-02],
          [ 1.5979e-02, -2.8757e-02,  7.4309e-03],
          [-2.8151e-02,  6.0666e-03,  5.5193e-03]],

         [[-1.7305e-02, -2.0247e-02,  1.5187e-02],
          [-3.1553e-02, -1.7991e-02, -4.0862e-03],
          [-3.3641e-02, -4.8519e-02,  6.1880e-03]]],


        [[[ 4.1471e-03, -5.1284e-03, -3.4312e-02],
          [-2.8745e-04, -9.1848e-03, -1.3960e-02],
          [-2.3413e-02, -5.5455e-03, -3.7471e-02]],

         [[-5.0295e-02, -1.4428e-02,  1.2403e-02],
          [ 1.2161e-02, -1.0705e-02,  2.6970e-02],
          [-3.1411e-03,  2.6243e-02,  1.2130e-02]],

         [[-2.9972e-03,  1.1324e-02, -8.0984e-03],
          [ 1.1796e-02,  2.0258e-02,  7.0248e-03],
          [-1.8634e-02, -5.4654e-03, -7.3799e-03]],

         ...,

         [[ 2.9628e-02, -1.6405e-02, -1.2065e-02],
          [ 6.1455e-03, -2.1896e-02,  1.2175e-02],
          [ 6.9113e-03, -8.5182e-03,  2.0107e-03]],

         [[-1.6388e-02, -4.8312e-03, -1.9794e-02],
          [-2.8530e-02, -7.4058e-03, -2.9124e-02],
          [ 4.8956e-03, -1.7936e-02, -2.7110e-02]],

         [[-1.2342e-02,  3.1555e-02,  1.2247e-02],
          [ 8.0620e-03, -2.2524e-02,  3.1609e-02],
          [ 3.2773e-02,  1.6667e-02, -7.8285e-03]]],


        ...,


        [[[ 1.0275e-02, -3.1758e-02, -2.1908e-02],
          [ 8.4174e-03, -2.4004e-02, -7.3087e-03],
          [-1.1096e-03,  2.1378e-02,  5.7956e-02]],

         [[ 1.7866e-02,  3.9054e-02,  1.2165e-02],
          [ 2.4273e-02,  1.8325e-03,  2.1402e-02],
          [ 2.7465e-02,  2.4166e-02, -7.1753e-03]],

         [[ 8.2018e-03, -1.9195e-02, -1.6181e-02],
          [-7.2687e-03, -5.7666e-03, -1.2895e-02],
          [ 6.7140e-03,  1.9636e-02,  3.8891e-02]],

         ...,

         [[ 1.3109e-02, -2.5468e-02, -1.1143e-02],
          [ 1.6319e-02, -1.7376e-02, -4.5038e-03],
          [-3.7252e-02,  2.1716e-02,  3.8124e-02]],

         [[ 1.1217e-02,  2.0016e-02, -2.0768e-02],
          [-3.9969e-02,  5.5053e-05, -1.2840e-02],
          [-7.5946e-03,  9.4273e-03, -1.9311e-02]],

         [[-1.3348e-02,  5.3031e-02, -1.8034e-02],
          [ 1.3241e-02,  2.7214e-02, -5.9589e-03],
          [ 2.7467e-03, -1.8886e-02, -4.6452e-02]]],


        [[[-2.2600e-02,  1.7148e-02, -2.6130e-02],
          [-1.3070e-02,  9.2385e-04, -1.6028e-02],
          [-2.4454e-03,  3.5769e-03,  1.6087e-02]],

         [[ 2.1468e-02,  3.4333e-03, -1.5514e-02],
          [ 8.4723e-03,  1.2470e-02,  6.8665e-02],
          [ 5.5238e-03,  2.2536e-02, -5.3945e-03]],

         [[-6.5498e-03, -8.9732e-03, -4.5394e-03],
          [-3.5102e-02, -3.1482e-03,  5.4846e-03],
          [-3.3694e-03,  1.5641e-02,  6.8728e-03]],

         ...,

         [[ 1.9312e-02,  7.5432e-03, -2.1397e-03],
          [-2.1658e-04,  1.0250e-02,  3.7559e-02],
          [ 3.6914e-02, -9.5862e-03,  1.4474e-02]],

         [[-7.2799e-03, -1.4879e-02, -1.2529e-02],
          [ 1.6324e-02, -1.0872e-02, -2.5748e-02],
          [-1.0690e-03, -1.6979e-04, -3.4071e-02]],

         [[-2.7514e-02,  2.2261e-02,  4.1267e-02],
          [-7.1755e-03, -1.1342e-02, -1.5259e-02],
          [ 4.4005e-03, -8.9804e-03, -1.0440e-03]]],


        [[[-2.7955e-03,  2.2024e-02,  4.2746e-03],
          [-3.5094e-02, -1.0976e-02, -6.8957e-03],
          [ 4.2090e-03, -1.6967e-02,  1.0012e-02]],

         [[ 2.8722e-02,  8.7344e-03,  1.6574e-02],
          [ 8.4868e-03, -3.1031e-03, -2.4466e-02],
          [ 3.6126e-03, -3.0442e-02, -9.4556e-03]],

         [[-2.9022e-02, -8.4473e-03,  1.7537e-02],
          [ 1.5282e-02, -1.0547e-02,  1.2364e-02],
          [-4.5228e-02, -1.2041e-02, -4.5464e-02]],

         ...,

         [[-1.4246e-02, -4.2698e-03, -1.9774e-02],
          [ 8.2029e-03, -1.2619e-02, -2.5171e-02],
          [ 5.6757e-03, -1.7612e-03, -2.0708e-02]],

         [[-2.1395e-03,  1.2333e-02,  3.2265e-02],
          [-6.5146e-03,  2.5252e-02,  3.2608e-02],
          [-5.2212e-03,  4.2569e-03,  3.9767e-02]],

         [[-1.9820e-02, -3.2455e-02,  1.2381e-02],
          [ 3.5163e-03, -1.4394e-02,  4.3244e-02],
          [-1.8509e-02,  2.2261e-02,  6.8319e-02]]]])

Name: res_block_5.conv1.bias | Shape: [256]
Values:
tensor([-2.0018e-04,  1.4963e-03, -1.5345e-03,  7.2193e-04, -1.7920e-03,
         1.6513e-03, -1.5297e-03,  4.0515e-04, -1.0011e-03, -5.1375e-04,
        -8.2100e-04,  9.4293e-04,  1.9444e-03,  9.3186e-04,  2.4752e-04,
        -2.7195e-04,  1.2679e-03, -1.3636e-03,  1.3749e-03, -1.2544e-04,
        -1.8546e-03,  1.5601e-03,  2.2814e-04, -1.6950e-03,  7.1926e-04,
         1.8603e-03, -1.8098e-03,  6.4660e-04, -1.4470e-03, -9.9386e-04,
         1.9542e-03,  1.5040e-04, -8.5351e-04, -5.2256e-04, -1.6398e-03,
        -1.3762e-04, -4.9738e-04, -1.1288e-03, -1.4456e-03,  6.6233e-04,
         3.6222e-04, -1.4550e-03,  8.7483e-04,  3.8009e-05, -3.3183e-04,
        -4.0357e-04, -3.8424e-04,  1.9506e-04, -6.3216e-04, -1.8151e-03,
        -8.1605e-05, -1.9036e-03, -8.0625e-04, -1.0698e-03,  1.9609e-03,
        -1.6943e-03, -1.6331e-03, -1.9135e-03,  6.1906e-04, -1.8811e-03,
         1.4106e-03,  1.9736e-03, -1.1703e-04, -1.6982e-03, -1.0833e-03,
        -5.1393e-04, -4.7189e-04, -1.0532e-03,  1.4724e-03, -1.9730e-03,
         1.2643e-03, -1.8731e-03,  1.7606e-03,  9.9756e-04,  1.8363e-03,
         3.4986e-04, -1.4095e-03, -3.4842e-04, -2.9639e-04,  1.0577e-03,
         1.0197e-03, -1.0631e-03,  7.3583e-04, -1.9676e-03,  1.3606e-03,
        -1.8103e-03,  6.6462e-04, -2.3225e-04, -7.2689e-04,  9.8001e-04,
        -1.4149e-03,  1.0220e-03,  1.9375e-03,  4.7362e-04, -1.1478e-03,
        -6.3852e-04,  1.6262e-03, -5.0665e-04,  8.0924e-05,  1.9289e-03,
         1.9207e-03, -3.6172e-04,  1.7291e-03, -1.9009e-03,  8.8734e-04,
         3.2708e-04,  1.9547e-03, -1.8399e-03,  8.7308e-04, -1.4372e-03,
        -8.9423e-06,  1.7713e-03, -4.0233e-04, -1.8770e-03, -1.6681e-03,
         1.3505e-03,  1.7297e-03,  1.0783e-03,  9.0166e-04,  5.2698e-04,
        -3.2217e-04, -9.9097e-05, -1.2137e-03, -1.5346e-03,  1.8892e-04,
         5.9401e-04, -1.1527e-03,  4.8708e-04, -1.4005e-03, -1.5711e-03,
        -2.3415e-04, -1.9007e-03, -1.9120e-03,  7.9924e-04,  1.3484e-03,
        -1.3446e-03,  5.2477e-04, -1.5049e-03, -2.1441e-04,  6.0466e-04,
        -1.9334e-03,  1.8585e-03, -9.4562e-04, -1.2954e-03,  9.7853e-04,
         1.1796e-03, -1.0250e-03,  9.5802e-04,  1.8049e-03, -3.5276e-04,
        -7.5266e-04,  1.4530e-03,  1.7324e-05,  1.2784e-03, -1.9002e-03,
         4.3339e-04,  1.9737e-03, -9.8946e-04, -1.1409e-03, -6.9165e-04,
        -1.1919e-04, -5.3429e-04,  8.0539e-04,  7.5785e-04,  1.1614e-03,
        -1.5302e-05,  4.6508e-04, -1.2716e-03,  9.4955e-04,  1.9548e-03,
        -1.3048e-03, -1.7698e-03, -1.3872e-03, -1.5068e-03,  1.8944e-03,
        -1.8210e-03,  9.1217e-04, -5.6053e-04, -1.5871e-03,  1.5412e-04,
         1.6106e-03,  5.9326e-04, -1.9143e-03, -1.3046e-03,  1.3772e-03,
        -1.7857e-04, -1.3087e-03, -2.9074e-04, -1.2787e-03, -5.5333e-04,
         1.0696e-03,  1.1437e-03, -1.2861e-03,  1.7387e-03,  7.6553e-04,
         1.5201e-03, -1.7340e-03,  8.7969e-05, -1.4346e-03,  1.3087e-03,
         6.7116e-04, -5.5656e-04, -4.4273e-04,  1.2622e-03,  1.0318e-04,
         1.4176e-03, -1.1756e-03, -1.3903e-03,  1.1755e-03, -1.1990e-03,
         8.9141e-04,  1.8877e-03,  1.9266e-03, -4.9553e-04, -1.3739e-03,
         1.5545e-03,  1.2659e-03,  1.0949e-03, -8.8566e-04, -1.3434e-03,
        -2.1108e-05,  5.8154e-04, -1.2969e-03,  1.3300e-03,  9.6226e-04,
         9.8693e-04, -7.9691e-04, -3.1769e-04, -5.0305e-04,  1.0235e-03,
        -1.8347e-03,  8.2246e-04,  1.2411e-03,  5.9649e-04,  1.3393e-04,
         3.8868e-04,  8.5156e-04,  4.6687e-04, -1.6226e-03,  6.0382e-04,
         1.4078e-03,  1.8866e-03,  4.7946e-04,  9.8403e-04, -1.0702e-03,
         5.4361e-04,  1.9438e-03, -1.7517e-04,  1.0432e-03,  1.5974e-03,
         3.8305e-04, -1.1517e-03,  3.5648e-04,  1.7036e-03, -8.5028e-04,
        -2.0383e-04])

Name: res_block_5.bn1.weight | Shape: [256]
Values:
tensor([0.1773, 0.2380, 0.1817, 0.2056, 0.1617, 0.2155, 0.2409, 0.2126, 0.1771,
        0.2374, 0.2227, 0.1989, 0.1944, 0.2329, 0.2369, 0.2203, 0.2249, 0.1574,
        0.1777, 0.1943, 0.1872, 0.1742, 0.2083, 0.2044, 0.2121, 0.2002, 0.2250,
        0.2014, 0.2099, 0.2172, 0.2253, 0.2166, 0.1861, 0.2001, 0.2537, 0.2145,
        0.1974, 0.2646, 0.2149, 0.1971, 0.2017, 0.1718, 0.2042, 0.2027, 0.1948,
        0.1889, 0.1784, 0.2165, 0.2154, 0.2152, 0.1946, 0.2034, 0.2063, 0.2101,
        0.2105, 0.2121, 0.2010, 0.2196, 0.1555, 0.1776, 0.2466, 0.2054, 0.1725,
        0.1817, 0.1897, 0.2044, 0.2264, 0.2274, 0.1856, 0.1953, 0.1967, 0.2000,
        0.2136, 0.1986, 0.1914, 0.2042, 0.1998, 0.1668, 0.1892, 0.1782, 0.2320,
        0.1949, 0.1599, 0.2181, 0.2106, 0.1995, 0.1773, 0.1729, 0.2099, 0.2203,
        0.2296, 0.2288, 0.2266, 0.1797, 0.2025, 0.1926, 0.2137, 0.1959, 0.2061,
        0.2034, 0.1974, 0.1985, 0.2430, 0.2389, 0.2126, 0.2139, 0.1918, 0.2114,
        0.2054, 0.1875, 0.2433, 0.1738, 0.1913, 0.2141, 0.2024, 0.2050, 0.2162,
        0.2175, 0.2093, 0.1981, 0.2106, 0.1912, 0.2001, 0.1917, 0.2040, 0.2117,
        0.2299, 0.1729, 0.2455, 0.1893, 0.1938, 0.2095, 0.1843, 0.2221, 0.2164,
        0.2130, 0.1983, 0.1926, 0.2074, 0.1740, 0.2188, 0.1826, 0.2149, 0.1802,
        0.1951, 0.2243, 0.2388, 0.2214, 0.2111, 0.2114, 0.2162, 0.1977, 0.2078,
        0.1808, 0.2054, 0.2291, 0.2098, 0.2151, 0.2118, 0.1921, 0.1906, 0.1894,
        0.2042, 0.2081, 0.2182, 0.2181, 0.2312, 0.2058, 0.1767, 0.2149, 0.1929,
        0.2309, 0.2351, 0.2061, 0.2001, 0.2044, 0.2141, 0.2049, 0.1910, 0.1857,
        0.1935, 0.1941, 0.2230, 0.2015, 0.2035, 0.2114, 0.2078, 0.1974, 0.1906,
        0.2047, 0.2036, 0.1847, 0.1801, 0.2323, 0.2125, 0.2322, 0.2271, 0.1915,
        0.1949, 0.2234, 0.2081, 0.2120, 0.1933, 0.1551, 0.2057, 0.2120, 0.2012,
        0.2085, 0.1843, 0.2006, 0.1790, 0.1946, 0.2442, 0.2744, 0.2073, 0.2217,
        0.1982, 0.2050, 0.2355, 0.2078, 0.1842, 0.2228, 0.1792, 0.2087, 0.2261,
        0.1920, 0.1971, 0.1821, 0.2048, 0.1950, 0.2120, 0.1849, 0.1987, 0.1852,
        0.2313, 0.2186, 0.1903, 0.2123, 0.2206, 0.1854, 0.1837, 0.1940, 0.1895,
        0.1788, 0.2363, 0.1930, 0.2068, 0.2370, 0.2396, 0.2160, 0.2114, 0.2182,
        0.1875, 0.1994, 0.2212, 0.2211])

Name: res_block_5.bn1.bias | Shape: [256]
Values:
tensor([-0.1259, -0.1212, -0.0975, -0.1394, -0.0481, -0.1462, -0.1472, -0.1661,
        -0.1665, -0.1549, -0.1359, -0.1022, -0.1244, -0.1853, -0.1367, -0.1384,
        -0.1183, -0.1568, -0.1400, -0.0884, -0.1686, -0.0909, -0.0677, -0.1299,
        -0.0855, -0.1350, -0.1275, -0.2178, -0.1360, -0.1753, -0.1426, -0.1980,
        -0.1752, -0.1255, -0.1970, -0.1505, -0.1196, -0.1504, -0.1017, -0.1048,
        -0.1540, -0.1594, -0.1463, -0.1586, -0.1738, -0.1492, -0.1118, -0.1533,
        -0.1419, -0.1672, -0.1608, -0.1358, -0.1129, -0.0248, -0.1459, -0.1309,
        -0.1390, -0.1590, -0.1607, -0.0998, -0.1761, -0.1411, -0.0876, -0.1474,
        -0.1639, -0.1144, -0.1419, -0.1121, -0.1387, -0.1245, -0.1591, -0.1495,
        -0.1771, -0.1216, -0.1667, -0.1371, -0.0797, -0.1160, -0.1264, -0.1526,
        -0.1256, -0.0901, -0.1237, -0.1500, -0.1384, -0.1622, -0.1234, -0.1088,
        -0.1204, -0.1302, -0.1151, -0.0842, -0.0980, -0.1017, -0.1507, -0.1555,
        -0.1623, -0.1811, -0.1698, -0.1374, -0.1696, -0.1539, -0.1884, -0.1636,
        -0.1596, -0.1143, -0.1356, -0.1461, -0.1355, -0.1309, -0.1670, -0.1503,
        -0.1106, -0.1096, -0.1653, -0.1730, -0.1584, -0.1689, -0.1416, -0.1565,
        -0.1238, -0.0974, -0.1277, -0.1174, -0.1257, -0.1852, -0.1123, -0.1185,
        -0.1432, -0.1246, -0.1296, -0.1164, -0.0878, -0.1652, -0.1677, -0.1404,
        -0.1376, -0.1122, -0.1715, -0.1401, -0.1145, -0.1131, -0.1495, -0.1182,
        -0.1969, -0.1258, -0.1717, -0.1387, -0.1515, -0.1218, -0.1472, -0.1479,
        -0.1227, -0.1230, -0.1109, -0.1412, -0.1353, -0.1628, -0.1344, -0.1331,
        -0.1660, -0.1919, -0.1156, -0.0734, -0.1680, -0.1219, -0.1504, -0.1034,
        -0.0843, -0.1486, -0.1194, -0.1700, -0.1765, -0.1092, -0.1290, -0.1521,
        -0.1298, -0.1227, -0.1186, -0.1022, -0.1443, -0.1403, -0.1225, -0.1797,
        -0.1435, -0.1453, -0.1603, -0.1404, -0.1113, -0.1407, -0.1532, -0.1507,
        -0.1500, -0.1588, -0.0729, -0.1703, -0.1233, -0.1261, -0.1116, -0.0975,
        -0.1445, -0.1280, -0.1391, -0.1069, -0.1656, -0.1678, -0.0859, -0.1429,
        -0.1495, -0.1380, -0.1543, -0.1125, -0.1898, -0.1778, -0.1555, -0.1991,
        -0.1687, -0.1147, -0.1658, -0.1646, -0.1225, -0.1532, -0.1268, -0.1513,
        -0.1665, -0.1363, -0.1315, -0.1102, -0.1422, -0.1363, -0.1459, -0.1606,
        -0.0879, -0.1687, -0.1204, -0.1550, -0.1192, -0.1484, -0.1863, -0.1425,
        -0.1128, -0.1243, -0.1463, -0.1201, -0.1158, -0.1069, -0.1579, -0.1503,
        -0.0949, -0.1361, -0.1605, -0.1099, -0.1246, -0.1487, -0.1402, -0.1688])

Name: res_block_5.conv2.weight | Shape: [256, 256, 3, 3]
Values:
tensor([[[[ 3.9919e-03, -1.6914e-02,  1.6056e-02],
          [ 2.1411e-02,  3.4110e-02, -9.0615e-03],
          [ 5.3365e-03, -7.4372e-04, -1.3389e-02]],

         [[-4.0050e-02, -1.2489e-02,  4.4702e-02],
          [-1.5046e-02,  4.6817e-04,  5.5844e-02],
          [ 1.1791e-02,  1.1499e-02,  3.8863e-03]],

         [[ 1.6194e-02,  2.0293e-02, -1.7869e-02],
          [-6.9755e-03, -2.0151e-03,  3.5055e-03],
          [ 1.7961e-02,  6.1246e-03, -3.1246e-02]],

         ...,

         [[-2.2389e-02, -1.6597e-02,  8.0468e-03],
          [-7.6424e-03, -4.8227e-03, -1.5087e-02],
          [ 3.6489e-02, -9.8283e-03, -4.7939e-02]],

         [[ 3.2045e-02,  2.9421e-02,  3.4459e-02],
          [-9.4427e-03,  2.5763e-02,  3.3215e-02],
          [-6.8169e-02, -1.8616e-02,  5.0671e-03]],

         [[-3.1901e-02, -3.2420e-03, -9.3951e-03],
          [ 1.2256e-02,  1.1276e-02, -2.0557e-03],
          [ 2.6944e-02,  2.5058e-02,  3.2114e-03]]],


        [[[ 2.4568e-02,  1.8822e-03, -2.0789e-02],
          [ 4.3038e-02, -5.9682e-03, -6.9292e-03],
          [ 2.8648e-03, -1.6074e-03,  2.5697e-03]],

         [[-5.5161e-05, -7.5323e-03,  1.2890e-02],
          [ 7.7182e-03,  5.1481e-03,  3.3931e-02],
          [ 5.4730e-03,  1.8582e-02,  2.3175e-02]],

         [[ 2.9492e-02,  1.6164e-02,  2.0861e-02],
          [-1.1760e-02, -3.1802e-02, -1.2241e-02],
          [-5.1252e-03, -2.4547e-02, -2.0430e-02]],

         ...,

         [[ 1.3272e-02,  8.7760e-03,  5.4565e-03],
          [ 9.7771e-03,  2.4294e-02,  1.8842e-03],
          [ 2.0620e-02,  3.1953e-02,  8.9235e-03]],

         [[-3.0708e-02,  9.9101e-03,  1.5827e-02],
          [-1.4238e-02, -1.6573e-02, -1.9496e-02],
          [-8.5201e-03, -3.6784e-02, -6.4125e-03]],

         [[-9.9834e-03, -1.8527e-02,  4.9758e-03],
          [-3.4989e-03, -2.7618e-02,  4.2429e-04],
          [-1.5616e-02, -1.9866e-02,  2.8520e-03]]],


        [[[-2.4588e-02, -1.2540e-02,  1.8985e-02],
          [-2.3130e-02, -1.6962e-02,  1.0212e-02],
          [-3.3703e-02, -1.0117e-02, -7.6689e-03]],

         [[ 4.2675e-04,  3.8999e-03,  7.2486e-03],
          [-3.3456e-02, -1.9922e-02, -2.2158e-04],
          [-1.9965e-02, -1.4819e-02,  1.0908e-02]],

         [[-2.8522e-02,  7.0272e-03, -1.1268e-03],
          [-1.2683e-02,  1.0041e-02, -6.3781e-03],
          [-1.9559e-02, -1.5124e-02,  1.3325e-03]],

         ...,

         [[ 1.6414e-02, -3.8326e-04,  2.2657e-02],
          [-2.3411e-03, -1.3779e-02, -1.7045e-02],
          [ 1.5122e-02, -6.3256e-03,  1.9197e-02]],

         [[-1.6594e-02, -2.2147e-02, -5.2888e-03],
          [ 6.8860e-03,  7.9748e-03,  2.8932e-02],
          [-3.2620e-02, -7.5900e-03, -1.0758e-02]],

         [[ 1.1991e-02, -1.9744e-02, -1.3033e-02],
          [-3.4531e-03, -1.5017e-02,  2.0383e-02],
          [ 2.6482e-02,  9.0221e-03, -3.6260e-03]]],


        ...,


        [[[ 2.9588e-02, -2.4575e-02, -3.7025e-03],
          [-2.4636e-03,  6.6939e-02, -2.4590e-02],
          [ 1.6795e-02, -4.1673e-02,  6.2058e-02]],

         [[-1.7612e-02, -4.5983e-03, -2.3872e-02],
          [ 3.9054e-02, -1.5439e-02, -5.1967e-03],
          [-1.5909e-02,  2.9703e-03, -1.6705e-02]],

         [[ 1.6791e-02,  4.1709e-03,  1.0237e-02],
          [ 6.6738e-03, -2.6817e-02,  7.1739e-03],
          [ 1.3458e-02,  9.8293e-03, -4.6212e-03]],

         ...,

         [[-2.7767e-03, -4.1186e-03,  7.7179e-03],
          [ 1.3559e-02, -4.5311e-03,  3.5350e-04],
          [-2.6191e-02,  4.0622e-02,  2.5120e-02]],

         [[ 4.5244e-02, -3.4515e-02, -4.2225e-02],
          [-8.0682e-03, -2.6770e-02, -1.6195e-02],
          [ 6.9495e-03, -1.7106e-02,  1.9798e-03]],

         [[-2.6475e-02, -5.3629e-03, -2.3349e-02],
          [-1.0315e-02,  1.9904e-02,  1.1625e-02],
          [-1.3881e-02,  2.5088e-02,  1.4907e-02]]],


        [[[ 1.2754e-02, -3.0950e-02,  5.7784e-03],
          [ 1.9029e-02, -6.6519e-03,  1.0684e-02],
          [ 1.6014e-02, -8.5081e-03, -1.7909e-02]],

         [[-8.0513e-03,  3.1822e-03,  1.3378e-02],
          [ 1.2056e-02, -3.2464e-03,  7.4240e-03],
          [ 9.1734e-04,  1.0735e-02, -1.1486e-02]],

         [[ 3.1358e-02,  2.0559e-02,  7.6510e-03],
          [ 1.6284e-02,  1.7911e-02,  1.0530e-02],
          [-3.9222e-03,  1.7851e-02,  5.2675e-03]],

         ...,

         [[ 3.7121e-03, -3.8114e-03, -3.3134e-03],
          [ 4.5700e-05,  6.3117e-03, -7.4610e-03],
          [-9.1897e-03,  8.3244e-03, -9.8245e-04]],

         [[ 1.4586e-02, -6.4105e-03, -1.8459e-02],
          [-3.1805e-03, -2.2065e-02,  1.1337e-02],
          [ 1.8096e-02, -3.7749e-03,  1.9832e-02]],

         [[-9.2785e-03, -2.0548e-02, -6.9761e-03],
          [ 9.5338e-03, -1.9145e-02,  6.0977e-04],
          [ 2.9829e-02,  2.3485e-04, -1.6191e-02]]],


        [[[-1.4190e-02, -1.9324e-02, -7.6653e-03],
          [-2.5967e-02, -8.0407e-03,  5.0976e-03],
          [-2.3863e-02, -1.8231e-02,  1.9482e-03]],

         [[-9.0329e-03,  1.7159e-02,  2.3069e-02],
          [-1.7825e-02, -1.0706e-02,  1.1995e-03],
          [-4.1306e-02, -3.9523e-02, -1.4178e-02]],

         [[-1.0415e-02, -1.7634e-02,  1.0376e-02],
          [ 1.5222e-02,  1.6734e-02,  1.4168e-02],
          [ 7.3274e-03,  6.6660e-03, -8.8195e-03]],

         ...,

         [[ 1.3281e-02,  8.3793e-04,  6.6692e-05],
          [ 3.0117e-03, -1.7035e-02, -2.3449e-02],
          [-2.0382e-02, -2.1291e-02, -1.1740e-02]],

         [[-4.5448e-03, -1.1077e-02,  8.8315e-03],
          [-6.6885e-03,  1.1573e-03,  5.9273e-03],
          [ 2.3083e-02, -2.9441e-03,  4.0951e-03]],

         [[-2.7547e-02, -2.3108e-02, -3.1785e-03],
          [ 6.2645e-03, -1.2538e-02,  1.6484e-02],
          [ 2.2736e-02, -8.8836e-03, -2.3319e-02]]]])

Name: res_block_5.conv2.bias | Shape: [256]
Values:
tensor([ 2.9127e-04,  1.0375e-04, -1.7913e-03,  1.5491e-03,  1.3833e-03,
         3.8184e-04,  5.4721e-04, -1.5729e-03, -1.6168e-03, -9.1010e-04,
         1.4149e-03,  1.7940e-03,  1.7532e-03, -9.0782e-04, -3.6929e-05,
         1.4839e-03, -1.3607e-03, -7.5889e-04,  1.5600e-03, -1.1620e-03,
        -1.3390e-03,  6.4164e-04,  1.4090e-03, -1.7938e-03,  1.2868e-03,
         1.7244e-04,  1.2051e-03,  1.4156e-03, -4.5048e-04,  1.7325e-03,
        -2.2840e-04, -4.1216e-06, -1.5456e-03, -1.7509e-04, -7.4730e-04,
        -4.0198e-04, -9.6126e-04,  1.4591e-03,  5.4272e-04, -3.4576e-04,
        -1.1814e-03,  2.5403e-04, -5.5140e-04,  1.0779e-03, -9.4753e-04,
         4.2467e-04, -1.5904e-03, -1.0985e-03, -5.8611e-04,  7.4843e-05,
         1.0695e-04,  5.7348e-04, -1.7791e-03, -1.0857e-03, -1.8862e-03,
         5.7579e-04,  4.3049e-04,  1.5702e-03, -1.0667e-03, -5.3752e-04,
        -1.8091e-03, -4.8015e-04,  1.2709e-03, -7.9872e-04, -1.7455e-03,
         6.3352e-04,  1.3655e-03, -1.2812e-03, -5.2413e-04,  9.8575e-04,
        -1.5014e-03,  2.0662e-04,  9.1070e-04, -2.9785e-05, -1.8983e-03,
        -1.1112e-04,  3.8435e-04,  1.1567e-03, -1.7245e-03,  1.2688e-03,
         1.8204e-03, -5.2679e-04, -1.2521e-03, -9.0854e-04, -1.5383e-03,
         9.4648e-04,  6.9244e-04,  1.6821e-03,  6.1037e-04,  7.8969e-04,
         1.9499e-03,  2.8047e-05,  5.4172e-04, -1.6355e-03,  1.3765e-03,
         1.9499e-03, -1.2551e-03, -9.7036e-04, -1.4397e-03,  7.8049e-04,
         1.0491e-03, -1.4471e-03, -1.7728e-03, -3.8664e-04, -5.8017e-04,
         1.8838e-03, -5.5007e-04,  1.4839e-03, -1.9568e-03,  1.0717e-04,
         9.0918e-04, -1.9316e-03, -1.9716e-03,  1.4788e-03, -1.0834e-03,
        -2.1157e-04,  3.4888e-04,  2.6102e-04, -1.5407e-03, -4.5260e-04,
         6.1739e-05, -1.1394e-03,  1.9524e-03, -9.1440e-04,  3.0717e-04,
         1.0134e-03, -1.8865e-06, -4.2048e-04,  1.5378e-03, -6.5707e-04,
         1.6784e-03, -1.1951e-04,  1.1679e-03, -1.1604e-03,  1.6249e-03,
         5.6438e-04,  1.5917e-03,  3.8733e-04,  1.4212e-04, -1.7737e-03,
        -1.9815e-04,  4.2939e-04, -7.3486e-04,  1.5467e-03,  1.6799e-03,
        -3.9185e-04, -3.2185e-04,  1.3823e-03, -2.0116e-04, -1.4238e-03,
         1.8151e-03, -7.4353e-04,  1.6935e-03,  4.1411e-04, -1.1029e-03,
         2.7429e-04, -7.7786e-04, -1.7137e-03,  9.5491e-04,  1.3167e-03,
         1.4004e-03, -1.5630e-03,  1.4191e-03,  1.1850e-03, -5.5214e-05,
        -1.4460e-03, -2.5779e-04,  1.1927e-03,  3.2148e-04,  1.1312e-03,
        -1.7712e-03, -9.9179e-04, -1.6649e-04, -1.8920e-03,  3.5738e-04,
         1.6307e-04, -1.4767e-03, -1.3010e-03,  7.8317e-05,  9.2114e-04,
         3.9664e-04,  1.6732e-03,  1.6004e-03, -8.7518e-04,  1.4665e-03,
         6.0361e-04, -5.6569e-04,  1.6602e-03, -5.1979e-04, -1.1931e-03,
         1.7334e-03,  1.7382e-04, -1.0188e-03, -2.0230e-04,  1.0530e-03,
         1.8032e-03, -1.9628e-03,  1.1542e-03, -1.9143e-03, -9.2502e-04,
         4.8096e-04, -2.8234e-04,  2.4998e-04, -1.9052e-03, -1.7680e-03,
        -1.4272e-03,  1.3974e-03, -9.1967e-04, -1.2520e-03, -6.5782e-04,
        -5.5865e-04,  1.7110e-03,  2.9355e-04, -2.0080e-04, -4.5789e-04,
         5.4043e-04,  1.2623e-03,  1.7149e-04, -6.7899e-04, -5.5298e-04,
        -5.2443e-05, -1.3358e-03,  5.2249e-04, -3.2919e-04,  5.2711e-04,
         1.0100e-03,  6.1076e-04, -1.4364e-07,  2.2606e-04, -9.3408e-04,
         1.8917e-03, -1.6338e-03,  1.0682e-04,  9.7250e-04, -1.5509e-03,
         1.5967e-03,  6.5369e-04, -4.4910e-04,  1.0089e-04, -1.4532e-03,
         1.5846e-04,  1.6373e-03, -5.9222e-04, -1.6115e-03, -1.8454e-03,
        -4.6853e-04,  1.0551e-03, -1.2465e-06,  1.4487e-03,  1.6383e-03,
         7.4619e-04,  1.5069e-03, -2.9065e-04,  1.7127e-03, -6.7973e-04,
         9.5198e-04])

Name: res_block_5.bn2.weight | Shape: [256]
Values:
tensor([0.2219, 0.1250, 0.1855, 0.1985, 0.1714, 0.1499, 0.2089, 0.1630, 0.1763,
        0.1908, 0.2147, 0.1371, 0.1851, 0.1760, 0.1995, 0.1959, 0.1568, 0.2126,
        0.1618, 0.2076, 0.2139, 0.1819, 0.1694, 0.1901, 0.1819, 0.2044, 0.1899,
        0.1736, 0.2397, 0.1669, 0.1972, 0.1772, 0.1905, 0.1707, 0.1541, 0.1958,
        0.1815, 0.2134, 0.1824, 0.1749, 0.1828, 0.2079, 0.1368, 0.1979, 0.2166,
        0.1508, 0.1924, 0.1953, 0.1658, 0.1785, 0.1371, 0.1763, 0.1519, 0.2058,
        0.1488, 0.1324, 0.1330, 0.1257, 0.1639, 0.1990, 0.1621, 0.1342, 0.1661,
        0.2534, 0.2224, 0.1608, 0.2129, 0.1668, 0.2095, 0.1967, 0.1555, 0.1216,
        0.1768, 0.1473, 0.1726, 0.2254, 0.2019, 0.2129, 0.1676, 0.1624, 0.1922,
        0.1673, 0.1646, 0.1590, 0.1675, 0.1755, 0.1957, 0.2393, 0.1698, 0.1414,
        0.2287, 0.2101, 0.1796, 0.1857, 0.2326, 0.1584, 0.2422, 0.2070, 0.2516,
        0.1887, 0.1680, 0.1604, 0.1734, 0.1381, 0.1633, 0.1899, 0.1378, 0.1702,
        0.1733, 0.1464, 0.1715, 0.1791, 0.1460, 0.1985, 0.1592, 0.2114, 0.1553,
        0.1594, 0.1683, 0.1840, 0.1983, 0.1930, 0.1882, 0.2130, 0.1927, 0.1400,
        0.2218, 0.1973, 0.1722, 0.1537, 0.1789, 0.1729, 0.1263, 0.1742, 0.2041,
        0.1683, 0.2091, 0.1604, 0.1893, 0.1968, 0.1080, 0.2255, 0.1849, 0.1858,
        0.1644, 0.1683, 0.1688, 0.1998, 0.1727, 0.2189, 0.2218, 0.1737, 0.1693,
        0.1628, 0.1765, 0.1860, 0.1865, 0.1496, 0.1654, 0.1478, 0.1677, 0.1970,
        0.1772, 0.1496, 0.1731, 0.2670, 0.1737, 0.1509, 0.2235, 0.1440, 0.2256,
        0.1638, 0.1402, 0.1603, 0.1793, 0.1836, 0.1872, 0.1835, 0.1572, 0.2050,
        0.2091, 0.1803, 0.1747, 0.0825, 0.1743, 0.1535, 0.2244, 0.1751, 0.1870,
        0.1435, 0.2051, 0.1940, 0.1812, 0.1517, 0.1572, 0.2066, 0.1936, 0.2005,
        0.1993, 0.1640, 0.1774, 0.1723, 0.1852, 0.2157, 0.1739, 0.2066, 0.1908,
        0.1720, 0.1945, 0.1945, 0.2619, 0.1618, 0.2208, 0.1722, 0.2458, 0.1883,
        0.1746, 0.2080, 0.1929, 0.2130, 0.1726, 0.1759, 0.0832, 0.1406, 0.1669,
        0.1592, 0.1611, 0.1327, 0.1912, 0.1724, 0.1437, 0.2051, 0.1828, 0.2055,
        0.2143, 0.1644, 0.1948, 0.1782, 0.1628, 0.1620, 0.1859, 0.1690, 0.1688,
        0.1706, 0.1886, 0.1905, 0.1813, 0.2482, 0.1510, 0.1867, 0.1660, 0.1724,
        0.1894, 0.0935, 0.1510, 0.2011])

Name: res_block_5.bn2.bias | Shape: [256]
Values:
tensor([-7.2324e-02, -6.5642e-02, -1.0268e-01, -3.9939e-02, -9.7879e-02,
        -5.2419e-02, -8.5827e-02, -2.2326e-02, -3.6771e-02, -5.9111e-02,
        -1.2504e-02, -4.9966e-02, -8.2798e-02, -1.0784e-01, -1.8524e-02,
        -4.5023e-02, -3.3025e-02, -3.1862e-02, -5.6367e-03, -1.9511e-02,
        -5.8214e-02, -7.7526e-02, -4.3140e-02, -1.3548e-01, -1.8644e-02,
        -6.5157e-02, -5.1065e-02, -3.6282e-02, -8.6862e-02, -3.2318e-02,
        -5.4142e-02, -2.0303e-02, -6.6913e-02, -1.4199e-02, -9.4493e-02,
        -2.9283e-03, -7.3586e-02, -3.8040e-02,  1.3663e-02, -2.0020e-02,
        -3.8644e-02, -3.9371e-02, -1.0874e-01, -5.9746e-02, -6.5054e-02,
         3.5252e-02, -5.5852e-02, -1.4469e-02, -5.8340e-03, -4.7885e-02,
        -5.8041e-02, -5.9634e-02, -4.9190e-02, -3.7067e-02, -1.9575e-02,
        -5.2141e-03, -5.4033e-02, -3.9430e-02, -1.1564e-01,  7.6012e-02,
        -1.5947e-03,  2.6988e-02, -6.2369e-02, -4.5122e-02, -6.7654e-02,
        -2.7314e-02, -3.2719e-02, -8.6732e-03, -4.0775e-02, -5.5342e-02,
        -9.7451e-02, -7.4603e-03, -5.7773e-02, -5.2256e-02, -1.0053e-01,
        -4.0188e-02, -1.3094e-01, -5.8758e-02, -4.6689e-02, -1.0609e-02,
        -5.5851e-02, -7.0491e-03,  2.2641e-02, -2.5586e-02, -3.6729e-02,
        -6.5588e-02, -6.4465e-02, -5.5633e-02, -8.7121e-02, -5.3571e-02,
         4.1708e-02, -6.0363e-02, -6.5959e-02, -1.7872e-02, -9.4817e-02,
        -6.6497e-02, -5.5301e-02, -4.0086e-02, -6.7784e-02, -5.5101e-02,
        -7.2769e-02, -2.3280e-02,  1.2337e-02, -3.6645e-02, -1.0551e-01,
        -2.7435e-02, -9.2887e-02, -8.5455e-02, -2.5396e-02, -2.3558e-02,
         8.4754e-03, -7.3643e-02, -4.6087e-02, -6.4684e-02, -1.5398e-01,
        -4.5390e-02, -6.4357e-02, -8.0193e-02, -3.1347e-02, -7.3750e-02,
        -7.5076e-02, -2.2782e-02, -1.0099e-01, -8.3177e-02, -6.9005e-02,
        -6.2785e-02,  1.0037e-02, -8.6571e-02, -8.3930e-02, -5.5399e-02,
        -5.9495e-02, -5.3153e-03, -3.0654e-03, -4.5688e-02, -7.6725e-02,
        -3.8147e-02, -3.8653e-02, -3.2146e-02, -3.8839e-02, -1.0611e-01,
        -5.4065e-02, -1.0049e-01, -4.2707e-02, -7.4572e-02, -3.0382e-02,
        -1.1441e-02, -3.6128e-02, -1.0274e-01, -3.9732e-02, -6.5404e-02,
        -6.1097e-02, -2.6935e-02, -5.3854e-03, -3.1067e-02, -2.7152e-02,
        -6.3201e-02, -8.5248e-02, -3.7351e-02, -8.9085e-03, -7.0907e-02,
        -3.6244e-02, -4.8871e-02, -1.2974e-01, -4.7002e-02, -5.7140e-02,
        -7.7366e-02, -7.8137e-02, -1.0203e-01,  2.5901e-02,  3.2538e-03,
        -3.3502e-02, -4.7890e-02, -4.7430e-02, -6.0780e-02, -2.8002e-02,
         3.3502e-03, -1.5015e-02, -1.8804e-02, -3.0127e-02, -6.0765e-02,
        -8.8856e-02, -5.8851e-02, -8.7457e-02, -2.3147e-02, -9.4853e-03,
         1.2614e-05, -8.8951e-02, -5.3337e-02, -5.3001e-02, -6.9707e-02,
        -6.1096e-02, -8.0094e-03, -6.4886e-02, -2.0563e-02,  6.6423e-04,
        -5.3546e-02, -6.0841e-02, -7.5261e-02, -7.3900e-02, -9.5017e-02,
        -7.5678e-02,  6.2221e-03, -3.1408e-02, -1.2194e-01, -6.2024e-03,
         7.7071e-03, -4.6304e-02, -5.6572e-02, -5.7637e-02, -5.0187e-02,
        -5.0773e-02, -8.2418e-02,  1.2522e-02, -9.2250e-02, -6.3365e-02,
        -1.0817e-02, -5.5094e-02, -7.0116e-02, -7.3459e-02, -6.7390e-02,
        -3.1510e-02, -2.1441e-02, -3.2109e-02, -4.0984e-02,  4.6819e-02,
         1.8902e-03, -2.4518e-02, -5.0854e-02, -4.3257e-02, -5.7504e-02,
        -7.8226e-02, -2.5525e-02, -4.6364e-02, -3.8822e-02, -3.9329e-02,
        -5.0061e-02,  1.4944e-02, -8.0059e-02, -4.7142e-02,  3.5078e-02,
         7.9223e-03, -6.0391e-02, -4.9486e-02, -4.3772e-02, -1.4868e-02,
        -4.2522e-02,  1.7798e-02, -1.1814e-03, -5.1878e-02, -1.6085e-02,
        -6.9159e-02, -5.1941e-02, -4.2587e-02, -7.8877e-02, -3.8585e-02,
        -1.1251e-01])

Name: res_block_6.conv1.weight | Shape: [256, 256, 3, 3]
Values:
tensor([[[[ 6.1820e-03, -6.3954e-03,  7.8928e-04],
          [-1.0398e-02, -4.4455e-03, -1.9332e-03],
          [-7.0604e-03,  7.1714e-03,  1.9677e-02]],

         [[-9.8389e-03,  2.4594e-02,  1.1576e-02],
          [ 2.7473e-02,  2.3838e-02,  9.2519e-04],
          [ 3.6793e-02,  7.0959e-03,  4.3381e-02]],

         [[ 9.5903e-03,  7.7624e-03, -1.3059e-02],
          [ 3.3986e-03, -2.0435e-02, -3.3541e-02],
          [ 3.3721e-03,  1.3477e-03, -6.6591e-03]],

         ...,

         [[ 1.5084e-02, -4.8111e-03, -8.0531e-04],
          [ 1.9703e-02, -1.6862e-02,  1.3190e-02],
          [-3.0625e-02, -1.0904e-04,  1.9476e-03]],

         [[ 2.6010e-03,  1.7269e-03,  3.2274e-03],
          [ 1.0772e-02,  2.9079e-02,  3.0840e-02],
          [ 3.0381e-02,  5.0665e-02,  2.2382e-02]],

         [[-5.4618e-03, -6.1421e-03, -1.0036e-02],
          [ 6.2498e-03,  2.9231e-02, -1.3401e-02],
          [ 1.2878e-02,  3.8573e-02,  1.7037e-02]]],


        [[[ 1.9879e-02,  2.9143e-03,  8.5037e-03],
          [-1.1222e-02, -6.1170e-03,  5.4796e-03],
          [-1.3773e-02, -1.7937e-02,  2.1408e-02]],

         [[ 1.2613e-02,  1.0630e-02,  2.0631e-02],
          [-8.0323e-05, -4.4308e-03,  1.4947e-02],
          [ 3.0848e-02,  1.6615e-02,  1.4757e-02]],

         [[ 2.2433e-03,  3.4052e-03, -1.4381e-02],
          [-4.5023e-03,  8.5326e-03, -3.6429e-02],
          [ 1.2865e-03,  4.1090e-03, -2.0537e-02]],

         ...,

         [[ 8.4662e-03, -4.5270e-03,  3.9054e-02],
          [ 7.9875e-03, -5.0006e-03, -6.8313e-03],
          [-3.1573e-03, -1.5002e-03, -1.7092e-02]],

         [[ 2.4939e-02,  9.8294e-03, -7.1229e-03],
          [-9.7121e-03,  2.8646e-02,  3.9609e-02],
          [-1.3267e-03, -4.4582e-03,  2.2409e-02]],

         [[-4.4495e-03, -1.9349e-03,  1.6965e-02],
          [-1.6649e-02, -6.4870e-03,  1.7214e-02],
          [ 1.3596e-02,  1.7935e-02,  1.1254e-03]]],


        [[[ 3.0644e-03, -8.7142e-04,  7.8843e-03],
          [-3.6471e-02, -2.6563e-03, -3.0832e-02],
          [-4.7779e-02, -1.7768e-02, -4.3933e-02]],

         [[ 9.7603e-03,  1.1936e-02,  6.3381e-02],
          [-9.3000e-03,  1.5809e-02,  4.2105e-02],
          [-6.9997e-03,  2.5034e-02,  5.3791e-03]],

         [[ 1.4123e-02,  1.4598e-02, -4.4955e-05],
          [-2.0639e-02, -3.6152e-02, -3.5936e-02],
          [-6.4263e-03, -6.2081e-03, -3.6951e-02]],

         ...,

         [[ 6.1710e-03, -1.1958e-03,  4.4847e-03],
          [-9.1947e-03,  6.2820e-03, -1.2691e-02],
          [ 2.4774e-02,  5.1111e-03, -2.0233e-02]],

         [[ 1.8471e-02,  5.1016e-03, -3.4216e-02],
          [-1.6796e-02,  1.6148e-02, -5.9684e-03],
          [ 2.8429e-02,  2.0727e-02, -5.1441e-03]],

         [[-1.1632e-02, -2.7154e-02, -6.9796e-03],
          [ 5.9445e-03, -3.9067e-03, -1.0965e-02],
          [-7.6897e-03, -1.7375e-03, -6.6446e-03]]],


        ...,


        [[[-9.3202e-03, -2.1575e-02,  1.4054e-02],
          [ 1.1256e-02,  3.5631e-02,  2.9554e-02],
          [ 5.5753e-03,  2.7535e-02,  2.0972e-02]],

         [[ 2.0941e-02,  4.4491e-02,  2.2582e-02],
          [ 1.2180e-02,  2.1198e-03, -3.2890e-02],
          [ 1.4702e-02, -2.5257e-02, -8.5154e-05]],

         [[ 4.8888e-03, -6.3708e-03,  1.7806e-02],
          [-2.0709e-02,  1.6746e-02,  2.2035e-02],
          [ 8.2319e-03,  5.5947e-03,  3.6392e-02]],

         ...,

         [[-4.5125e-02, -2.1954e-02, -7.1811e-03],
          [ 1.1666e-02, -1.5245e-02,  4.9122e-03],
          [-2.2277e-02, -1.0829e-02,  7.9520e-04]],

         [[-9.7103e-03, -4.0715e-02, -5.6564e-03],
          [-3.2811e-02, -2.9372e-02, -2.0644e-02],
          [-6.2385e-03,  7.6183e-03,  6.3016e-03]],

         [[ 5.4610e-03, -3.8073e-03, -3.0986e-02],
          [-9.9783e-03, -4.3942e-03,  1.9680e-02],
          [-7.7561e-03,  6.2065e-03,  1.1927e-02]]],


        [[[-3.8206e-03,  8.4363e-03, -9.5974e-03],
          [-7.5475e-03,  1.7004e-02, -3.7498e-02],
          [-1.1250e-02, -3.2196e-02, -9.4693e-04]],

         [[ 1.1112e-02,  2.1423e-02, -8.3705e-03],
          [ 6.0840e-04, -1.8618e-02,  1.6311e-02],
          [-3.9533e-02,  1.0652e-02,  2.4014e-02]],

         [[-2.6555e-02,  2.7871e-02,  1.4710e-02],
          [ 5.9228e-03,  2.4684e-02,  1.8657e-02],
          [ 4.4369e-03, -2.4707e-03, -4.2419e-03]],

         ...,

         [[-1.8551e-03,  2.3656e-02, -2.4862e-02],
          [-2.0436e-02, -1.7777e-02,  1.3618e-02],
          [ 1.4935e-02,  2.3118e-02, -7.9673e-03]],

         [[ 2.8883e-02,  3.5915e-03, -1.2591e-02],
          [ 3.2121e-02, -1.2301e-02, -2.1890e-02],
          [ 1.5262e-02, -1.3903e-02,  4.9135e-03]],

         [[-2.9233e-03, -3.7259e-03, -7.1966e-03],
          [-4.2206e-02, -3.0788e-02, -3.7458e-02],
          [-9.7643e-03, -9.3422e-03, -2.4128e-02]]],


        [[[-3.8415e-02, -4.0205e-02, -1.1800e-02],
          [-6.7686e-03, -7.8305e-03,  6.2539e-03],
          [-2.0056e-02, -1.5517e-02,  1.6792e-03]],

         [[-1.1528e-02,  4.6244e-03,  3.7264e-02],
          [-1.7422e-02,  1.1036e-02,  1.1517e-02],
          [-2.0864e-02,  1.3550e-02,  2.5937e-02]],

         [[-6.3083e-03, -2.1527e-02, -4.5457e-03],
          [-7.7405e-03,  7.1142e-03,  1.4790e-02],
          [ 1.8209e-02,  1.4568e-02, -2.0498e-04]],

         ...,

         [[-1.2440e-02, -2.2817e-02,  1.6429e-02],
          [-6.6984e-03, -5.5678e-03, -2.7193e-02],
          [ 9.8875e-03,  1.2090e-02, -5.6516e-03]],

         [[ 7.5471e-03,  1.6116e-02,  1.7393e-03],
          [ 1.6918e-02,  4.2234e-03,  3.0958e-03],
          [-1.5045e-04,  2.5582e-02, -1.1136e-02]],

         [[-9.4301e-03, -5.9053e-03,  1.4393e-02],
          [ 2.5856e-02,  2.0825e-02,  6.4984e-03],
          [ 2.2689e-02,  2.8825e-02,  1.1677e-02]]]])

Name: res_block_6.conv1.bias | Shape: [256]
Values:
tensor([ 1.5948e-03, -1.4579e-03,  3.1364e-04, -9.2539e-04,  8.8192e-04,
         1.0289e-03, -1.4558e-03,  1.2389e-03,  1.4510e-03, -1.5366e-03,
         1.5682e-03,  7.2372e-04,  4.7078e-04,  1.8409e-03, -7.1476e-04,
         1.2645e-03, -6.1880e-04, -1.4338e-04, -5.1623e-04, -1.0330e-03,
        -1.2197e-03,  1.3711e-03,  1.8965e-03,  1.4111e-03,  9.5036e-04,
        -2.0348e-04,  1.7072e-03,  3.7990e-04,  9.4074e-04, -1.3635e-03,
        -1.0270e-03,  1.8964e-03,  4.0852e-04,  2.1897e-04, -2.0969e-04,
         9.3479e-04,  1.9197e-03, -1.8851e-03,  4.0429e-04,  9.5554e-04,
         5.0747e-04, -1.8799e-03,  8.1395e-04,  1.9514e-03, -9.4007e-05,
         1.9390e-03,  1.1965e-03,  6.0324e-04,  5.4440e-04,  3.0512e-04,
        -2.8535e-04,  6.1331e-04, -1.0244e-03,  5.0449e-04, -9.3523e-04,
         7.8298e-04,  1.1646e-05, -8.5866e-04,  3.2952e-04,  1.0549e-03,
         1.6130e-03, -1.9341e-03,  1.1885e-05, -7.2776e-04, -5.1116e-04,
        -9.6606e-04,  5.4135e-04,  4.3864e-04, -8.2774e-04,  1.7772e-03,
        -4.1853e-04,  1.3549e-03,  4.4142e-04, -1.6448e-04, -5.6881e-04,
        -2.1543e-05,  1.5951e-03,  7.9397e-04,  3.1038e-04, -4.6835e-04,
         1.5021e-03,  4.6422e-04,  1.2071e-03,  4.6574e-04, -9.4292e-04,
        -1.1333e-03,  5.9583e-04, -1.0479e-03,  2.1994e-04,  8.8126e-04,
        -1.2704e-03,  1.6058e-03,  1.7518e-03, -6.2505e-04,  1.4023e-05,
        -4.9501e-05,  1.7540e-03,  1.6518e-03, -1.5792e-03, -1.0350e-03,
         1.0150e-03, -1.0609e-04, -5.0902e-06, -1.5444e-03,  1.6187e-03,
         9.7743e-04, -8.7215e-04,  1.3328e-03, -3.2492e-04, -1.1023e-03,
        -1.5136e-03, -1.2203e-03, -3.5964e-05,  1.3842e-03, -5.9253e-04,
        -9.8349e-04,  8.2289e-04, -1.0373e-03,  1.8086e-03, -2.4796e-04,
        -4.2265e-04,  1.8872e-03, -1.8020e-03, -6.2123e-04, -4.0587e-04,
        -1.4994e-03, -1.4799e-03, -5.7225e-04, -1.5048e-03,  1.2804e-03,
        -6.9085e-04,  1.1720e-03, -1.8880e-03, -1.3430e-03,  5.3490e-04,
         2.6748e-04,  3.8748e-04,  1.9564e-03, -1.5898e-03, -3.1451e-04,
        -8.8179e-06, -1.4411e-03,  1.6874e-03, -1.4974e-03, -6.3443e-04,
        -1.5740e-03,  6.2956e-05,  1.7903e-03, -4.9943e-04,  5.3036e-05,
        -1.5490e-03, -5.9054e-04, -2.1181e-05,  1.2547e-03,  1.8497e-03,
        -6.3777e-04, -3.2890e-04, -3.2461e-04, -5.6798e-04,  4.7019e-06,
        -6.9931e-04,  1.1002e-03, -1.2802e-03, -1.1228e-03,  3.4465e-04,
        -1.7174e-03, -9.6134e-04, -1.7292e-03,  1.4766e-03, -4.5523e-04,
        -1.8844e-03, -1.1523e-03,  1.5658e-03, -6.5055e-04,  1.2782e-04,
        -6.5849e-04,  5.3924e-04, -1.6626e-03,  9.7830e-06,  1.9123e-04,
        -7.0986e-04, -1.4922e-03, -1.3952e-03, -1.0527e-03, -3.1928e-04,
         4.2899e-04,  1.3484e-03, -5.7555e-04, -3.4165e-05,  1.1724e-03,
        -1.5392e-03,  5.9522e-04,  1.3880e-03, -6.1844e-04,  1.8737e-06,
        -1.4680e-03, -1.7421e-03,  5.1351e-05,  1.4897e-03,  9.0130e-04,
         5.8892e-04, -5.3574e-04,  2.9797e-05,  1.2494e-03, -1.9678e-04,
         9.8011e-04, -8.7666e-04,  1.2021e-03, -1.4272e-03,  3.2888e-04,
        -1.7249e-03,  1.1721e-03,  6.9953e-04, -1.3489e-03, -2.0104e-04,
        -7.8054e-04,  8.8766e-04,  7.3877e-04, -9.8720e-04,  1.8429e-03,
        -1.4322e-03, -1.5441e-03, -1.9187e-03, -6.8020e-04, -8.6695e-04,
         5.1159e-04,  8.1195e-04,  4.9522e-04,  2.3070e-05, -1.0941e-03,
        -8.5108e-04, -3.5340e-04, -1.6588e-03,  1.2541e-03, -8.1645e-05,
         3.8399e-04,  6.8977e-04,  7.8006e-04, -8.4550e-05, -4.4285e-04,
         2.3029e-04,  1.6857e-03, -1.0778e-04, -1.4293e-03, -1.2225e-03,
         7.3057e-05, -6.1034e-04, -1.7385e-03,  1.0898e-03, -1.1034e-03,
        -6.2139e-04,  2.2039e-04,  1.2192e-03, -1.8490e-03, -4.9637e-04,
         2.3454e-04])

Name: res_block_6.bn1.weight | Shape: [256]
Values:
tensor([0.1858, 0.1651, 0.1962, 0.1815, 0.1932, 0.1740, 0.2042, 0.2063, 0.1681,
        0.1700, 0.1929, 0.1718, 0.2114, 0.1849, 0.1650, 0.1945, 0.1849, 0.1846,
        0.1885, 0.1840, 0.2012, 0.1950, 0.1704, 0.1634, 0.1949, 0.1956, 0.2061,
        0.1673, 0.2501, 0.1668, 0.1830, 0.1900, 0.1695, 0.1817, 0.2158, 0.1844,
        0.2035, 0.2060, 0.1992, 0.1694, 0.1592, 0.1859, 0.1825, 0.1921, 0.1611,
        0.1726, 0.1825, 0.1939, 0.1989, 0.2091, 0.1843, 0.1749, 0.1500, 0.1890,
        0.2023, 0.1788, 0.1781, 0.1973, 0.1757, 0.1785, 0.1949, 0.2004, 0.2053,
        0.1808, 0.1889, 0.2067, 0.2289, 0.1756, 0.2108, 0.1784, 0.1331, 0.1661,
        0.1822, 0.1776, 0.2139, 0.1646, 0.1513, 0.1868, 0.1752, 0.1691, 0.1741,
        0.1972, 0.1709, 0.1803, 0.1590, 0.1941, 0.2090, 0.1621, 0.2204, 0.1852,
        0.2085, 0.1604, 0.2053, 0.1960, 0.1686, 0.2096, 0.1742, 0.1917, 0.1689,
        0.1881, 0.1871, 0.2158, 0.1912, 0.1874, 0.1814, 0.2034, 0.1549, 0.1808,
        0.1845, 0.1954, 0.2044, 0.1686, 0.1853, 0.1697, 0.1951, 0.1680, 0.1923,
        0.1569, 0.1919, 0.1796, 0.1631, 0.1874, 0.1944, 0.1855, 0.1928, 0.1751,
        0.1818, 0.2015, 0.1966, 0.1756, 0.2114, 0.2190, 0.1930, 0.1711, 0.1838,
        0.2006, 0.1752, 0.1974, 0.2024, 0.1879, 0.1985, 0.1774, 0.1999, 0.1684,
        0.2108, 0.2425, 0.1789, 0.1767, 0.1725, 0.1853, 0.1645, 0.1810, 0.1894,
        0.1888, 0.1482, 0.1875, 0.2271, 0.1626, 0.1820, 0.1709, 0.1813, 0.1418,
        0.1996, 0.1603, 0.1960, 0.1605, 0.1658, 0.1751, 0.1918, 0.1569, 0.1775,
        0.2082, 0.2197, 0.1688, 0.1764, 0.1824, 0.2085, 0.1738, 0.1903, 0.2021,
        0.1910, 0.2104, 0.1674, 0.1827, 0.2187, 0.1714, 0.1729, 0.1534, 0.1764,
        0.1815, 0.1720, 0.1795, 0.1841, 0.1745, 0.1959, 0.1836, 0.1714, 0.1915,
        0.1717, 0.1721, 0.1675, 0.2117, 0.1835, 0.1993, 0.1757, 0.1741, 0.2128,
        0.1027, 0.1784, 0.2029, 0.1897, 0.1788, 0.1989, 0.1864, 0.1986, 0.1802,
        0.2126, 0.1703, 0.1922, 0.1997, 0.2103, 0.2063, 0.2028, 0.1744, 0.1893,
        0.1865, 0.1549, 0.1863, 0.1789, 0.1959, 0.2326, 0.2150, 0.1579, 0.1647,
        0.1992, 0.1688, 0.1671, 0.1889, 0.1836, 0.1952, 0.1981, 0.1739, 0.2074,
        0.1999, 0.2061, 0.2158, 0.1914, 0.1899, 0.1652, 0.1816, 0.1926, 0.1922,
        0.2098, 0.1967, 0.2082, 0.1920])

Name: res_block_6.bn1.bias | Shape: [256]
Values:
tensor([-0.1089, -0.1517, -0.1331, -0.0917, -0.1230, -0.0794, -0.1148, -0.0883,
        -0.0839, -0.1361, -0.1044, -0.1009, -0.1436, -0.1007, -0.1242, -0.1415,
        -0.1469, -0.1286, -0.1622, -0.1162, -0.1582, -0.1088, -0.1286, -0.1156,
        -0.1484, -0.1171, -0.1242, -0.1230, -0.1656, -0.0670, -0.1659, -0.1350,
        -0.1515, -0.1374, -0.1694, -0.1354, -0.1585, -0.0832, -0.1503, -0.1247,
        -0.1606, -0.1127, -0.1348, -0.1293, -0.1342, -0.1224, -0.1230, -0.1210,
        -0.1167, -0.1304, -0.1409, -0.1136, -0.1036, -0.0970, -0.1233, -0.1658,
        -0.0725, -0.1378, -0.0924, -0.1407, -0.1448, -0.1401, -0.0809, -0.1357,
        -0.1578, -0.1478, -0.1522, -0.1189, -0.1560, -0.0880, -0.1667, -0.1089,
        -0.1191, -0.1628, -0.1286, -0.0973, -0.0977, -0.1234, -0.1242, -0.1394,
        -0.1485, -0.1109, -0.1242, -0.1056, -0.1635, -0.1419, -0.1416, -0.1017,
        -0.1439, -0.1458, -0.1303, -0.1330, -0.1331, -0.1315, -0.1088, -0.1459,
        -0.1110, -0.1319, -0.1257, -0.1238, -0.1282, -0.1686, -0.1388, -0.1382,
        -0.1408, -0.1091, -0.1383, -0.1509, -0.1363, -0.1244, -0.1008, -0.1915,
        -0.1190, -0.1387, -0.1390, -0.1403, -0.1493, -0.1081, -0.1560, -0.1303,
        -0.0561, -0.1351, -0.1563, -0.1194, -0.1159, -0.1357, -0.1108, -0.1185,
        -0.1046, -0.1221, -0.1415, -0.1572, -0.1540, -0.1662, -0.1610, -0.1614,
        -0.1650, -0.0971, -0.0824, -0.1621, -0.1115, -0.1052, -0.1291, -0.1262,
        -0.1568, -0.1267, -0.1262, -0.1529, -0.1503, -0.1284, -0.1171, -0.1406,
        -0.1262, -0.1060, -0.1362, -0.1245, -0.1389, -0.1127, -0.1097, -0.1412,
        -0.1351, -0.1319, -0.1380, -0.1239, -0.1310, -0.0839, -0.1660, -0.1755,
        -0.1771, -0.1911, -0.1364, -0.1099, -0.1191, -0.1718, -0.1060, -0.1438,
        -0.1145, -0.1163, -0.1585, -0.1527, -0.1520, -0.1372, -0.1610, -0.1575,
        -0.1734, -0.1456, -0.1361, -0.0703, -0.1453, -0.1466, -0.1400, -0.1479,
        -0.1486, -0.1811, -0.0999, -0.1535, -0.1176, -0.1208, -0.1380, -0.1022,
        -0.1542, -0.1292, -0.1240, -0.0835, -0.0886, -0.1429, -0.1200, -0.1258,
        -0.1260, -0.1373, -0.1257, -0.0964, -0.1302, -0.1837, -0.1163, -0.1160,
        -0.1658, -0.1271, -0.1445, -0.0961, -0.1476, -0.1297, -0.1366, -0.1078,
        -0.1227, -0.1130, -0.0718, -0.1426, -0.0899, -0.1048, -0.2017, -0.1788,
        -0.1410, -0.1190, -0.1230, -0.1401, -0.1348, -0.1744, -0.1716, -0.1511,
        -0.1261, -0.0853, -0.1696, -0.1264, -0.1184, -0.1442, -0.1179, -0.1107,
        -0.1301, -0.1450, -0.1475, -0.1039, -0.1469, -0.1174, -0.1236, -0.0811])

Name: res_block_6.conv2.weight | Shape: [256, 256, 3, 3]
Values:
tensor([[[[-2.3126e-02,  2.8156e-02,  3.3152e-02],
          [ 1.1539e-02,  2.7360e-02,  4.8649e-02],
          [ 2.8266e-02,  2.4897e-02,  7.0109e-02]],

         [[-3.2590e-03,  2.2073e-02,  1.5455e-02],
          [-2.5843e-02, -3.6461e-03, -2.0062e-02],
          [-2.8385e-02, -1.1708e-02,  2.3378e-02]],

         [[-4.3379e-02,  4.0833e-03,  8.2430e-03],
          [-2.3680e-02,  1.0278e-02,  2.4494e-02],
          [ 5.9825e-03,  1.2046e-03,  2.1530e-02]],

         ...,

         [[-2.2306e-02, -2.9551e-02,  1.6059e-02],
          [ 7.1958e-04, -1.5866e-02, -1.6670e-03],
          [ 1.3055e-02,  1.1368e-02,  1.6518e-02]],

         [[-4.1906e-03,  1.8552e-02,  1.6345e-02],
          [ 3.0125e-02, -2.0782e-02, -1.5468e-02],
          [ 3.5111e-02, -1.9690e-02, -4.6374e-02]],

         [[ 1.9521e-02, -3.9564e-03, -2.0111e-02],
          [-1.2903e-02, -1.7043e-03, -3.4306e-03],
          [-1.8021e-02,  5.6789e-03,  1.5494e-02]]],


        [[[-1.1238e-02, -8.2281e-03,  1.1418e-02],
          [-2.5232e-02, -9.1459e-03,  1.4261e-02],
          [-2.3780e-02, -1.0426e-03,  4.0788e-02]],

         [[ 6.1142e-03, -6.2502e-03, -1.6500e-03],
          [-1.9327e-02,  1.5844e-02, -4.2943e-03],
          [ 6.6146e-03,  6.7178e-03,  2.4844e-03]],

         [[ 4.3395e-03,  1.0862e-02,  1.6199e-02],
          [-3.1809e-03,  4.1385e-03,  1.6059e-05],
          [ 3.9640e-03, -1.3018e-02,  4.4600e-03]],

         ...,

         [[ 5.4389e-03, -1.0327e-02,  8.9885e-03],
          [ 8.0486e-04, -3.1111e-03, -6.0371e-03],
          [-9.9371e-03,  4.5039e-05, -2.8250e-03]],

         [[ 3.7520e-04,  1.6145e-02, -1.7583e-02],
          [-2.7176e-03, -9.7737e-03,  6.9698e-04],
          [ 2.0057e-02,  6.1769e-03,  1.1809e-04]],

         [[-2.1591e-02, -1.7266e-02, -2.9417e-03],
          [-9.0998e-03, -1.3143e-02, -9.1154e-03],
          [-7.7927e-03,  2.3040e-03, -6.1021e-04]]],


        [[[ 8.4860e-03, -1.4317e-02, -3.5150e-03],
          [ 1.1588e-02, -6.3089e-03, -1.4571e-03],
          [ 1.2207e-02, -3.1750e-03,  2.1665e-02]],

         [[ 1.1233e-02,  1.6407e-02, -2.4700e-03],
          [ 1.0447e-02,  8.2614e-03, -1.1291e-02],
          [ 1.4965e-02,  1.9369e-02, -1.9361e-02]],

         [[ 2.7900e-02,  4.9908e-03,  5.6694e-03],
          [ 1.5332e-02, -1.8804e-03, -7.1983e-03],
          [-1.7592e-03, -1.6017e-02, -2.8279e-02]],

         ...,

         [[ 2.5378e-03, -4.6112e-03, -1.6762e-02],
          [ 5.6035e-03, -6.0418e-03, -1.8700e-02],
          [-3.1682e-03, -1.0921e-02, -9.0302e-03]],

         [[ 3.3349e-04,  2.8241e-02,  1.7881e-02],
          [ 7.8688e-03,  1.4055e-02,  1.4202e-02],
          [-8.5273e-03,  3.5435e-03, -3.4935e-05]],

         [[-4.4085e-03, -5.5704e-04, -4.1019e-03],
          [ 1.2619e-02,  8.8903e-03,  1.0245e-02],
          [ 1.0065e-02,  2.5820e-02,  1.8779e-02]]],


        ...,


        [[[-9.1670e-03,  7.4253e-03, -4.7837e-03],
          [ 1.5432e-02, -5.8756e-02, -2.2120e-02],
          [-4.1243e-02, -1.0412e-02, -2.6425e-02]],

         [[-1.0659e-02,  2.5457e-02, -1.2059e-02],
          [-1.6774e-02,  4.6544e-03,  8.4005e-03],
          [ 2.8515e-03,  4.7553e-03, -2.0039e-02]],

         [[-1.8573e-02,  2.2452e-02, -1.7769e-02],
          [-2.1309e-02, -2.6721e-02,  4.7293e-02],
          [ 1.4273e-02, -1.4066e-02, -5.1791e-03]],

         ...,

         [[-1.4767e-03, -1.8672e-03, -3.2596e-03],
          [-4.8929e-04, -3.0318e-03, -7.6473e-03],
          [ 1.2281e-02,  1.2571e-02, -6.2193e-03]],

         [[ 3.1224e-04,  3.2277e-03, -1.4845e-03],
          [-3.2766e-02, -2.3894e-03,  6.3962e-03],
          [-2.9622e-02,  3.8485e-02, -4.2399e-02]],

         [[-6.7610e-03,  2.5749e-02,  2.0886e-02],
          [ 7.3146e-03, -9.7586e-03,  1.9551e-02],
          [-4.6482e-03, -4.7268e-03,  1.0783e-03]]],


        [[[-6.9694e-03,  1.3583e-02,  1.6794e-02],
          [-1.2442e-02,  1.8889e-02,  1.9012e-02],
          [-2.2070e-02, -2.3008e-03, -2.7306e-04]],

         [[-1.9770e-02, -5.5032e-03,  1.1407e-02],
          [-1.1049e-02,  7.5239e-03,  8.4960e-03],
          [ 9.9310e-04,  7.5542e-03, -7.3380e-03]],

         [[ 7.3125e-03, -1.7492e-02, -1.6494e-02],
          [-1.9978e-02, -6.5882e-03, -3.6606e-03],
          [ 1.1590e-02, -1.7494e-02, -1.0561e-03]],

         ...,

         [[ 1.4236e-02,  4.0317e-03, -5.9287e-03],
          [ 1.5393e-02, -1.5885e-02, -2.8692e-02],
          [ 1.9318e-03, -1.4135e-03, -2.0126e-02]],

         [[ 1.2853e-02, -1.3877e-02, -2.7476e-02],
          [ 1.9218e-02,  7.5369e-03,  9.2245e-03],
          [ 2.1403e-02,  8.2534e-04,  5.5448e-03]],

         [[ 2.1277e-02, -1.2414e-03,  1.6273e-02],
          [ 4.5310e-03,  2.7578e-04, -2.4350e-03],
          [ 5.0635e-03, -1.6088e-02,  6.1075e-03]]],


        [[[ 7.7102e-03,  1.0357e-02, -4.9220e-04],
          [ 1.7994e-02,  2.2579e-02, -3.6912e-03],
          [ 1.9088e-03,  9.3471e-03, -1.7851e-02]],

         [[ 2.0766e-02,  3.2652e-03, -1.5469e-02],
          [ 6.2242e-03,  4.9358e-03,  4.0364e-03],
          [ 1.1419e-02,  3.5622e-03, -2.5219e-03]],

         [[ 8.4417e-03, -1.3265e-02, -2.4773e-02],
          [-6.0375e-04, -5.0004e-03, -1.6456e-02],
          [ 8.6431e-03, -5.0307e-03, -4.9441e-03]],

         ...,

         [[ 1.2921e-02,  9.7371e-05, -6.7460e-03],
          [ 1.7238e-03, -1.6674e-02, -4.2898e-02],
          [-1.5464e-02, -2.2247e-02, -4.8414e-03]],

         [[-1.6427e-03, -7.5175e-03,  3.1154e-03],
          [ 1.0677e-02,  4.1834e-03,  6.6071e-04],
          [ 3.5759e-03, -9.4524e-03, -1.2212e-02]],

         [[ 6.3927e-03,  1.9605e-02, -1.6845e-04],
          [-1.2807e-02,  7.3094e-03,  8.0650e-04],
          [-8.1116e-03, -2.8707e-03,  1.5482e-02]]]])

Name: res_block_6.conv2.bias | Shape: [256]
Values:
tensor([-1.4289e-03,  7.5282e-04,  1.1729e-03, -6.2171e-04, -9.8586e-04,
         9.7927e-04, -7.4703e-04, -5.8567e-04,  5.7369e-05, -1.2743e-03,
         1.5690e-03, -1.1248e-03, -1.5070e-03, -1.1180e-03,  5.4735e-04,
         2.0839e-04,  1.2018e-04,  1.5145e-03, -2.5015e-04, -8.7403e-04,
        -2.8808e-04, -1.4050e-03,  1.0050e-03, -1.6858e-03, -2.1672e-04,
        -3.5797e-04, -1.1510e-03, -1.8074e-03,  6.9508e-05,  5.5778e-04,
         1.3811e-03,  7.9310e-04,  1.0240e-03, -7.1170e-04, -8.8576e-04,
        -1.0099e-03, -5.2054e-04, -7.4208e-04, -3.7052e-04,  8.3901e-04,
        -1.4555e-03,  1.8579e-03, -9.4140e-04, -8.6589e-04,  1.3072e-03,
         2.3851e-04, -1.7646e-03, -1.8443e-03, -1.7071e-03,  1.1673e-03,
        -1.3646e-03,  4.2155e-04,  1.1213e-03, -1.5323e-04, -6.6011e-04,
        -1.6772e-03,  1.3091e-03, -1.2710e-03, -1.8805e-03,  7.2549e-04,
         1.0144e-03,  5.9072e-04,  9.0760e-05, -1.3846e-03,  3.4654e-04,
        -1.4175e-03,  7.9516e-04, -1.0601e-03, -1.2854e-03,  1.6102e-03,
        -1.1742e-03,  7.8601e-04, -5.4670e-04, -1.1403e-03, -9.6864e-04,
         1.0018e-03, -1.4269e-03, -1.6014e-04,  1.9739e-04, -3.1049e-04,
        -7.6759e-04,  9.5393e-04,  1.7631e-03, -1.9049e-03, -7.4514e-04,
         4.2750e-04,  1.8683e-03,  1.7532e-03,  1.0245e-03, -1.7661e-03,
        -1.2278e-03,  4.7637e-04, -2.1422e-04, -8.2606e-04, -8.1934e-04,
         1.6103e-04,  8.1660e-04,  4.2482e-04, -1.7758e-04,  9.5528e-04,
        -1.9327e-03,  1.2394e-03,  9.9336e-04,  1.8207e-03,  1.0916e-03,
         1.5627e-03, -7.6887e-04,  1.3231e-03,  1.9545e-03,  1.8828e-03,
         1.7756e-03,  5.4667e-04,  2.4881e-04, -1.0771e-03,  2.2550e-04,
         1.7816e-04, -3.9603e-05, -3.8709e-04,  3.6956e-04,  1.1654e-03,
         3.7146e-04, -1.2840e-04,  1.6930e-03, -1.4207e-03,  1.9533e-03,
         1.2212e-03, -5.7638e-04, -1.6547e-03,  1.8949e-03,  9.5789e-04,
         1.0655e-03,  1.4427e-04,  5.4145e-05, -4.8329e-04, -1.4962e-04,
        -7.2181e-04,  3.6138e-04, -1.1154e-03,  7.4540e-04,  1.0251e-03,
        -3.0380e-04, -1.8169e-03,  5.5641e-04, -1.4392e-03, -1.0450e-03,
        -1.5439e-03,  9.2120e-04, -8.4219e-04, -7.8145e-06,  6.1166e-04,
        -8.5255e-04,  1.2474e-03, -1.8517e-03, -4.2667e-05,  1.3507e-03,
         1.8953e-03, -6.1139e-04,  1.2927e-03, -9.9432e-04, -8.8833e-04,
         5.8317e-04,  1.5621e-03, -1.2409e-03,  9.6317e-04,  3.5603e-04,
         1.5202e-03, -4.0563e-04, -8.8152e-04, -2.9380e-04,  2.8819e-04,
         3.3895e-05, -3.5158e-04,  2.4325e-04, -8.4791e-04,  1.5441e-03,
         7.9926e-04, -1.6880e-04, -6.1148e-05, -1.5189e-03, -4.9001e-05,
        -9.2665e-04,  1.6207e-03,  1.3706e-03, -1.7059e-03,  1.1538e-03,
        -6.1024e-04,  1.9597e-03, -9.6057e-04, -9.5965e-04, -4.2016e-04,
         1.6592e-03, -8.5707e-04, -8.9294e-04, -2.0367e-04,  1.1672e-03,
         1.8917e-03, -6.5837e-04,  1.8635e-03,  1.2809e-03, -1.1620e-03,
         7.5417e-04, -3.7049e-04, -1.0025e-05,  1.7690e-03,  1.1997e-03,
        -2.1919e-04, -1.6958e-03,  9.0463e-06, -2.5564e-04,  8.0282e-04,
         3.6871e-05, -1.9171e-03,  1.9448e-03,  1.3862e-03,  3.0456e-04,
         1.2074e-03,  2.8932e-04,  1.5614e-04,  1.7627e-03, -3.7032e-04,
         8.4644e-04,  3.7242e-04, -1.5435e-03, -8.6619e-04,  1.7780e-05,
        -1.7823e-03,  1.8850e-03,  7.0949e-04, -1.5736e-03,  1.1637e-03,
         5.3762e-04,  1.7336e-03,  8.4011e-04,  5.0075e-04,  4.4509e-04,
        -1.7663e-03, -1.3071e-03,  1.1689e-03, -1.4025e-03, -1.2860e-03,
        -1.2518e-03, -1.5913e-03,  6.0452e-04, -9.9496e-04,  8.5491e-04,
        -1.6301e-03,  1.8100e-03,  1.1472e-03, -1.2787e-03,  8.4817e-04,
        -1.4065e-03, -6.8006e-04, -2.2814e-04, -1.8972e-03,  1.6990e-03,
         9.5807e-04])

Name: res_block_6.bn2.weight | Shape: [256]
Values:
tensor([0.1512, 0.1502, 0.1784, 0.1563, 0.1733, 0.1326, 0.1882, 0.1962, 0.1617,
        0.1894, 0.1772, 0.1354, 0.1525, 0.2009, 0.1953, 0.1749, 0.1824, 0.2034,
        0.1365, 0.1730, 0.1824, 0.1958, 0.2061, 0.2054, 0.1659, 0.1761, 0.1739,
        0.1876, 0.1557, 0.1614, 0.1905, 0.1671, 0.1487, 0.1731, 0.1885, 0.1845,
        0.1441, 0.2051, 0.1385, 0.1566, 0.1925, 0.1881, 0.1251, 0.1771, 0.1780,
        0.1357, 0.1450, 0.1960, 0.1375, 0.1780, 0.1288, 0.1568, 0.1580, 0.2059,
        0.1555, 0.1518, 0.1133, 0.1451, 0.1131, 0.1125, 0.1815, 0.1342, 0.1263,
        0.1748, 0.2220, 0.1450, 0.1939, 0.1469, 0.1852, 0.1359, 0.1673, 0.1315,
        0.1639, 0.1805, 0.1430, 0.1594, 0.1719, 0.1601, 0.1794, 0.1344, 0.1794,
        0.1371, 0.1594, 0.1320, 0.1725, 0.1485, 0.1703, 0.1633, 0.1722, 0.1337,
        0.1180, 0.1883, 0.1878, 0.1982, 0.1915, 0.1464, 0.2129, 0.1635, 0.1069,
        0.1477, 0.2023, 0.1653, 0.1433, 0.1261, 0.1992, 0.1845, 0.1560, 0.1862,
        0.0997, 0.1580, 0.1372, 0.1712, 0.1437, 0.1988, 0.1222, 0.1938, 0.1732,
        0.1751, 0.1163, 0.1384, 0.1546, 0.1541, 0.1931, 0.1540, 0.1775, 0.1899,
        0.2232, 0.1752, 0.1902, 0.1639, 0.1640, 0.1917, 0.1232, 0.1509, 0.1483,
        0.1452, 0.1837, 0.1312, 0.1268, 0.1472, 0.1276, 0.1882, 0.1815, 0.1625,
        0.1774, 0.1733, 0.1737, 0.1778, 0.1541, 0.1801, 0.1936, 0.1507, 0.1326,
        0.1410, 0.1440, 0.1560, 0.1971, 0.1293, 0.1583, 0.1229, 0.1711, 0.1237,
        0.1504, 0.1617, 0.1355, 0.2096, 0.1845, 0.1401, 0.1077, 0.1757, 0.1897,
        0.1652, 0.1138, 0.1172, 0.1779, 0.1651, 0.1802, 0.1123, 0.1330, 0.1065,
        0.1516, 0.1215, 0.1838, 0.0835, 0.1399, 0.1637, 0.2032, 0.1982, 0.1332,
        0.1111, 0.1930, 0.1962, 0.1607, 0.1576, 0.1223, 0.1668, 0.1537, 0.1573,
        0.1612, 0.1676, 0.1283, 0.1618, 0.1465, 0.1560, 0.1822, 0.1821, 0.1506,
        0.1924, 0.1523, 0.1483, 0.1789, 0.1451, 0.1612, 0.1849, 0.1985, 0.1736,
        0.1808, 0.1796, 0.1678, 0.1792, 0.1377, 0.1670, 0.1030, 0.1164, 0.1340,
        0.1253, 0.1629, 0.1565, 0.1601, 0.1789, 0.1677, 0.1618, 0.1491, 0.1838,
        0.1524, 0.2002, 0.1911, 0.1788, 0.1624, 0.1377, 0.1633, 0.1523, 0.1690,
        0.1908, 0.1467, 0.1719, 0.1172, 0.2041, 0.1538, 0.1930, 0.2203, 0.1503,
        0.2072, 0.1749, 0.1471, 0.1713])

Name: res_block_6.bn2.bias | Shape: [256]
Values:
tensor([-7.0308e-02, -4.4817e-02, -8.0156e-02, -1.6435e-02, -9.2879e-02,
        -4.1659e-02, -6.9449e-02, -5.9137e-02, -9.2945e-02, -4.1070e-02,
         9.8746e-03, -5.6411e-02, -2.8200e-02, -4.8617e-02, -6.7614e-02,
        -2.0476e-02, -4.8163e-02, -3.2356e-02, -9.6255e-03, -2.8291e-02,
        -1.9271e-02, -4.6606e-02,  3.5665e-02, -3.1757e-02, -5.9553e-02,
        -5.3580e-02, -8.1274e-02, -3.3420e-02, -6.0732e-02, -4.9342e-02,
        -7.2276e-02, -3.1547e-02, -6.0553e-02, -4.5084e-02, -6.3659e-02,
        -6.0795e-02, -2.7407e-02, -8.4435e-02, -3.1553e-02, -5.3515e-02,
        -4.1250e-02, -6.3222e-02,  2.6944e-02, -1.0116e-01, -3.6830e-02,
         2.4600e-03, -4.4656e-02, -4.8595e-02, -5.8670e-02, -1.0262e-01,
        -6.2337e-02, -1.9489e-02, -2.7299e-02, -7.8231e-02, -3.1289e-02,
         5.0690e-03, -5.3490e-02, -1.0187e-01, -6.0004e-02, -3.1331e-02,
        -3.9034e-02,  3.2114e-02, -3.3907e-02, -2.3473e-02, -6.9628e-02,
        -7.3186e-02, -5.0741e-02, -3.5696e-02, -6.4487e-02, -4.4865e-02,
        -5.1878e-02, -4.6518e-02, -6.1603e-02, -6.0828e-02, -6.8426e-02,
        -7.4950e-02, -1.4197e-01, -4.6238e-02, -6.5407e-02, -5.5897e-02,
        -4.8374e-02, -5.5724e-02, -4.2324e-02, -6.9931e-02, -3.4090e-02,
        -6.0842e-02, -4.7038e-02, -2.7856e-02, -2.0765e-02, -4.9020e-02,
        -4.0727e-02, -4.5582e-02, -3.7671e-02,  8.2554e-05, -5.1341e-02,
        -1.2328e-01, -1.0734e-01, -6.5684e-02, -3.1117e-02, -3.2982e-02,
        -8.2897e-02, -5.8230e-02, -5.5944e-02, -2.3315e-02, -3.2924e-02,
        -3.8684e-02, -2.9850e-02, -5.3620e-02, -2.8701e-02, -3.2182e-02,
        -5.5593e-02, -6.3325e-02, -6.0114e-02, -8.1821e-02,  4.9956e-02,
        -4.9617e-02, -8.6633e-02, -1.4658e-02, -1.3332e-02, -3.4486e-02,
        -4.9975e-02, -7.7396e-02, -1.0751e-01, -2.2501e-02,  5.9196e-02,
         3.7471e-03, -9.9952e-02, -6.5951e-02, -7.3889e-02, -5.6203e-02,
        -1.8467e-02, -3.0071e-02,  2.6248e-02, -4.3798e-02, -8.6794e-02,
        -6.6131e-02, -8.4111e-02, -5.7259e-03, -6.5399e-02, -3.9772e-02,
        -2.3905e-03, -5.4689e-02, -6.4281e-02, -6.9657e-02, -5.7200e-02,
        -8.0463e-02,  1.5853e-02, -2.4779e-02, -9.2546e-02, -7.7534e-02,
        -1.2045e-01, -5.4380e-02, -9.9655e-03, -7.5534e-02, -7.9957e-02,
        -8.1762e-02, -1.0053e-01, -4.6191e-02, -3.2417e-02, -2.2644e-03,
        -1.0647e-01, -9.2988e-02, -3.6289e-02, -5.1305e-02, -4.9199e-02,
        -1.0294e-01, -6.3020e-02,  5.7071e-02, -4.6539e-02, -4.8302e-02,
        -1.1935e-02, -8.5667e-02, -3.4110e-02, -6.4180e-02, -8.6931e-03,
         6.4817e-03, -2.6656e-02, -2.9001e-02, -1.0481e-01,  5.6215e-03,
         2.2286e-03, -2.7040e-02, -4.6338e-02, -2.7749e-02, -3.1528e-02,
        -2.7251e-02, -6.8009e-02, -9.2192e-02, -3.0029e-02, -3.7923e-02,
        -4.8116e-02, -6.6921e-02, -2.8990e-02, -3.4515e-02, -3.5955e-02,
        -6.6537e-02, -8.5842e-02, -6.4841e-02, -7.2580e-02, -4.7207e-02,
        -7.1170e-02, -5.1038e-02, -5.9258e-02, -6.3128e-02, -8.0495e-02,
         5.8596e-03, -5.2215e-02, -5.7838e-02, -4.0496e-02, -4.3427e-03,
        -4.9899e-02, -7.5598e-02, -2.1135e-02, -9.0200e-02, -6.7205e-02,
        -4.2891e-02, -8.6357e-02, -7.4384e-02, -8.1529e-02, -3.4564e-02,
        -6.5808e-02, -3.2142e-02,  4.0083e-02,  3.2528e-02, -1.8230e-02,
        -1.0386e-02, -4.2314e-02,  2.8564e-02, -5.8393e-02, -4.9535e-02,
        -4.6494e-02, -5.7473e-02, -3.2936e-02, -5.8031e-02, -3.9542e-02,
         1.3753e-03, -2.4772e-02, -7.0845e-02, -7.2151e-02, -4.8900e-02,
        -2.5940e-02, -4.3292e-02,  2.7020e-03, -7.7432e-02, -6.6051e-02,
        -7.0081e-02, -4.1865e-02, -6.9462e-02, -5.8463e-02, -5.6709e-02,
        -1.9622e-02, -5.9158e-02, -2.6333e-02, -8.9704e-02, -4.8315e-02,
        -4.6612e-02])

Name: res_block_7.conv1.weight | Shape: [256, 256, 3, 3]
Values:
tensor([[[[-2.4763e-02,  8.5978e-03, -2.0837e-02],
          [-5.2588e-03, -1.7279e-02, -2.5431e-02],
          [ 1.9698e-02, -1.1422e-02, -1.8112e-02]],

         [[ 1.7852e-03, -1.3966e-02,  7.3086e-03],
          [-1.6058e-02, -1.5793e-02, -2.3822e-02],
          [-3.1276e-03, -1.6383e-02, -4.0281e-03]],

         [[-1.0755e-02, -2.9443e-03,  3.3966e-02],
          [ 1.1799e-02,  9.4364e-03, -2.6086e-02],
          [ 2.5553e-02,  2.9521e-02, -2.9575e-02]],

         ...,

         [[-1.2909e-02, -2.1475e-02, -1.4373e-02],
          [-5.5117e-03, -3.7414e-02, -8.3010e-03],
          [-4.8256e-02, -1.8672e-02, -1.1603e-02]],

         [[ 8.7820e-04, -1.5551e-02, -8.1876e-03],
          [-5.4206e-03,  2.6701e-02,  1.3603e-02],
          [ 8.5540e-03,  2.6581e-02, -1.7357e-02]],

         [[-1.1483e-02, -6.7534e-03, -9.4374e-03],
          [-2.1054e-03,  3.3397e-02, -2.9640e-03],
          [-9.5008e-03,  1.9399e-02,  1.3089e-03]]],


        [[[-3.9569e-02,  1.4938e-02,  4.2281e-02],
          [-2.1813e-02, -1.0166e-02,  3.3486e-02],
          [-4.1932e-02, -2.9739e-02,  1.7111e-02]],

         [[ 1.7410e-03,  6.8526e-03,  1.5073e-02],
          [ 4.4364e-03,  3.5021e-02,  1.7521e-03],
          [ 1.9048e-02,  1.9187e-02,  1.2327e-02]],

         [[ 2.9318e-03, -8.5592e-03, -2.8458e-02],
          [-1.0173e-02, -2.4110e-02, -1.3088e-02],
          [-1.0122e-02,  1.5308e-02, -2.2301e-02]],

         ...,

         [[-3.5000e-02,  8.8409e-03,  4.6575e-03],
          [-1.1640e-02, -2.2256e-02, -1.0273e-03],
          [ 1.6707e-02,  1.0724e-02,  5.7827e-03]],

         [[ 3.8664e-02, -3.1999e-03,  1.0100e-02],
          [ 1.8929e-02, -1.7152e-02, -2.3732e-02],
          [ 1.2080e-02, -3.8296e-03, -2.1454e-02]],

         [[ 2.7463e-02,  1.6883e-02,  3.2921e-02],
          [ 1.6790e-02, -4.6687e-03, -2.5227e-03],
          [-1.1966e-02, -7.0949e-03, -5.6531e-03]]],


        [[[-9.4777e-03,  1.0402e-03,  4.3426e-03],
          [-3.1099e-02, -1.8634e-02, -6.3125e-03],
          [-1.2763e-02, -1.4281e-02, -7.8623e-03]],

         [[-2.6997e-03,  3.0502e-02,  6.3247e-03],
          [ 1.3649e-02,  8.5874e-03, -8.7038e-03],
          [ 2.6505e-02, -2.4567e-02, -2.6185e-02]],

         [[ 4.4741e-03,  9.3552e-03,  3.8947e-04],
          [ 1.2974e-02,  1.8100e-02, -2.1752e-02],
          [-6.7792e-03,  1.7298e-02, -7.6030e-03]],

         ...,

         [[ 1.8832e-02,  1.4433e-02,  8.5588e-03],
          [ 2.9424e-02,  3.0476e-02,  1.1069e-02],
          [ 4.3490e-02,  3.0447e-02,  1.5059e-02]],

         [[ 3.0905e-02,  6.6051e-03,  1.6090e-02],
          [ 2.2688e-02,  1.0612e-02,  2.0587e-03],
          [ 1.4704e-02,  2.7459e-02,  2.5112e-02]],

         [[-1.2075e-02,  6.2088e-03, -5.0204e-03],
          [ 1.6961e-02, -5.0490e-03,  3.5944e-02],
          [-5.8151e-05,  9.3812e-03,  2.8571e-02]]],


        ...,


        [[[ 1.8413e-02, -7.7373e-03, -2.7139e-02],
          [ 1.2531e-02,  2.9801e-03,  3.8459e-03],
          [ 2.4627e-02,  3.2273e-02,  3.2578e-02]],

         [[-1.7304e-03, -5.7175e-03, -1.3149e-02],
          [ 1.3547e-02, -8.2573e-04,  2.8565e-02],
          [-4.1542e-04, -2.9848e-03,  4.3732e-03]],

         [[ 1.7408e-03,  1.5044e-02,  3.1097e-02],
          [-4.9399e-03,  4.5798e-03,  2.8017e-02],
          [ 1.0311e-04, -6.5538e-03,  9.1582e-03]],

         ...,

         [[-4.3843e-02, -4.3326e-03,  1.4502e-02],
          [-3.4292e-02,  1.2709e-02,  1.3470e-02],
          [-2.1346e-02,  1.7805e-02,  1.0518e-02]],

         [[-3.1933e-02, -8.8370e-03, -1.0961e-02],
          [-1.1129e-02, -2.3605e-04,  3.2711e-03],
          [ 1.5976e-02, -2.0550e-03, -1.1951e-03]],

         [[-6.4552e-03, -1.1505e-02, -2.0412e-02],
          [-6.2931e-03,  1.2397e-02, -4.5417e-03],
          [ 2.3026e-02,  1.5067e-02,  2.5501e-03]]],


        [[[ 1.2529e-02, -1.2645e-02,  1.3790e-03],
          [ 1.9869e-02,  2.8391e-02,  1.4919e-02],
          [ 1.1162e-03, -7.4463e-03,  1.9739e-02]],

         [[-1.1259e-02, -1.4277e-02, -2.3485e-02],
          [ 2.6786e-03, -9.9497e-03, -1.9182e-02],
          [-1.9913e-02, -9.8709e-03,  1.6347e-02]],

         [[ 1.5886e-02, -2.2331e-02,  1.9025e-02],
          [ 2.0785e-02,  2.7329e-02,  1.1371e-03],
          [ 1.5840e-02,  3.4270e-02, -1.6052e-02]],

         ...,

         [[-3.3165e-03, -1.1119e-02, -1.2020e-02],
          [-1.3702e-02,  4.6124e-03, -2.7535e-02],
          [ 6.1526e-03, -7.3311e-03, -1.5567e-02]],

         [[ 3.5417e-02,  3.7917e-02,  3.1951e-02],
          [ 9.7769e-03,  1.7624e-02,  8.4592e-03],
          [ 6.5580e-03,  2.9283e-02, -2.3419e-03]],

         [[ 3.3099e-02,  2.8287e-02,  2.4172e-02],
          [ 7.8982e-03,  1.8059e-02,  1.8589e-02],
          [-1.0297e-02,  2.7376e-02, -2.4581e-03]]],


        [[[ 1.0750e-02, -1.5032e-02, -6.0898e-03],
          [ 6.6635e-03,  1.6162e-02,  8.6411e-03],
          [-4.2897e-03, -1.9556e-02,  5.1235e-03]],

         [[ 2.0934e-02,  2.2791e-02, -3.3565e-02],
          [ 7.3588e-03,  4.2013e-03, -3.2395e-02],
          [-2.3208e-03,  1.2671e-02, -2.3262e-02]],

         [[ 1.4945e-02, -3.9705e-02, -9.6580e-03],
          [ 7.9889e-03, -1.1615e-02, -1.6784e-02],
          [-1.8795e-02,  5.4243e-05, -3.4360e-03]],

         ...,

         [[ 2.5461e-02,  3.1032e-02,  1.4603e-02],
          [-7.2718e-03,  3.0940e-03, -8.9618e-03],
          [ 3.7662e-03, -1.7138e-02,  8.6882e-03]],

         [[ 1.1974e-02,  1.6583e-02,  1.8855e-02],
          [-1.3154e-02, -1.3485e-02,  3.5251e-03],
          [-1.3687e-02, -7.3846e-03, -1.4387e-02]],

         [[-3.9279e-02, -2.8280e-02, -3.4447e-02],
          [ 8.4583e-03, -2.2392e-02,  4.8448e-04],
          [ 1.9758e-02,  2.2694e-02,  3.0515e-02]]]])

Name: res_block_7.conv1.bias | Shape: [256]
Values:
tensor([-2.3691e-04,  8.6374e-04,  1.2651e-04, -6.1099e-04, -1.1971e-04,
         2.9033e-04,  3.2298e-04,  1.0219e-03,  7.3795e-04, -8.4369e-04,
        -1.5821e-04, -9.8508e-04, -4.8839e-04,  1.3748e-03, -3.4270e-04,
        -6.2364e-04,  1.7119e-03,  1.6095e-03, -1.8985e-03,  1.3488e-03,
        -5.3879e-04, -1.1308e-04, -2.5937e-04, -1.3009e-03, -6.7750e-04,
        -3.6329e-04, -1.7646e-03, -2.0171e-04,  8.1750e-04, -1.8447e-03,
         4.9195e-04,  2.3164e-04, -1.3364e-03, -4.6068e-04, -1.7254e-03,
         1.9301e-03, -1.4499e-03, -1.2026e-03, -4.2748e-06, -1.0630e-03,
         5.8828e-04,  3.6650e-04,  1.8250e-03, -9.4818e-04, -4.3778e-05,
         9.9909e-04,  5.0242e-04, -1.0107e-03, -1.8038e-03, -3.4622e-04,
        -1.6855e-03,  1.4481e-03, -1.5920e-04, -5.2114e-04,  6.5611e-04,
         1.7715e-03, -1.9730e-03,  1.7550e-04, -1.3720e-03, -7.8838e-04,
         1.3115e-03, -1.1326e-03,  1.0429e-03, -1.5843e-03,  1.5674e-03,
         1.8017e-03,  1.6038e-03, -3.7531e-04,  6.7806e-04, -1.0773e-03,
         1.7955e-03,  1.5864e-03, -1.8740e-03, -4.3359e-04, -1.0783e-03,
        -1.4903e-03, -5.8976e-04,  4.7849e-04, -1.8333e-03,  1.7035e-03,
        -1.4801e-04, -2.5610e-04, -9.6095e-04, -4.5706e-05,  7.6885e-04,
         1.0649e-03,  1.1073e-03, -8.7589e-05, -1.4252e-03,  1.7060e-03,
         1.1650e-03,  7.8192e-04,  1.1025e-03, -1.2127e-03, -1.3999e-03,
         1.0089e-03,  1.1939e-03,  1.3940e-03,  1.4086e-04,  1.0958e-03,
        -6.2629e-04,  8.8245e-04,  5.8957e-04, -1.5162e-03,  9.7553e-04,
         9.9342e-04,  1.4414e-03, -1.3551e-03,  1.9082e-04,  1.8308e-03,
        -1.6820e-03, -3.7680e-04, -4.9056e-04,  4.4140e-04, -1.2021e-04,
        -9.3751e-04,  1.6977e-03,  1.4050e-03, -7.7580e-04, -1.4400e-03,
        -5.7797e-04, -1.4914e-04,  4.3715e-04,  1.5508e-03,  1.0267e-03,
         1.7749e-03,  6.0066e-04,  9.3411e-04, -1.5003e-03, -1.3195e-03,
         1.7815e-03,  1.0784e-03,  1.1399e-03,  1.1753e-03, -5.3211e-04,
         8.0329e-04,  1.4056e-03,  1.2464e-03,  1.7847e-03, -3.7663e-04,
        -1.3840e-03, -1.1180e-03,  4.3745e-04, -1.6032e-03,  1.2366e-03,
        -3.9355e-04,  1.7832e-03,  1.1671e-03, -1.7627e-03, -8.2642e-04,
        -1.0497e-03, -5.1678e-04, -1.5412e-03, -1.5737e-03,  7.2790e-04,
        -1.5706e-03,  4.9831e-05, -9.7566e-04, -3.8779e-04,  3.7129e-04,
        -1.5001e-03, -6.9762e-05, -1.1004e-04,  5.7365e-04, -1.7819e-03,
         9.5319e-04,  4.6876e-04, -8.1811e-04,  1.6595e-03, -1.8266e-03,
        -4.1431e-04,  1.4009e-03,  5.8399e-04, -1.4768e-04, -1.7558e-03,
        -1.8151e-03,  1.3303e-03,  4.4187e-04, -1.5047e-03, -1.1432e-03,
        -1.9229e-03, -1.2940e-03,  1.9587e-03,  6.8308e-04,  1.2251e-03,
         1.1005e-03, -1.7501e-03, -5.1022e-04,  9.9495e-04, -1.5194e-03,
         1.1295e-04, -6.9745e-04, -7.1619e-04,  9.4171e-04, -1.4158e-03,
        -2.3442e-04, -1.1927e-03, -6.3202e-04, -1.2088e-03, -6.2325e-04,
         4.1942e-04,  7.2850e-04, -4.7128e-04, -1.1468e-03, -9.7535e-04,
         9.3185e-04, -8.3957e-05,  1.3533e-03,  4.3710e-04, -1.0017e-03,
         3.8354e-04,  1.9360e-03, -1.7935e-03, -6.9883e-04, -9.7002e-04,
        -1.2821e-04,  5.2507e-04, -8.6876e-04,  7.7750e-05, -1.8694e-03,
         9.8562e-04,  1.4356e-03,  1.6883e-03,  1.6854e-04, -3.3166e-04,
         1.8364e-03,  7.8520e-04,  1.6355e-03,  6.1102e-04, -1.9131e-03,
         5.0968e-04,  1.6310e-04,  1.4006e-03, -1.7481e-03,  5.3494e-04,
         1.4184e-03, -9.4866e-04, -1.0776e-03, -8.3742e-04, -5.2712e-04,
         5.2266e-04, -7.3184e-04,  1.5640e-03, -1.3489e-05,  1.3650e-03,
        -4.1667e-04, -1.9408e-03, -5.2624e-04,  9.3077e-04, -1.7093e-03,
         5.5964e-04, -2.6189e-04,  1.1068e-03,  1.4594e-03, -1.7164e-03,
        -8.5436e-04])

Name: res_block_7.bn1.weight | Shape: [256]
Values:
tensor([0.1637, 0.1824, 0.1826, 0.1932, 0.2051, 0.1906, 0.1738, 0.1910, 0.1719,
        0.1375, 0.1769, 0.1828, 0.1599, 0.1758, 0.1825, 0.2009, 0.1991, 0.1927,
        0.1848, 0.1511, 0.1731, 0.1581, 0.1427, 0.1618, 0.1712, 0.1760, 0.1783,
        0.1687, 0.1697, 0.1845, 0.1765, 0.1865, 0.1641, 0.1531, 0.1630, 0.1671,
        0.1773, 0.1285, 0.1737, 0.1588, 0.1730, 0.1785, 0.1712, 0.1665, 0.1714,
        0.1810, 0.1859, 0.1571, 0.1782, 0.1964, 0.1827, 0.1626, 0.1765, 0.1889,
        0.1475, 0.1702, 0.1990, 0.1844, 0.1547, 0.1654, 0.1745, 0.1803, 0.1765,
        0.1826, 0.1939, 0.1647, 0.2075, 0.1623, 0.1814, 0.1669, 0.2000, 0.1472,
        0.1417, 0.2087, 0.1880, 0.1598, 0.1794, 0.1747, 0.2101, 0.1325, 0.1316,
        0.1673, 0.1343, 0.1639, 0.1897, 0.2057, 0.1751, 0.1723, 0.1827, 0.1685,
        0.1637, 0.1711, 0.1897, 0.1632, 0.1591, 0.1566, 0.1648, 0.1820, 0.1915,
        0.1759, 0.1931, 0.2022, 0.1631, 0.1746, 0.1608, 0.1667, 0.1668, 0.2056,
        0.1933, 0.1781, 0.1862, 0.1845, 0.1655, 0.1949, 0.1797, 0.1696, 0.1752,
        0.1631, 0.1854, 0.1886, 0.1643, 0.1757, 0.1876, 0.1674, 0.1737, 0.1443,
        0.1621, 0.1886, 0.1784, 0.1904, 0.1743, 0.1834, 0.1706, 0.1982, 0.1615,
        0.1671, 0.1564, 0.1680, 0.1707, 0.1689, 0.1842, 0.1975, 0.1751, 0.1742,
        0.1642, 0.1833, 0.1656, 0.1625, 0.1412, 0.1973, 0.1728, 0.1739, 0.1259,
        0.1488, 0.1545, 0.2236, 0.1767, 0.1542, 0.1934, 0.1636, 0.1970, 0.2021,
        0.1696, 0.1417, 0.1932, 0.1745, 0.2053, 0.1582, 0.1972, 0.1709, 0.2044,
        0.1786, 0.1683, 0.1660, 0.1493, 0.1655, 0.1949, 0.1772, 0.1799, 0.1553,
        0.1864, 0.1787, 0.2024, 0.1501, 0.1922, 0.1669, 0.2028, 0.1548, 0.1756,
        0.1644, 0.1650, 0.1517, 0.1884, 0.1943, 0.1769, 0.1486, 0.1781, 0.1740,
        0.1981, 0.1939, 0.1898, 0.1436, 0.1651, 0.1672, 0.1904, 0.1692, 0.1468,
        0.1892, 0.1755, 0.1677, 0.1454, 0.2108, 0.1794, 0.1681, 0.2073, 0.1321,
        0.1754, 0.1879, 0.1864, 0.1720, 0.1861, 0.1588, 0.1815, 0.1924, 0.2117,
        0.1679, 0.2112, 0.1796, 0.1864, 0.1533, 0.1850, 0.1827, 0.1644, 0.2010,
        0.1699, 0.1972, 0.1684, 0.1869, 0.1636, 0.1504, 0.1748, 0.2053, 0.1602,
        0.1550, 0.1855, 0.1554, 0.1853, 0.2015, 0.1938, 0.1529, 0.1781, 0.1400,
        0.1819, 0.1937, 0.1663, 0.1795])

Name: res_block_7.bn1.bias | Shape: [256]
Values:
tensor([-0.1067, -0.1370, -0.1477, -0.0706, -0.1233, -0.1396, -0.1768, -0.1432,
        -0.1419, -0.1003, -0.1596, -0.1566, -0.0829, -0.1444, -0.1742, -0.1022,
        -0.0600, -0.1009, -0.1250, -0.0929, -0.1152, -0.1419, -0.1168, -0.1315,
        -0.0963, -0.1145, -0.1281, -0.0874, -0.1177, -0.1560, -0.1198, -0.1157,
        -0.1288, -0.1234, -0.1479, -0.0921, -0.1235, -0.0971, -0.0741, -0.1248,
        -0.1030, -0.1487, -0.0958, -0.1157, -0.1244, -0.1047, -0.1262, -0.1127,
        -0.1512, -0.1239, -0.1112, -0.1411, -0.1150, -0.1149, -0.1163, -0.1170,
        -0.1228, -0.1437, -0.1280, -0.1359, -0.1015, -0.1661, -0.1324, -0.1368,
        -0.0884, -0.1197, -0.1314, -0.1013, -0.1303, -0.1403, -0.1233, -0.0967,
        -0.1184, -0.0921, -0.1310, -0.1206, -0.1565, -0.1479, -0.1473, -0.1535,
        -0.1264, -0.1279, -0.1124, -0.1153, -0.0974, -0.0968, -0.1245, -0.1365,
        -0.1308, -0.1419, -0.1507, -0.1381, -0.0737, -0.1111, -0.0854, -0.1432,
        -0.1117, -0.1865, -0.1243, -0.1042, -0.1341, -0.0953, -0.0944, -0.1048,
        -0.1161, -0.0624, -0.1313, -0.1448, -0.1180, -0.1473, -0.0709, -0.0820,
        -0.1137, -0.0740, -0.1015, -0.1166, -0.1985, -0.0861, -0.1171, -0.1606,
        -0.0760, -0.1452, -0.1325, -0.1425, -0.1104, -0.1202, -0.1021, -0.0774,
        -0.1662, -0.1257, -0.1132, -0.1243, -0.1109, -0.1452, -0.1274, -0.1034,
        -0.0986, -0.1012, -0.1358, -0.1352, -0.0792, -0.1286, -0.1097, -0.1362,
        -0.1420, -0.1201, -0.1631, -0.1326, -0.0936, -0.1481, -0.1253, -0.1414,
        -0.1258, -0.1264, -0.0981, -0.1249, -0.1121, -0.1355, -0.1655, -0.1192,
        -0.1133, -0.1040, -0.1323, -0.1747, -0.1465, -0.1335, -0.1323, -0.1097,
        -0.1471, -0.1133, -0.0997, -0.0918, -0.0953, -0.1020, -0.0794, -0.0894,
        -0.1087, -0.0989, -0.1351, -0.1044, -0.1399, -0.1507, -0.1045, -0.1105,
        -0.1401, -0.1451, -0.1507, -0.1607, -0.1310, -0.0824, -0.1038, -0.1447,
        -0.0868, -0.1079, -0.1108, -0.1447, -0.1386, -0.1089, -0.1819, -0.1137,
        -0.1716, -0.1113, -0.0774, -0.1154, -0.1109, -0.0842, -0.1297, -0.1119,
        -0.1019, -0.1359, -0.1049, -0.1211, -0.1445, -0.1092, -0.1520, -0.1385,
        -0.0980, -0.1628, -0.1164, -0.1443, -0.1461, -0.1294, -0.1179, -0.1159,
        -0.1450, -0.1212, -0.1406, -0.0932, -0.1096, -0.1717, -0.1510, -0.1554,
        -0.1264, -0.1499, -0.0642, -0.1623, -0.1175, -0.1329, -0.1471, -0.1200,
        -0.1169, -0.1592, -0.0875, -0.1443, -0.1272, -0.1440, -0.1517, -0.1089,
        -0.0956, -0.1117, -0.1135, -0.0869, -0.0746, -0.0913, -0.1028, -0.1316])

Name: res_block_7.conv2.weight | Shape: [256, 256, 3, 3]
Values:
tensor([[[[ 2.4870e-02,  1.6537e-02,  1.5271e-02],
          [-1.2122e-02,  1.8841e-02, -8.0843e-03],
          [-2.8837e-02,  5.3516e-03,  2.6514e-02]],

         [[-2.2925e-02,  2.0765e-02, -7.4699e-03],
          [ 5.3869e-03,  2.1572e-02,  2.5045e-02],
          [ 2.1499e-02,  1.0764e-02,  3.8643e-02]],

         [[ 7.6850e-03, -1.2563e-02, -1.0683e-02],
          [-2.3673e-03,  9.3062e-03, -1.8700e-02],
          [-8.3116e-03,  2.4331e-02, -3.1555e-02]],

         ...,

         [[-4.0162e-02, -2.4189e-02,  3.3460e-03],
          [-1.9902e-02, -2.0465e-02, -1.0980e-02],
          [ 5.9320e-03,  2.9778e-03,  1.9700e-02]],

         [[ 3.5635e-02,  2.3964e-02,  4.6512e-03],
          [-1.6027e-02,  6.4998e-03, -6.7524e-03],
          [-1.5535e-02, -1.9794e-02, -1.6616e-02]],

         [[ 1.2768e-02,  1.0355e-02,  2.1298e-02],
          [ 1.9834e-03,  1.8023e-02,  2.1399e-02],
          [ 1.9811e-03,  8.5717e-03,  1.3213e-02]]],


        [[[ 9.6704e-03, -6.4998e-03, -1.0135e-02],
          [-5.4357e-03, -7.3796e-03,  9.5666e-03],
          [ 8.2887e-03,  1.4258e-02,  2.1180e-02]],

         [[-1.6865e-02, -2.1205e-03,  9.5652e-03],
          [ 9.0033e-03, -1.4274e-02, -6.9486e-03],
          [ 1.3688e-02, -7.4169e-03, -4.9531e-03]],

         [[ 2.5128e-02,  1.3380e-02,  7.6372e-04],
          [ 7.0153e-03,  7.6895e-03,  6.2904e-03],
          [-1.9261e-02, -3.2498e-03, -3.5608e-03]],

         ...,

         [[-1.1472e-02, -1.3598e-02, -2.2360e-02],
          [ 1.5438e-02, -5.1220e-03, -9.0901e-03],
          [-7.4323e-03, -1.2242e-02, -1.9373e-02]],

         [[-3.7759e-03, -2.5485e-02, -2.8830e-02],
          [ 8.3406e-03, -5.9584e-03,  1.8993e-03],
          [ 4.2954e-03,  4.5112e-03,  1.0753e-02]],

         [[ 3.6304e-03,  6.6407e-03, -2.0311e-02],
          [ 1.1123e-02, -9.3076e-03, -8.9902e-04],
          [ 1.5162e-02,  9.7832e-03, -6.7499e-03]]],


        [[[ 3.8986e-03,  4.0445e-03,  2.5538e-02],
          [-2.3784e-03, -1.5047e-02,  5.1543e-03],
          [-3.6912e-02,  1.8885e-02,  2.3666e-02]],

         [[ 5.6424e-03, -6.5079e-03, -1.9399e-02],
          [ 1.4052e-02,  1.2330e-02,  2.8472e-04],
          [ 6.4171e-03,  2.0741e-02,  7.9871e-03]],

         [[-5.7264e-03, -1.1313e-02, -1.8302e-02],
          [-8.2656e-03,  3.6832e-03, -2.2787e-02],
          [ 5.0332e-03, -1.0884e-02, -2.1365e-02]],

         ...,

         [[-4.0733e-03, -1.5106e-02, -1.0201e-02],
          [-6.5583e-03,  8.8715e-04, -7.0784e-03],
          [-1.5560e-03, -1.4296e-02, -3.8215e-03]],

         [[ 7.2733e-03,  4.1491e-02,  2.7308e-02],
          [ 1.6595e-02,  3.2137e-02, -7.7625e-03],
          [-3.7684e-03, -2.7498e-02, -1.5291e-02]],

         [[-2.3555e-02, -2.6122e-02, -7.8085e-03],
          [ 3.5077e-03, -3.1943e-03,  3.3652e-02],
          [-1.0381e-02, -5.3235e-03,  5.1907e-02]]],


        ...,


        [[[ 6.1071e-03,  1.3331e-02, -3.2761e-02],
          [ 8.7531e-03,  7.5491e-03,  1.7081e-02],
          [ 1.2908e-02,  1.0774e-02,  7.8757e-04]],

         [[-1.4243e-02, -8.1957e-03,  6.9648e-03],
          [ 4.2716e-03,  1.5974e-02, -5.3938e-03],
          [-5.2517e-03,  1.2710e-02,  1.9780e-02]],

         [[-3.3305e-02,  1.1123e-02, -8.3443e-03],
          [ 1.3175e-02, -1.8323e-02, -1.5399e-02],
          [-3.4919e-02,  6.2729e-03, -1.2175e-02]],

         ...,

         [[ 7.2976e-03,  1.7039e-02,  1.1799e-02],
          [ 4.0496e-03,  6.6465e-03, -1.6481e-02],
          [ 8.0218e-04, -1.8834e-02,  1.5810e-02]],

         [[-5.4390e-03, -2.0539e-02, -1.0525e-02],
          [-4.3798e-05,  1.4086e-02, -1.0615e-02],
          [-2.0617e-02,  1.3478e-02,  1.2602e-02]],

         [[-2.2293e-02, -3.1386e-02, -2.7157e-02],
          [-1.0063e-02, -5.3667e-03,  2.6772e-02],
          [ 1.2358e-02, -1.7408e-02, -5.0092e-03]]],


        [[[-9.4309e-03,  6.0509e-03, -1.1204e-02],
          [-1.2743e-02, -1.2050e-02, -1.8994e-02],
          [-1.0368e-02, -9.6034e-04, -8.8903e-03]],

         [[-3.0549e-03, -1.2622e-02,  3.8286e-03],
          [-2.7563e-03, -4.8213e-03,  5.5578e-03],
          [-1.2617e-02, -2.9925e-02, -2.1178e-02]],

         [[-5.6101e-03, -3.1927e-03, -1.3827e-02],
          [-1.2408e-02, -1.4434e-02, -8.9277e-03],
          [-9.6595e-03, -1.2880e-02, -2.3763e-02]],

         ...,

         [[ 2.9904e-03,  1.5571e-02,  5.2811e-03],
          [ 5.4574e-03,  7.2260e-03,  5.8765e-03],
          [ 1.6824e-03,  1.7642e-02,  1.4455e-02]],

         [[ 2.7598e-03, -9.0880e-03,  1.6789e-02],
          [ 3.8427e-03, -2.8719e-03, -4.0026e-03],
          [ 2.7897e-02, -5.1213e-03, -1.4939e-02]],

         [[ 7.6224e-03,  3.2464e-02,  3.1111e-02],
          [ 1.1946e-02,  1.4973e-02,  1.2754e-02],
          [ 1.0248e-02, -6.4448e-03, -2.9664e-03]]],


        [[[ 2.0780e-02, -9.7408e-03, -2.7912e-03],
          [ 4.1392e-03, -4.7359e-03, -3.5736e-03],
          [-1.5613e-02, -9.3272e-03,  7.2579e-03]],

         [[ 1.6299e-02,  1.5091e-02, -2.4769e-02],
          [ 2.2818e-02,  4.8232e-03, -1.4304e-02],
          [-1.7261e-02, -2.5370e-02, -2.4836e-02]],

         [[ 8.5015e-04,  8.9583e-03,  7.8099e-03],
          [ 1.6708e-02,  7.5251e-03, -1.4539e-02],
          [ 1.2571e-02,  1.1060e-02, -1.9866e-02]],

         ...,

         [[ 2.1209e-03,  2.5503e-02,  2.6284e-02],
          [-9.7773e-03,  9.2816e-03,  1.2164e-02],
          [-6.7582e-03, -6.5566e-04,  9.2825e-03]],

         [[ 1.9868e-02,  1.0883e-02, -5.9400e-04],
          [ 1.4687e-02, -8.5765e-03, -5.8612e-03],
          [-2.2785e-03, -6.6585e-03,  4.3630e-03]],

         [[ 5.3510e-03, -6.7420e-03, -1.9591e-03],
          [-7.9429e-04, -7.3410e-06,  4.6943e-03],
          [ 1.5901e-02,  6.0523e-03,  6.4831e-03]]]])

Name: res_block_7.conv2.bias | Shape: [256]
Values:
tensor([ 1.5361e-03, -5.1975e-04, -1.0068e-03,  6.3856e-04, -1.1036e-03,
         1.6039e-03, -9.4361e-04, -4.8389e-04,  5.7193e-04, -7.4103e-04,
        -4.5255e-04,  4.1183e-04, -9.4932e-04,  1.2017e-03,  1.2267e-03,
         1.0562e-03, -1.6530e-03, -1.7381e-03,  1.5216e-03,  1.1352e-03,
        -2.0323e-04,  1.7868e-03, -4.2192e-04, -6.5594e-04, -8.5808e-04,
        -5.4831e-04,  7.8642e-04, -1.8360e-03,  3.2751e-04,  1.5178e-03,
         1.3802e-03, -1.0379e-03,  9.1445e-04, -1.6183e-03,  1.0073e-03,
         8.9955e-04,  8.1090e-04, -1.2459e-03,  1.7481e-03, -1.9912e-04,
         5.0959e-04,  1.7423e-03, -1.2635e-03,  4.6340e-04, -1.9394e-03,
         5.3124e-04,  3.4629e-04, -7.5533e-04,  8.5969e-04, -1.5538e-03,
         2.2387e-04,  1.7300e-03,  3.9796e-04,  1.0082e-03,  1.2345e-03,
        -8.2232e-05, -1.4799e-03, -8.4579e-04,  1.0766e-03, -6.0075e-04,
        -1.0133e-03,  1.3198e-03,  1.5243e-03,  2.4645e-04, -1.2713e-03,
         1.5419e-03,  1.0473e-03, -1.0363e-03,  1.9669e-03,  9.9304e-04,
        -2.3272e-04, -1.7576e-03, -1.9322e-03,  1.8598e-03, -1.8165e-03,
         1.7194e-03, -3.9958e-04, -1.3386e-04,  2.8428e-04,  1.7055e-03,
         1.4137e-03,  1.7408e-03, -5.0300e-04, -1.4326e-03, -8.9078e-04,
         1.3169e-03,  1.7117e-03,  1.8236e-03, -1.1826e-04, -1.7140e-03,
         1.8080e-03, -1.7103e-03, -4.8364e-04, -1.8478e-03, -1.6192e-03,
        -1.8489e-03,  2.1181e-04, -7.4037e-04, -5.8783e-05, -2.3154e-05,
        -1.6575e-03,  1.1717e-03,  1.1340e-03,  2.6171e-04,  3.8812e-04,
        -1.0330e-03, -1.5116e-03,  1.2949e-03,  1.3083e-04, -3.2767e-04,
        -1.9228e-03, -1.6916e-03,  1.3060e-03, -1.3756e-03,  5.1031e-04,
        -5.1248e-04,  5.0584e-04, -4.6475e-04,  1.6872e-03,  1.7950e-04,
         1.1581e-03,  2.7821e-05,  2.8038e-04, -7.3266e-04, -7.7747e-04,
        -8.3969e-04, -1.5048e-03, -1.5107e-03, -2.1719e-04, -1.4346e-03,
         1.2343e-03,  5.6180e-04,  2.4746e-04, -7.7712e-04,  1.3087e-03,
        -2.8065e-04, -1.5663e-03,  1.8240e-03,  3.2216e-04, -3.7259e-04,
        -1.6264e-03, -8.9992e-04, -1.2569e-03,  1.7403e-03,  1.0879e-03,
        -2.4549e-04, -4.5363e-04,  6.8054e-05, -1.1347e-03, -1.9595e-03,
         1.6203e-04, -8.3458e-04,  8.0956e-04, -8.1414e-04,  1.8916e-03,
         6.1819e-04, -7.2579e-05, -4.7097e-04, -5.9209e-04,  4.3590e-04,
        -1.7197e-03,  1.9046e-03,  2.0098e-05,  1.0536e-03,  1.7289e-03,
         4.5896e-04,  1.5659e-04,  1.8195e-03,  1.2786e-03,  1.1747e-03,
        -2.8104e-04,  1.7123e-03,  6.2221e-04,  4.4916e-04, -8.4222e-04,
         9.1160e-04, -1.3801e-03,  1.4194e-03,  1.7576e-03,  1.0210e-03,
         1.8445e-03, -2.0341e-04, -1.3439e-03,  1.7576e-03, -1.2719e-03,
        -7.8332e-04,  1.9542e-03, -5.9402e-04, -6.6593e-04, -2.5944e-04,
        -1.8600e-04,  1.6116e-03, -1.6096e-03,  1.1523e-03, -7.2370e-04,
         1.3397e-03,  1.9472e-03, -1.8331e-03, -8.6829e-04,  6.6927e-04,
         1.6915e-03,  2.6065e-04,  1.8857e-03,  9.9356e-04,  1.7252e-03,
        -1.4777e-03,  1.6899e-03, -1.1099e-03,  1.6107e-03, -1.0481e-03,
         8.5359e-04, -1.7316e-03,  2.9404e-04, -1.1250e-04, -9.0034e-04,
         1.1171e-03,  1.2282e-03, -1.1391e-03,  1.3125e-03, -1.0713e-03,
         9.7341e-05,  6.5440e-04,  1.1631e-03, -1.8356e-03,  6.2451e-05,
        -7.5158e-04,  5.2229e-04, -1.9479e-03, -9.3585e-04, -1.0011e-03,
         8.7674e-04,  1.2070e-03,  9.7821e-04, -3.7973e-04, -9.4332e-06,
        -1.4111e-03, -1.5456e-03,  1.5243e-03,  9.5105e-04, -1.4049e-03,
         4.5695e-04, -1.8929e-03,  1.1197e-03, -1.4627e-03,  1.0189e-03,
        -7.6840e-04,  1.6853e-03, -1.0906e-03,  1.5053e-03, -7.6981e-04,
        -1.4611e-03, -5.9889e-05, -1.9552e-03, -8.5338e-04, -1.3922e-03,
        -7.5771e-04])

Name: res_block_7.bn2.weight | Shape: [256]
Values:
tensor([0.1564, 0.1452, 0.1512, 0.1554, 0.1268, 0.1352, 0.1751, 0.1338, 0.1246,
        0.1539, 0.1482, 0.1776, 0.1276, 0.1706, 0.1555, 0.1638, 0.1454, 0.1821,
        0.1206, 0.1445, 0.1750, 0.1631, 0.1208, 0.1877, 0.1482, 0.1533, 0.1567,
        0.1640, 0.1347, 0.1578, 0.1745, 0.1706, 0.1601, 0.1325, 0.1612, 0.1501,
        0.1165, 0.1801, 0.1554, 0.1330, 0.1739, 0.1352, 0.1027, 0.1904, 0.1354,
        0.1414, 0.1735, 0.1310, 0.1114, 0.1768, 0.1409, 0.1600, 0.1268, 0.1779,
        0.1489, 0.1595, 0.1127, 0.1423, 0.1503, 0.1128, 0.1458, 0.1001, 0.1383,
        0.1554, 0.1540, 0.1403, 0.1681, 0.1004, 0.1229, 0.1044, 0.1582, 0.1484,
        0.1474, 0.1100, 0.1055, 0.1550, 0.1681, 0.1590, 0.1389, 0.1191, 0.1793,
        0.1337, 0.1577, 0.1464, 0.1428, 0.1463, 0.1951, 0.1276, 0.1918, 0.1248,
        0.1423, 0.1824, 0.1271, 0.1622, 0.1915, 0.1626, 0.1241, 0.1370, 0.1390,
        0.1582, 0.1404, 0.1407, 0.1046, 0.1067, 0.1462, 0.1520, 0.1349, 0.1427,
        0.1162, 0.1659, 0.1305, 0.1160, 0.1513, 0.1849, 0.1327, 0.2203, 0.1674,
        0.1666, 0.1205, 0.1031, 0.1290, 0.1599, 0.1548, 0.1281, 0.0788, 0.1164,
        0.2026, 0.1697, 0.1761, 0.1238, 0.1447, 0.1520, 0.0663, 0.1348, 0.1462,
        0.1342, 0.1482, 0.1407, 0.0999, 0.1775, 0.1467, 0.1679, 0.1563, 0.1491,
        0.1173, 0.1551, 0.1356, 0.1538, 0.1846, 0.1606, 0.1997, 0.1275, 0.1434,
        0.1581, 0.1247, 0.1392, 0.1590, 0.1413, 0.1484, 0.1424, 0.1477, 0.1473,
        0.1402, 0.1218, 0.1147, 0.1397, 0.1982, 0.0920, 0.1844, 0.1157, 0.1231,
        0.1228, 0.1334, 0.1318, 0.1721, 0.1671, 0.1502, 0.1123, 0.1452, 0.1006,
        0.1657, 0.1180, 0.1723, 0.0869, 0.1163, 0.1736, 0.1804, 0.1445, 0.1107,
        0.1179, 0.1213, 0.1528, 0.1378, 0.1393, 0.1262, 0.1502, 0.1355, 0.1443,
        0.1585, 0.1543, 0.1347, 0.1547, 0.1568, 0.1724, 0.1455, 0.1764, 0.1410,
        0.1709, 0.1636, 0.1309, 0.1621, 0.1317, 0.1553, 0.1856, 0.1545, 0.1599,
        0.1263, 0.1411, 0.1774, 0.1405, 0.1754, 0.1443, 0.0915, 0.0890, 0.1502,
        0.1096, 0.1318, 0.1537, 0.1310, 0.1283, 0.1413, 0.1150, 0.1631, 0.1381,
        0.1184, 0.1043, 0.1702, 0.1284, 0.1125, 0.1573, 0.1463, 0.1628, 0.1522,
        0.1596, 0.1626, 0.1773, 0.1035, 0.1731, 0.1107, 0.1434, 0.1759, 0.1455,
        0.1807, 0.1678, 0.1210, 0.1443])

Name: res_block_7.bn2.bias | Shape: [256]
Values:
tensor([-0.0546, -0.0613, -0.0633, -0.0691, -0.0434, -0.1116, -0.0133, -0.0689,
        -0.0367, -0.0313, -0.0737, -0.0336, -0.0229, -0.0809, -0.0450, -0.0639,
        -0.0512, -0.0593, -0.0474, -0.0568, -0.0296, -0.0367, -0.0222, -0.0792,
         0.0376, -0.0499, -0.0428, -0.0296, -0.0594, -0.0732,  0.0052, -0.0398,
        -0.0367, -0.0352, -0.0865, -0.0267, -0.0484, -0.0868, -0.0588, -0.0743,
        -0.0596, -0.0578, -0.0750, -0.0784, -0.0474, -0.0501, -0.0475, -0.0751,
        -0.0923, -0.0128, -0.0669, -0.0378, -0.0242, -0.0171, -0.0226, -0.0595,
        -0.0789, -0.0570,  0.0395, -0.0185, -0.0798,  0.0168, -0.0231, -0.0527,
        -0.0219, -0.0251, -0.0323, -0.0390, -0.0263, -0.0765, -0.0504, -0.0710,
        -0.0791, -0.0684, -0.0671, -0.0515, -0.0334, -0.0812, -0.0552, -0.0204,
        -0.0647,  0.0160, -0.0428, -0.0994, -0.0510, -0.0391, -0.0291, -0.0142,
        -0.0046, -0.0131, -0.0305, -0.0939, -0.0169, -0.0429,  0.0169, -0.0415,
        -0.0168, -0.0431, -0.0409, -0.0211, -0.0498, -0.0140, -0.0532, -0.0224,
         0.0095, -0.0330, -0.0136, -0.1013, -0.0472, -0.0961, -0.0650, -0.0496,
        -0.0286, -0.0751,  0.0244, -0.1019, -0.0825, -0.0996, -0.0719, -0.1076,
        -0.0519, -0.0441, -0.0590, -0.0778,  0.0405, -0.0322, -0.0815, -0.0651,
        -0.0592, -0.0590,  0.0010, -0.0873, -0.0432, -0.0614, -0.0645, -0.0389,
        -0.0498, -0.0009, -0.0574,  0.0013, -0.0636,  0.0607, -0.0669, -0.0479,
        -0.0243, -0.0637, -0.0260, -0.0305, -0.0332, -0.0774, -0.0734, -0.0618,
        -0.0540, -0.0093, -0.0095, -0.0140, -0.0761, -0.0137, -0.0742, -0.0517,
        -0.0111, -0.0279, -0.0646, -0.0517, -0.0454, -0.0772, -0.0315,  0.0023,
        -0.0635, -0.0493, -0.0341, -0.0864, -0.0533, -0.0509, -0.1024, -0.0567,
        -0.0363, -0.0168, -0.0874, -0.0113, -0.0737, -0.0439, -0.0729,  0.0548,
        -0.0704, -0.0561, -0.0143, -0.0431, -0.0441, -0.0280, -0.0108,  0.0354,
        -0.0635, -0.0725, -0.0770, -0.0505, -0.0432, -0.0665, -0.0483,  0.0130,
        -0.0195, -0.0219, -0.0262, -0.0541, -0.0366, -0.0739, -0.0720, -0.0099,
        -0.0899, -0.0452, -0.0676, -0.0462, -0.0493, -0.0230,  0.0531, -0.0646,
        -0.0895, -0.0525, -0.0320, -0.0070, -0.1092, -0.0841, -0.0455, -0.0332,
        -0.0454, -0.0654, -0.0470, -0.0215, -0.0391, -0.0551, -0.0839, -0.0568,
        -0.0441, -0.0632, -0.0451, -0.0351, -0.0765, -0.0682, -0.0593,  0.0013,
        -0.0367, -0.0331, -0.0615, -0.0294, -0.0251, -0.0628, -0.0210, -0.0949,
        -0.0564, -0.0492, -0.0453, -0.0288, -0.0687, -0.0189, -0.0367, -0.0346])

Name: res_block_8.conv1.weight | Shape: [256, 256, 3, 3]
Values:
tensor([[[[-3.1219e-02,  3.0424e-04,  3.1388e-03],
          [ 2.0376e-03,  5.9661e-03,  1.5052e-02],
          [-6.9855e-03,  2.4982e-03, -3.5998e-02]],

         [[ 5.8529e-03, -1.6268e-03,  2.3928e-02],
          [-6.3812e-03, -1.1026e-02,  2.0525e-02],
          [ 8.5034e-03,  5.2310e-03,  2.6400e-03]],

         [[ 2.7856e-03,  7.0386e-03, -1.6631e-02],
          [ 1.9800e-02,  9.5194e-03, -7.2006e-03],
          [ 3.5610e-02,  1.6386e-02, -1.1258e-02]],

         ...,

         [[-2.5151e-03,  1.8950e-02,  2.5592e-03],
          [-1.7249e-03,  2.3770e-02,  5.1996e-04],
          [-1.0876e-02,  1.0412e-02,  1.3650e-02]],

         [[-1.1879e-02,  5.5115e-03,  1.8798e-02],
          [-9.7659e-03, -3.9767e-03, -4.3717e-03],
          [-3.7377e-02, -3.2432e-02, -1.1852e-02]],

         [[ 2.3918e-02,  1.6093e-02,  1.6754e-02],
          [ 8.7822e-03,  8.8018e-03,  2.8573e-02],
          [-6.7099e-03, -3.9241e-02, -5.6371e-03]]],


        [[[-7.3057e-03, -1.3762e-02, -1.1278e-02],
          [ 2.7489e-03,  4.5984e-03,  1.0494e-02],
          [ 2.6090e-02,  1.0329e-02, -6.1288e-03]],

         [[ 2.6141e-02,  1.0868e-02,  2.2508e-02],
          [ 2.2418e-02, -4.6458e-03,  5.2737e-03],
          [ 8.4257e-03, -4.3795e-02,  8.7692e-03]],

         [[-2.1376e-02, -1.1233e-02, -3.2774e-02],
          [-1.5017e-03, -3.0715e-02, -4.4478e-02],
          [-9.9032e-04, -2.5905e-02, -4.8964e-02]],

         ...,

         [[ 3.1337e-02,  8.3640e-03, -1.4658e-02],
          [-1.8239e-03,  2.5887e-02, -3.5015e-02],
          [ 5.8267e-03, -3.5828e-02, -1.7915e-02]],

         [[-2.5299e-02,  1.4621e-02,  1.0915e-02],
          [ 1.1914e-02,  2.5517e-02,  2.1399e-02],
          [ 3.5953e-02,  2.4002e-02,  9.1588e-03]],

         [[-1.5218e-02,  5.1698e-03,  1.6210e-02],
          [-1.1854e-02,  2.7739e-02,  3.5675e-02],
          [ 4.3118e-03,  4.8681e-03,  4.2798e-02]]],


        [[[-5.4119e-02, -3.0166e-02,  9.5087e-03],
          [ 4.8943e-03,  5.1956e-03, -3.6651e-02],
          [ 7.2862e-03, -8.0776e-04, -2.8209e-02]],

         [[ 4.7711e-02,  2.9739e-02, -1.1893e-02],
          [ 1.2041e-02,  9.1898e-03, -6.4566e-03],
          [-1.0181e-02,  1.9487e-02, -6.1427e-03]],

         [[ 1.3150e-02,  1.5442e-02,  2.8472e-02],
          [ 1.2031e-02,  2.0641e-02,  3.8834e-03],
          [ 1.7215e-02,  4.3555e-03,  1.8133e-03]],

         ...,

         [[-1.6615e-02, -3.2781e-02, -4.3177e-02],
          [-2.3113e-02, -2.1663e-02, -6.0808e-03],
          [-2.1802e-02,  1.9390e-02, -1.6453e-02]],

         [[ 1.0852e-02,  7.0609e-03,  2.0201e-02],
          [-3.5316e-03,  3.3193e-03, -3.0323e-03],
          [-6.1797e-04,  1.3379e-02, -4.0439e-03]],

         [[ 7.3176e-03, -1.7997e-02,  8.3741e-03],
          [-5.7153e-03, -4.3903e-03,  1.7651e-02],
          [-2.4407e-03,  2.6480e-02,  4.9563e-03]]],


        ...,


        [[[ 3.3388e-02,  2.7598e-02, -1.8724e-02],
          [ 4.4813e-02,  1.2260e-02,  1.1130e-02],
          [ 1.4968e-02, -1.4406e-02, -4.6980e-03]],

         [[-3.9837e-03, -3.6870e-02,  1.9966e-02],
          [ 2.6711e-03, -1.8739e-02, -1.0832e-02],
          [ 1.0675e-02,  9.5436e-05, -6.0021e-03]],

         [[ 1.8536e-02,  1.4828e-02,  2.9851e-02],
          [ 3.3227e-04, -7.4018e-04,  2.1613e-02],
          [-2.5847e-02,  1.7586e-02,  1.0582e-02]],

         ...,

         [[-2.9722e-02, -1.2577e-02, -2.2319e-02],
          [-1.1317e-02, -8.3206e-03,  5.7443e-03],
          [-3.5692e-03, -1.3689e-02,  7.1229e-04]],

         [[-8.4733e-03,  3.0705e-03, -5.2739e-03],
          [-2.8933e-02, -3.3140e-02, -2.2585e-02],
          [-3.6397e-02, -4.5593e-02,  1.2664e-03]],

         [[ 2.2593e-02,  2.5024e-03, -1.3286e-02],
          [-4.1839e-03, -1.6652e-03, -8.5572e-03],
          [-2.1258e-02, -1.5903e-02,  1.4550e-03]]],


        [[[-3.2971e-02,  6.1679e-03,  1.3005e-02],
          [-1.1233e-02,  2.4691e-03,  9.5356e-03],
          [-2.6838e-02, -8.6823e-03, -9.2910e-03]],

         [[-3.7226e-03, -2.4381e-03,  5.0094e-02],
          [-2.5292e-03, -1.7206e-02,  1.2791e-02],
          [-2.0669e-02,  9.7131e-03,  1.1149e-02]],

         [[ 1.9947e-02,  6.9756e-03,  5.4143e-03],
          [ 1.2978e-02, -5.6101e-03,  1.5831e-02],
          [ 2.8335e-02, -4.5646e-03,  8.3064e-03]],

         ...,

         [[ 1.3787e-03,  2.4333e-02,  2.0321e-02],
          [ 1.1934e-02, -1.6235e-02, -2.1864e-02],
          [-1.0176e-02, -2.9352e-02, -3.9024e-02]],

         [[ 2.9363e-03, -5.4968e-03,  9.8772e-03],
          [-4.5983e-03, -9.8289e-03,  9.1918e-03],
          [-6.2407e-03,  1.8768e-02,  2.4093e-02]],

         [[-1.0372e-03,  7.4673e-03,  9.7085e-03],
          [-6.1278e-03,  5.2144e-05,  1.5949e-02],
          [-5.7571e-03,  1.3884e-03,  2.5768e-02]]],


        [[[ 3.4009e-02, -5.0439e-03,  2.5788e-02],
          [-2.9157e-02, -1.1432e-03, -8.4404e-03],
          [-1.1993e-02, -1.4323e-02,  3.1745e-03]],

         [[ 4.8670e-03, -2.0492e-02,  1.9230e-02],
          [ 1.6602e-02, -1.0334e-02,  6.8187e-03],
          [-1.2972e-02,  2.1112e-03, -3.9797e-03]],

         [[-3.7635e-04,  8.8237e-03, -2.0656e-02],
          [-4.3132e-03,  4.6732e-03,  4.7879e-03],
          [ 2.5877e-03, -7.2531e-03, -3.1278e-03]],

         ...,

         [[-3.7286e-02, -1.3851e-02,  8.7568e-03],
          [ 2.0939e-02,  6.9117e-03,  5.0877e-03],
          [ 9.2055e-03,  9.3698e-03, -4.2648e-03]],

         [[ 1.5882e-02,  1.1918e-02, -7.2111e-03],
          [ 5.0069e-02,  1.3203e-02,  7.7763e-03],
          [ 1.1047e-02,  1.1841e-02,  1.2172e-02]],

         [[-1.4276e-02, -1.7992e-02,  8.7336e-03],
          [ 2.1335e-02, -6.5807e-03, -1.4787e-02],
          [-1.9902e-02,  9.3416e-03,  6.8268e-03]]]])

Name: res_block_8.conv1.bias | Shape: [256]
Values:
tensor([ 1.9115e-03, -9.3400e-04,  1.5363e-03, -1.4470e-03,  7.3421e-04,
         4.5960e-04, -6.1721e-04,  1.2961e-03, -2.3433e-04, -1.3574e-03,
         7.9229e-04, -6.5801e-04,  1.7338e-03,  9.8897e-04,  8.8011e-04,
        -1.6153e-03,  1.8867e-03,  7.6988e-05, -8.2032e-05,  9.9579e-04,
         9.6053e-04, -8.9408e-04,  1.4048e-03, -2.0513e-04,  9.4917e-04,
        -1.2686e-03, -5.8767e-04,  8.2419e-04, -1.1766e-03,  7.7555e-05,
        -4.4373e-04, -1.0997e-03, -3.3806e-04,  1.0209e-04, -7.4852e-05,
         1.1470e-04,  1.8580e-03,  1.3248e-04,  1.0741e-03,  1.0473e-04,
         2.1843e-04,  1.2001e-03,  7.8871e-04, -7.4692e-04, -4.5934e-04,
        -1.4646e-03,  1.2753e-03, -1.3058e-03,  6.3531e-04,  7.8500e-05,
         8.2469e-05, -1.1935e-03, -3.5345e-04, -1.8595e-03, -3.7292e-04,
         5.0413e-04,  4.7245e-04,  3.7664e-04, -1.5032e-03, -1.1224e-03,
        -1.0281e-03,  1.2039e-03,  2.6771e-05, -1.8449e-03, -1.5610e-03,
         1.3518e-03,  6.3895e-04, -1.9181e-03,  1.4027e-03, -1.7950e-03,
         6.7749e-04,  7.4896e-04, -8.8929e-04, -5.7843e-04, -1.7189e-03,
         1.9204e-03, -1.0055e-03,  9.2460e-05, -3.1698e-04,  1.2869e-03,
        -2.7823e-04, -8.5948e-04, -1.8039e-03, -1.5796e-03,  1.1007e-03,
         2.3509e-04,  1.5261e-03, -3.2529e-04,  1.9366e-03, -9.3623e-04,
         1.3462e-03,  1.1770e-04, -5.7045e-04, -1.4125e-03, -1.1696e-03,
         3.3406e-04,  1.4895e-04,  6.2024e-04,  7.2453e-04, -1.5362e-03,
         1.9279e-03,  1.3401e-03,  9.9843e-04, -2.0869e-04,  7.5490e-04,
        -2.2548e-04, -9.0851e-05,  1.7609e-03, -1.4676e-03,  1.7433e-03,
         8.8726e-04, -4.3128e-04, -6.9932e-04,  7.3430e-04,  1.7601e-03,
        -1.3167e-03, -1.0416e-03, -1.2076e-03, -8.2714e-08,  1.7509e-03,
        -1.5414e-04, -3.5848e-04,  1.1519e-03,  1.9452e-03,  1.8885e-03,
         1.0092e-03,  6.5698e-04, -1.5368e-03, -1.2385e-03, -1.1531e-03,
         8.2419e-04,  1.6779e-03,  6.3677e-04, -1.9668e-03, -1.5114e-03,
         1.2907e-03,  2.5697e-04,  1.7259e-03, -7.8789e-05,  1.0349e-03,
         5.3261e-04,  7.4095e-04,  1.5617e-03, -7.2727e-04, -1.5539e-03,
        -1.7115e-03, -1.3442e-03, -5.8982e-04, -4.9322e-04,  8.3368e-04,
        -1.6603e-03,  6.4445e-04,  1.3437e-03,  6.8550e-04, -1.0243e-03,
        -4.6218e-04, -1.3260e-03,  1.7662e-03, -1.5825e-03,  1.6237e-03,
        -1.9062e-03, -1.3862e-03,  1.5085e-03,  5.0588e-04,  1.2962e-03,
        -3.7398e-05, -1.0987e-03,  1.4684e-03, -1.4011e-03,  1.6841e-03,
         2.2662e-04, -1.0048e-03, -9.7978e-04,  9.2010e-04, -6.2110e-04,
        -1.6843e-03, -1.8034e-03,  1.4556e-03,  1.2531e-03,  1.7015e-03,
        -1.6012e-03,  6.9712e-04,  1.1354e-03,  1.0219e-03,  1.1319e-03,
         8.7438e-04,  2.1701e-04, -1.3654e-03, -1.5666e-03, -1.2009e-03,
        -1.5495e-03, -1.6757e-03, -7.2191e-04, -1.2642e-03,  1.3428e-03,
         1.2332e-04,  1.8972e-03,  1.0447e-03,  1.0775e-03, -9.0006e-04,
        -5.7090e-04, -1.8156e-03,  1.6067e-03,  7.3427e-04,  1.4820e-03,
        -8.5654e-04,  8.7141e-04,  1.0379e-03,  1.4810e-03,  1.9435e-04,
         1.1306e-03,  7.0407e-05,  1.4924e-03, -1.6928e-03, -3.1844e-04,
         1.6351e-03,  1.7768e-03,  7.7060e-04, -1.0899e-04, -7.6069e-05,
        -5.5721e-04, -1.2827e-03, -1.8116e-03, -1.9613e-03, -9.1199e-04,
         8.8020e-04, -1.4235e-03,  5.2018e-04,  1.1229e-03,  1.5518e-03,
         2.6094e-04, -1.2658e-03,  1.5139e-03, -1.9705e-03,  3.7740e-04,
         1.0311e-03,  5.6144e-04, -1.5800e-03, -2.3280e-04, -1.6403e-03,
         7.2972e-04, -1.1590e-03, -1.4275e-03, -1.6267e-03,  1.8992e-03,
        -1.5996e-03, -1.0637e-03, -1.4238e-03,  4.8111e-04,  1.3541e-03,
        -5.0175e-04, -1.6375e-03,  1.8524e-03,  3.4685e-04, -1.5634e-03,
         1.6039e-03])

Name: res_block_8.bn1.weight | Shape: [256]
Values:
tensor([0.1381, 0.1689, 0.1922, 0.1809, 0.1551, 0.1857, 0.1930, 0.1723, 0.1246,
        0.1690, 0.1363, 0.1507, 0.1533, 0.1694, 0.1807, 0.0916, 0.1239, 0.1613,
        0.1420, 0.1793, 0.1607, 0.1534, 0.1617, 0.1907, 0.1703, 0.1604, 0.1445,
        0.1675, 0.1834, 0.1681, 0.1626, 0.1710, 0.1612, 0.1657, 0.1689, 0.1761,
        0.1515, 0.1642, 0.1778, 0.1805, 0.1764, 0.1925, 0.1889, 0.1549, 0.1994,
        0.1589, 0.1704, 0.1579, 0.1713, 0.1745, 0.1705, 0.1753, 0.1752, 0.1710,
        0.1750, 0.1773, 0.2103, 0.1479, 0.1529, 0.1772, 0.1819, 0.1835, 0.1884,
        0.1719, 0.1572, 0.1396, 0.1464, 0.1465, 0.1811, 0.1768, 0.1866, 0.1842,
        0.1473, 0.1875, 0.1914, 0.1575, 0.1737, 0.1504, 0.1813, 0.1740, 0.1483,
        0.1889, 0.1663, 0.1706, 0.1886, 0.1829, 0.1392, 0.1610, 0.1776, 0.1625,
        0.1602, 0.1735, 0.1475, 0.1601, 0.1761, 0.1647, 0.1820, 0.1516, 0.1886,
        0.1722, 0.1571, 0.1734, 0.1634, 0.1591, 0.1636, 0.1646, 0.1744, 0.1953,
        0.1466, 0.1655, 0.1674, 0.1476, 0.1864, 0.1852, 0.1182, 0.1493, 0.1784,
        0.1653, 0.1552, 0.1700, 0.1717, 0.1879, 0.1658, 0.1276, 0.1644, 0.1201,
        0.1429, 0.1745, 0.1798, 0.1602, 0.1702, 0.1562, 0.1633, 0.1784, 0.1579,
        0.1537, 0.1701, 0.1899, 0.1596, 0.1923, 0.1813, 0.1629, 0.1449, 0.1620,
        0.1830, 0.1841, 0.1493, 0.1840, 0.1673, 0.2183, 0.2122, 0.1773, 0.1523,
        0.1679, 0.1927, 0.1145, 0.1603, 0.1432, 0.1464, 0.1563, 0.1881, 0.1332,
        0.1395, 0.1784, 0.1710, 0.1502, 0.1654, 0.1595, 0.1870, 0.1620, 0.1259,
        0.1642, 0.1917, 0.1531, 0.1460, 0.1512, 0.1713, 0.1413, 0.1629, 0.1738,
        0.1518, 0.1969, 0.1533, 0.1744, 0.1731, 0.1564, 0.1791, 0.1640, 0.1550,
        0.1455, 0.1593, 0.1613, 0.1906, 0.1668, 0.1643, 0.1568, 0.1447, 0.1527,
        0.1409, 0.1680, 0.1478, 0.1467, 0.1854, 0.1716, 0.1786, 0.1701, 0.1723,
        0.1773, 0.1543, 0.1505, 0.1569, 0.1571, 0.1805, 0.1666, 0.1334, 0.1498,
        0.1549, 0.1824, 0.1536, 0.1782, 0.1728, 0.1623, 0.2262, 0.1585, 0.1807,
        0.1621, 0.1470, 0.1568, 0.1668, 0.1908, 0.1881, 0.1711, 0.1962, 0.1684,
        0.1697, 0.1617, 0.1760, 0.1500, 0.1570, 0.1778, 0.1541, 0.1858, 0.1583,
        0.1699, 0.1673, 0.1461, 0.1739, 0.1561, 0.1913, 0.1680, 0.1699, 0.1730,
        0.1745, 0.1713, 0.1538, 0.1604])

Name: res_block_8.bn1.bias | Shape: [256]
Values:
tensor([-0.1184, -0.1629, -0.0995, -0.1348, -0.0755, -0.1596, -0.1326, -0.1363,
        -0.0876, -0.1117, -0.0821, -0.1174, -0.0787, -0.0774, -0.1098, -0.0830,
        -0.1104, -0.1191, -0.0879, -0.1130, -0.1274, -0.1485, -0.1076, -0.1153,
        -0.1048, -0.0980, -0.0980, -0.0885, -0.1192, -0.1192, -0.0875, -0.1377,
        -0.0965, -0.1407, -0.1103, -0.1289, -0.1413, -0.1827, -0.1112, -0.0919,
        -0.1177, -0.1290, -0.1176, -0.1545, -0.1501, -0.1067, -0.1449, -0.0719,
        -0.1130, -0.1190, -0.1254, -0.1793, -0.1417, -0.1277, -0.0913, -0.1258,
        -0.1039, -0.0982, -0.1124, -0.1214, -0.1070, -0.1180, -0.0942, -0.1245,
        -0.0998, -0.1126, -0.1247, -0.1149, -0.1014, -0.1162, -0.0854, -0.0835,
        -0.0850, -0.0991, -0.0904, -0.0868, -0.1591, -0.1230, -0.0965, -0.1195,
        -0.1175, -0.1409, -0.1424, -0.1289, -0.0978, -0.1204, -0.1366, -0.1010,
        -0.1400, -0.1210, -0.1026, -0.0898, -0.1410, -0.0992, -0.1450, -0.0884,
        -0.1289, -0.1152, -0.1041, -0.1093, -0.1188, -0.1150, -0.1350, -0.1132,
        -0.1485, -0.1627, -0.1354, -0.1330, -0.0883, -0.1230, -0.1413, -0.0809,
        -0.1328, -0.0801, -0.1130, -0.0839, -0.0997, -0.1518, -0.1551, -0.1072,
        -0.0929, -0.1432, -0.1525, -0.1463, -0.1241, -0.1112, -0.1350, -0.1024,
        -0.1506, -0.1147, -0.1118, -0.1061, -0.1469, -0.1588, -0.0859, -0.1129,
        -0.1174, -0.1794, -0.1136, -0.1052, -0.0969, -0.0886, -0.1216, -0.0418,
        -0.1389, -0.1536, -0.1313, -0.1408, -0.1217, -0.1235, -0.0958, -0.1331,
        -0.1321, -0.0949, -0.1131, -0.1066, -0.1082, -0.1351, -0.1100, -0.1566,
        -0.1428, -0.0817, -0.1228, -0.1019, -0.1224, -0.0761, -0.1213, -0.1167,
        -0.1428, -0.1030, -0.1249, -0.1216, -0.0924, -0.1125, -0.0695, -0.1160,
        -0.0987, -0.0910, -0.1411, -0.0989, -0.0612, -0.1393, -0.1148, -0.1201,
        -0.1235, -0.1011, -0.1068, -0.1520, -0.0893, -0.1092, -0.1125, -0.1085,
        -0.1052, -0.1279, -0.1073, -0.1299, -0.1080, -0.1157, -0.0891, -0.1298,
        -0.1224, -0.1005, -0.1561, -0.1043, -0.1012, -0.0678, -0.1221, -0.1098,
        -0.1296, -0.1211, -0.1127, -0.0813, -0.0889, -0.1085, -0.1387, -0.1271,
        -0.1150, -0.1191, -0.1475, -0.1144, -0.1128, -0.1467, -0.1276, -0.1050,
        -0.1319, -0.0982, -0.0722, -0.1500, -0.1476, -0.1430, -0.0971, -0.1457,
        -0.0996, -0.1500, -0.0594, -0.0903, -0.1019, -0.1029, -0.1593, -0.0859,
        -0.1262, -0.1135, -0.1001, -0.1283, -0.1020, -0.1569, -0.1373, -0.1472,
        -0.1495, -0.1214, -0.1186, -0.1178, -0.1119, -0.1391, -0.0735, -0.0944])

Name: res_block_8.conv2.weight | Shape: [256, 256, 3, 3]
Values:
tensor([[[[-6.8567e-03,  5.7364e-03,  3.3120e-02],
          [ 8.7481e-03, -1.3492e-03,  5.0159e-03],
          [ 1.8837e-02,  7.2371e-03, -2.2720e-02]],

         [[-3.0336e-02,  1.9717e-02, -4.5534e-04],
          [-3.9756e-03,  2.2423e-03, -4.0664e-02],
          [ 2.6372e-02,  3.0686e-02,  2.8479e-03]],

         [[ 4.0078e-04, -2.5863e-03, -1.3658e-02],
          [ 3.6470e-03,  1.8473e-02, -3.7659e-03],
          [ 1.1687e-02,  2.3087e-02, -2.3036e-02]],

         ...,

         [[-2.5487e-02, -3.7363e-02,  1.2463e-02],
          [ 1.9000e-02, -1.7154e-02, -2.2855e-02],
          [ 2.7131e-02, -1.5645e-02, -3.2022e-02]],

         [[-1.3708e-02, -4.5065e-02,  3.6825e-03],
          [-5.3146e-03, -2.3754e-02,  1.4055e-02],
          [ 5.2477e-03,  5.0332e-03, -1.0259e-02]],

         [[ 2.8476e-02, -2.4880e-03, -9.8285e-04],
          [ 3.9663e-02,  1.7205e-02, -6.6567e-03],
          [ 8.6445e-03,  2.1223e-02, -2.4886e-03]]],


        [[[-1.3379e-02,  9.0494e-03,  1.2300e-02],
          [-1.4005e-02, -3.5860e-03,  6.2073e-04],
          [ 4.6861e-03, -7.8100e-03, -5.2608e-04]],

         [[-1.7719e-02, -7.0360e-03,  2.2405e-03],
          [-1.0404e-02,  6.9298e-03,  7.3248e-03],
          [-8.5596e-03,  8.4999e-03,  7.7206e-03]],

         [[ 1.8228e-02, -5.6241e-03,  4.6421e-03],
          [ 3.6982e-03, -7.0805e-03,  1.5286e-02],
          [-3.6262e-03, -1.9874e-03,  2.2402e-02]],

         ...,

         [[ 1.7915e-02,  1.9825e-02,  1.0588e-03],
          [ 2.3506e-02,  8.1228e-03, -6.7611e-03],
          [ 2.1790e-02,  4.5464e-03, -4.1179e-03]],

         [[ 4.7458e-03, -6.6597e-03, -1.0794e-02],
          [ 1.1518e-05, -1.9854e-03,  1.0369e-03],
          [-9.7444e-03, -9.1825e-04, -1.4582e-03]],

         [[-1.1063e-02,  1.5970e-02,  6.0625e-03],
          [-1.2874e-02, -1.2633e-02, -1.2114e-02],
          [-6.9409e-03, -3.1785e-03, -5.8895e-03]]],


        [[[-1.6182e-02,  4.1000e-04, -8.2006e-03],
          [ 1.2761e-02,  5.2145e-03, -1.2177e-03],
          [ 3.6196e-03,  1.2812e-02, -2.7159e-02]],

         [[ 7.9612e-03, -4.1729e-04,  1.2725e-03],
          [-1.4383e-02, -1.2241e-02,  1.8320e-02],
          [-1.6279e-02,  8.6227e-04,  7.6685e-03]],

         [[-5.4823e-03,  2.5451e-03, -7.5351e-03],
          [ 4.4511e-04,  5.4414e-03, -7.5703e-03],
          [-2.1738e-02, -1.7317e-02, -2.8304e-02]],

         ...,

         [[ 3.0041e-03, -4.3765e-03, -3.1527e-03],
          [ 1.7826e-04, -1.6270e-02,  9.8330e-04],
          [-3.6020e-03, -7.8288e-03, -1.2423e-02]],

         [[-1.1895e-02, -9.8771e-03, -9.4428e-03],
          [ 3.7209e-03,  6.6604e-03, -9.7765e-03],
          [-9.6604e-03, -2.7760e-03, -2.8832e-03]],

         [[-2.9238e-03,  1.0438e-02, -9.1735e-04],
          [-1.9238e-02,  1.5707e-02, -9.9401e-03],
          [ 4.1289e-03,  2.3667e-03, -9.7903e-03]]],


        ...,


        [[[-4.5655e-03, -7.7384e-03, -9.5911e-03],
          [-1.2464e-02, -1.0156e-02,  1.6927e-05],
          [-2.4464e-02, -7.1254e-03, -7.5820e-03]],

         [[ 4.7589e-04,  3.0320e-02,  1.3937e-02],
          [-7.1036e-03,  5.1928e-03,  6.5943e-03],
          [-6.3340e-03,  2.0991e-03, -1.7370e-02]],

         [[ 4.6159e-03, -9.6632e-03, -4.0004e-02],
          [-1.6071e-02, -1.9439e-02, -9.0340e-03],
          [ 2.5754e-02,  1.7026e-02, -8.7051e-03]],

         ...,

         [[-1.9113e-02,  1.2588e-02, -1.6452e-02],
          [-1.1515e-02,  1.6914e-02,  1.2805e-02],
          [ 1.5529e-02,  1.9732e-02,  3.0559e-02]],

         [[-4.0083e-02, -3.5476e-03, -1.6699e-02],
          [-2.1979e-02, -6.7558e-03, -2.1016e-03],
          [ 7.0316e-03, -8.3915e-03, -1.1082e-02]],

         [[-2.0957e-02, -5.4594e-03,  4.6459e-02],
          [-1.7601e-04, -1.4680e-02, -8.0801e-03],
          [ 6.3914e-03,  1.8125e-02,  2.8160e-03]]],


        [[[-2.2154e-02,  1.0239e-04,  5.1666e-03],
          [-1.5100e-02,  1.2745e-02,  2.3381e-02],
          [-2.1814e-03, -7.5971e-03,  1.3903e-02]],

         [[-2.2099e-02, -1.9909e-02,  4.9092e-03],
          [-2.4190e-02,  1.7478e-03,  1.4361e-02],
          [ 3.8310e-03,  1.5290e-02,  2.9501e-03]],

         [[-9.8927e-03, -6.8205e-03, -1.9299e-02],
          [ 6.9634e-03, -1.9728e-02, -4.8150e-04],
          [-1.6350e-02, -1.9713e-02, -1.4811e-02]],

         ...,

         [[-4.3993e-03, -2.7098e-03, -4.1727e-03],
          [ 9.1793e-03,  1.6103e-02,  1.8798e-02],
          [ 5.0211e-03,  3.9208e-03,  9.0042e-03]],

         [[ 1.0605e-02,  1.5044e-02,  1.0709e-02],
          [-1.5680e-03,  1.1295e-02,  1.1329e-02],
          [-5.9363e-03, -7.4127e-04,  1.5308e-02]],

         [[-1.3842e-02,  3.4805e-03, -1.2206e-02],
          [-7.1363e-03, -2.0134e-02,  1.8107e-05],
          [ 4.2838e-03, -8.2420e-03, -2.8242e-03]]],


        [[[-1.4000e-03,  8.0964e-03,  1.6783e-02],
          [-1.9222e-02, -1.7422e-02, -2.8618e-04],
          [-1.0038e-02, -1.9736e-02, -2.3367e-02]],

         [[-8.3056e-03, -1.9453e-02, -7.9080e-03],
          [ 7.2811e-03,  7.6932e-03,  1.1508e-02],
          [ 1.0587e-02,  7.5323e-03,  3.2220e-03]],

         [[-1.0766e-02,  8.1663e-03,  7.6429e-03],
          [-3.6191e-03, -4.5764e-04, -7.3259e-03],
          [ 5.6002e-03,  2.1664e-03, -1.7076e-02]],

         ...,

         [[ 2.0032e-02,  8.9055e-04, -3.5219e-03],
          [ 3.6632e-03,  4.2571e-03, -5.1842e-03],
          [-1.1159e-02, -1.5725e-02, -1.4100e-02]],

         [[-8.6048e-03,  1.9276e-02,  1.1781e-02],
          [-2.0904e-02,  9.5827e-03,  2.0552e-02],
          [-8.3431e-03,  8.5960e-03,  2.0821e-02]],

         [[ 2.0480e-02,  4.4417e-04,  1.0463e-02],
          [ 4.6066e-02, -4.1943e-03, -1.6783e-02],
          [ 6.0767e-02,  9.4545e-03, -1.4578e-03]]]])

Name: res_block_8.conv2.bias | Shape: [256]
Values:
tensor([ 1.6953e-03,  9.5393e-04,  1.3290e-03, -1.5134e-03,  1.5557e-03,
         1.2188e-03,  1.4834e-03,  8.0413e-04, -1.9396e-03,  1.3403e-03,
         1.2512e-03,  8.5304e-04, -7.3920e-05,  9.8334e-04,  8.9101e-05,
        -1.8098e-03, -1.7457e-04,  1.9168e-03, -1.2564e-03, -1.3324e-03,
        -6.1398e-04, -9.0466e-05,  4.3704e-04, -7.3315e-06,  2.4330e-04,
        -1.8206e-03,  8.9915e-04, -2.4778e-04,  1.0575e-03,  1.3249e-03,
         1.0559e-04, -4.9480e-04,  1.7378e-03, -4.4884e-04,  1.3812e-03,
         2.6131e-04,  9.7598e-05, -1.8913e-03,  9.0924e-04,  1.4596e-03,
        -1.7283e-03,  1.0019e-03,  2.0458e-04, -2.8468e-04, -5.9994e-04,
        -9.2495e-06, -8.6951e-04,  7.0127e-04, -1.1080e-03, -9.1849e-05,
         7.5937e-04, -6.9072e-04, -1.0044e-03,  8.1878e-04,  1.9048e-03,
         5.6767e-04,  1.1788e-05, -1.0383e-03, -2.2346e-04,  6.8480e-05,
        -1.8382e-03, -6.5232e-04, -1.2558e-03,  1.0194e-04,  1.0088e-03,
         1.6736e-03,  1.9538e-03, -5.9528e-04,  1.5917e-03, -4.9742e-04,
        -1.4992e-03, -6.5063e-04,  1.4899e-03,  8.6714e-04,  1.2346e-03,
        -3.8059e-04, -4.0929e-04, -1.7367e-03,  4.2515e-04, -1.7515e-03,
        -1.8831e-03, -1.9421e-03, -1.4189e-03,  1.6989e-04,  8.6129e-04,
        -2.5401e-04, -1.9386e-03,  1.2028e-03, -1.3854e-04, -1.5552e-03,
         9.0191e-04,  3.7870e-04,  6.9545e-04, -5.1368e-04, -1.5843e-03,
         8.0542e-04, -1.4608e-03, -1.9188e-03,  1.1064e-03,  7.1875e-04,
         1.7520e-03, -1.7520e-03,  1.1800e-03, -3.0460e-04, -1.2625e-07,
        -1.7866e-03,  3.9678e-04,  1.0819e-03,  8.4778e-04,  1.3239e-03,
         1.7804e-04, -8.6094e-04,  2.8877e-04, -3.7780e-04,  7.8041e-04,
        -6.2040e-04, -1.8605e-03, -5.6772e-04,  1.2843e-03,  1.4465e-03,
        -1.6149e-03, -5.2674e-04, -9.4875e-04,  9.2010e-04,  1.6660e-03,
         6.4787e-04,  8.0707e-04,  1.0069e-03, -9.1838e-04,  5.5509e-04,
        -8.3176e-04,  1.0017e-04,  1.1315e-03, -3.7584e-04,  1.9262e-03,
         1.6924e-03, -2.6331e-04, -2.5773e-04, -1.9614e-03,  8.9616e-04,
        -4.3240e-04, -1.2618e-03, -5.6925e-04, -1.0020e-04, -8.3615e-04,
         1.1974e-03,  1.6905e-03, -1.0098e-03,  2.2342e-04, -6.7873e-04,
        -1.3578e-03, -1.9589e-03,  1.9097e-03, -1.0379e-03, -1.6184e-03,
        -1.6628e-03, -1.7968e-03,  5.5125e-04,  1.3738e-03,  7.2759e-04,
        -8.6977e-04,  6.5406e-04, -4.1318e-04, -7.7715e-05,  3.9844e-04,
         9.8101e-04, -1.2921e-04, -1.5817e-04, -1.5102e-03, -1.6027e-03,
         1.5917e-03,  1.8831e-03,  1.0050e-03, -3.3483e-04, -3.4285e-04,
         9.6796e-04,  8.3416e-04, -1.1411e-03, -2.0760e-04,  1.1073e-03,
         6.4252e-04,  9.9563e-04,  6.7953e-04,  1.7989e-03,  1.5156e-03,
         5.0436e-05, -1.3041e-03, -3.0328e-04, -1.4345e-03,  1.8363e-03,
         3.3455e-04,  4.0972e-04,  5.7781e-04, -1.2201e-03,  1.4231e-03,
        -4.1914e-04, -3.7825e-04, -1.3529e-03, -3.2909e-04, -1.5238e-03,
        -1.6941e-03,  3.6920e-04, -9.1454e-04,  1.8813e-03, -6.5949e-04,
         8.1082e-04, -6.6424e-04, -1.0624e-03, -1.8822e-03, -4.6925e-04,
         1.3750e-03,  1.6271e-03, -1.1644e-03,  1.9475e-03,  7.4040e-04,
         1.6065e-03,  3.1519e-04, -7.4065e-04,  1.5862e-03,  1.7771e-03,
        -6.6934e-04,  5.1963e-04, -1.7778e-03, -1.8708e-03, -1.1793e-03,
         3.4062e-04, -1.5996e-03, -5.1938e-04, -1.0670e-03, -1.4331e-03,
        -1.7855e-03, -2.2253e-04,  1.0069e-03, -1.0241e-03,  3.2924e-04,
         6.0697e-04,  5.7636e-04, -1.4234e-03, -1.4080e-03,  3.3195e-04,
         1.0666e-03,  3.5885e-04, -9.5711e-04, -4.1561e-04, -3.3914e-04,
        -5.0829e-04, -7.7413e-04, -1.1254e-03,  1.2300e-03, -7.1384e-04,
        -1.3137e-03, -2.4147e-04,  5.7625e-04,  1.1184e-03,  7.7014e-04,
         1.9065e-04])

Name: res_block_8.bn2.weight | Shape: [256]
Values:
tensor([0.1570, 0.1251, 0.1742, 0.1293, 0.1452, 0.1407, 0.1430, 0.1621, 0.1330,
        0.1455, 0.1321, 0.1606, 0.1260, 0.1337, 0.1474, 0.1391, 0.1235, 0.1537,
        0.1007, 0.1400, 0.1480, 0.1445, 0.1451, 0.1920, 0.0974, 0.1514, 0.1402,
        0.1400, 0.1352, 0.1544, 0.1972, 0.1673, 0.1688, 0.1500, 0.1824, 0.1348,
        0.1196, 0.1746, 0.1497, 0.1491, 0.1621, 0.1040, 0.1400, 0.1909, 0.1241,
        0.1693, 0.1406, 0.1674, 0.1082, 0.2011, 0.1334, 0.1910, 0.1499, 0.1340,
        0.1586, 0.1535, 0.1105, 0.1226, 0.1238, 0.1202, 0.1194, 0.1110, 0.1266,
        0.1768, 0.1094, 0.1074, 0.1792, 0.1032, 0.1551, 0.0913, 0.1771, 0.1496,
        0.1058, 0.1247, 0.1276, 0.1856, 0.1533, 0.1331, 0.1298, 0.1466, 0.1482,
        0.1155, 0.1431, 0.0917, 0.1302, 0.1089, 0.2186, 0.1348, 0.2101, 0.1641,
        0.1273, 0.1270, 0.1354, 0.1397, 0.1697, 0.1362, 0.1558, 0.1555, 0.1167,
        0.1130, 0.1371, 0.1316, 0.1472, 0.1441, 0.1446, 0.1504, 0.1340, 0.1479,
        0.1031, 0.1532, 0.1161, 0.0827, 0.1122, 0.1479, 0.1238, 0.1648, 0.1618,
        0.1449, 0.1075, 0.1117, 0.1089, 0.1507, 0.1221, 0.1762, 0.0790, 0.1283,
        0.1977, 0.1683, 0.1171, 0.1269, 0.1167, 0.1358, 0.1226, 0.1393, 0.1094,
        0.1572, 0.1205, 0.1145, 0.1302, 0.1555, 0.1373, 0.1306, 0.1074, 0.1419,
        0.1008, 0.1668, 0.1344, 0.1196, 0.1442, 0.1892, 0.1307, 0.1109, 0.1409,
        0.1525, 0.0945, 0.1122, 0.1180, 0.1313, 0.0996, 0.1549, 0.1513, 0.1509,
        0.1195, 0.1719, 0.1027, 0.1934, 0.1418, 0.1156, 0.1682, 0.1185, 0.1181,
        0.1186, 0.1248, 0.1190, 0.1478, 0.1446, 0.1344, 0.1060, 0.1671, 0.0753,
        0.1495, 0.1277, 0.1515, 0.1071, 0.1386, 0.1320, 0.1496, 0.1566, 0.1160,
        0.1038, 0.1447, 0.1768, 0.1340, 0.1332, 0.1159, 0.1652, 0.1137, 0.1186,
        0.1393, 0.1467, 0.1110, 0.1680, 0.1352, 0.1624, 0.1618, 0.1618, 0.1328,
        0.1556, 0.1603, 0.1309, 0.1460, 0.1317, 0.1114, 0.1441, 0.1162, 0.1593,
        0.1650, 0.1971, 0.1487, 0.1606, 0.1509, 0.1666, 0.1268, 0.0682, 0.1264,
        0.0970, 0.1238, 0.1223, 0.1128, 0.1380, 0.1571, 0.1266, 0.1872, 0.1410,
        0.1185, 0.1175, 0.1777, 0.1531, 0.0998, 0.1209, 0.1555, 0.1581, 0.1507,
        0.1050, 0.1427, 0.1428, 0.1071, 0.1387, 0.1362, 0.1446, 0.1601, 0.1211,
        0.1423, 0.1204, 0.1302, 0.1598])

Name: res_block_8.bn2.bias | Shape: [256]
Values:
tensor([-0.0211, -0.0150, -0.0472, -0.0415, -0.0351, -0.0456, -0.0054, -0.0411,
        -0.0055, -0.0563, -0.0767, -0.0831, -0.0099, -0.0733, -0.0297, -0.0473,
        -0.0176, -0.0829, -0.0481, -0.0707, -0.0156, -0.0496, -0.1019, -0.0693,
        -0.0053, -0.0503, -0.0540, -0.0805, -0.0585, -0.0682, -0.0668, -0.0945,
        -0.0508, -0.0605, -0.1246, -0.0314, -0.0616, -0.0419, -0.0882, -0.0372,
        -0.0826, -0.0359, -0.0421, -0.0491, -0.0547, -0.0460, -0.0560, -0.0310,
        -0.0318, -0.0328, -0.0736, -0.0340, -0.0504, -0.0384, -0.0469, -0.1017,
         0.0016, -0.0306, -0.0193, -0.0298, -0.0281, -0.0488, -0.0389, -0.0114,
        -0.0374, -0.0762, -0.0329,  0.0325, -0.0687, -0.0916, -0.0349, -0.0451,
        -0.0388, -0.0958, -0.0549, -0.0932, -0.0816, -0.0856, -0.0246, -0.0746,
        -0.0364, -0.0187, -0.0704, -0.0615,  0.0006, -0.0928, -0.0361, -0.0687,
        -0.0651, -0.0492, -0.0586, -0.0993, -0.0601, -0.0432, -0.0106, -0.0508,
        -0.0687, -0.0228, -0.0406, -0.0671, -0.0921, -0.0747, -0.0390, -0.0502,
        -0.0301, -0.0404, -0.0261, -0.0479, -0.0674, -0.0836, -0.0654, -0.0613,
        -0.0538, -0.0142,  0.0112, -0.1177, -0.0210, -0.1191, -0.0430, -0.0032,
        -0.0893, -0.0870, -0.0187, -0.0107, -0.0027, -0.0322, -0.0993, -0.0482,
        -0.0279, -0.0578, -0.0228, -0.0140,  0.0238, -0.0564, -0.0259, -0.0452,
        -0.0492, -0.0561, -0.0218, -0.0158, -0.0617, -0.0299, -0.0571, -0.0612,
         0.0196, -0.0361,  0.0194, -0.0217, -0.0256, -0.0432, -0.0568,  0.0154,
        -0.0034, -0.0177, -0.0330, -0.0336, -0.0064, -0.0682, -0.0367, -0.0759,
        -0.0441, -0.0896, -0.0862, -0.0631, -0.0366, -0.1330, -0.0567, -0.0506,
        -0.0038, -0.0527, -0.0432,  0.0061, -0.0525, -0.0230, -0.0458, -0.0227,
        -0.0273, -0.0568, -0.0768, -0.0045, -0.0870, -0.0573,  0.0282, -0.0279,
        -0.0522, -0.0167, -0.0382, -0.0450, -0.0585, -0.0491, -0.0345, -0.0329,
        -0.0478, -0.1022, -0.0598, -0.0200, -0.0714, -0.0362, -0.0423, -0.0256,
        -0.0657, -0.0294, -0.0611, -0.0393, -0.0598, -0.0767,  0.0354, -0.0510,
        -0.0752, -0.0482, -0.0276, -0.0299, -0.0455, -0.0352,  0.0032, -0.0759,
        -0.1052, -0.0055, -0.0671, -0.0538, -0.0489, -0.0252, -0.0645, -0.0344,
        -0.0319, -0.0052, -0.0593, -0.0557, -0.0099, -0.0529, -0.0706, -0.0231,
        -0.0723, -0.0702, -0.0418, -0.0784, -0.0855, -0.0356, -0.0642, -0.0263,
        -0.0706, -0.0345, -0.1041, -0.0688, -0.0429, -0.0841, -0.0279, -0.0527,
        -0.0429, -0.0393, -0.0615, -0.0602, -0.0648, -0.0463, -0.0509, -0.0570])

Name: res_block_9.conv1.weight | Shape: [256, 256, 3, 3]
Values:
tensor([[[[-5.4254e-04, -3.8647e-03, -1.1552e-02],
          [ 3.8127e-03, -2.5168e-02,  1.4986e-02],
          [-1.7399e-02, -7.9521e-03, -1.7070e-03]],

         [[ 2.5695e-04, -1.1763e-02, -1.3232e-02],
          [-2.3829e-02, -1.0808e-02, -1.8010e-04],
          [ 9.9492e-03,  2.4346e-02,  1.5536e-02]],

         [[ 4.4536e-03, -1.2844e-02,  2.9424e-03],
          [ 1.6903e-02,  6.8553e-03, -4.6159e-03],
          [ 1.9255e-02,  4.5997e-03,  1.3805e-02]],

         ...,

         [[-8.2435e-03, -1.5650e-02,  1.8630e-03],
          [ 9.7217e-03,  8.3894e-03, -5.5768e-03],
          [ 3.0997e-02,  1.7108e-02,  6.5707e-03]],

         [[ 5.2135e-03,  9.5457e-03,  1.3444e-02],
          [-1.0243e-02, -8.9241e-03, -8.7944e-03],
          [-2.5139e-02, -1.3278e-02, -1.3924e-02]],

         [[-5.0702e-03,  1.1665e-02,  8.4232e-03],
          [ 1.3260e-03, -9.6940e-03, -1.3893e-02],
          [ 9.4015e-03, -1.0712e-02, -2.8702e-02]]],


        [[[-1.0931e-03, -1.1212e-02, -2.2029e-03],
          [-7.2168e-03, -6.5148e-03,  1.3539e-02],
          [ 1.3855e-02,  2.3213e-02,  6.5049e-02]],

         [[ 6.4367e-03,  2.2968e-02, -4.4441e-03],
          [ 3.7651e-03,  7.1004e-03,  1.1299e-02],
          [-3.7218e-03,  5.2492e-03,  5.1696e-03]],

         [[ 7.7781e-03, -1.4043e-02, -3.9087e-02],
          [ 2.8216e-02,  1.0503e-02, -1.6350e-02],
          [ 1.7480e-03, -7.6259e-03, -4.1708e-02]],

         ...,

         [[ 7.0510e-03,  2.9104e-03, -6.0645e-03],
          [-6.1242e-03,  5.3586e-03,  1.2823e-02],
          [ 1.7582e-02,  1.3760e-03,  9.0238e-03]],

         [[-1.0616e-02, -2.3076e-02, -8.9442e-03],
          [-9.8032e-03,  1.7997e-02, -6.4785e-05],
          [ 2.4573e-03,  2.0387e-02, -8.3560e-03]],

         [[-2.6726e-02, -1.2076e-02, -2.4035e-02],
          [-1.0580e-02,  9.1980e-03, -4.4185e-03],
          [ 1.0283e-02,  3.6280e-02,  1.5725e-02]]],


        [[[-1.8090e-02, -2.9059e-02, -3.0299e-02],
          [-2.2205e-02, -1.3606e-02, -4.3515e-02],
          [-1.5686e-02, -5.6661e-02, -3.5988e-02]],

         [[ 3.1158e-03, -2.5151e-02, -1.4237e-02],
          [-1.8019e-02, -1.5236e-03,  1.0702e-02],
          [-1.9409e-03,  3.6682e-03, -5.0279e-04]],

         [[ 2.1827e-02, -8.8790e-03, -2.0311e-02],
          [ 6.4057e-03,  1.2379e-03, -6.2645e-03],
          [ 1.8447e-02,  6.8989e-03, -1.8308e-02]],

         ...,

         [[-1.1449e-02,  6.4941e-03,  2.7859e-02],
          [-1.0944e-02,  1.7996e-02, -7.6327e-04],
          [ 2.4595e-02, -8.4055e-03, -1.0084e-02]],

         [[ 3.3212e-02, -1.1471e-02, -5.4831e-03],
          [ 1.1773e-02,  8.2286e-03,  1.7395e-02],
          [-6.5331e-03, -3.3647e-03, -1.6722e-02]],

         [[ 1.1333e-02,  2.0305e-02,  1.3176e-02],
          [-2.8438e-02,  2.3005e-02, -2.7290e-03],
          [-1.5301e-02,  1.9375e-03, -1.7965e-02]]],


        ...,


        [[[-2.2937e-02, -1.1420e-02, -6.3630e-03],
          [-5.8307e-03,  1.8795e-03,  1.7642e-02],
          [ 1.0807e-02,  1.1981e-02,  7.6933e-04]],

         [[ 3.5252e-03, -1.9156e-03,  1.5736e-02],
          [ 1.3009e-02, -1.4582e-02, -3.0860e-03],
          [-1.8679e-02, -1.4845e-02, -1.4913e-02]],

         [[ 4.6469e-03,  1.2596e-02,  2.0856e-02],
          [ 1.8974e-02,  6.7332e-03,  2.0188e-02],
          [ 2.2577e-02,  1.3077e-02,  2.0630e-02]],

         ...,

         [[-7.6223e-03,  2.0765e-02, -9.9316e-03],
          [-8.7477e-03,  1.9835e-02,  1.0391e-02],
          [-3.2288e-02,  3.4243e-03, -2.6939e-04]],

         [[ 2.8138e-03,  5.7220e-03,  7.3589e-03],
          [ 6.2815e-03, -8.7050e-03,  2.3590e-03],
          [-3.4804e-03,  1.6806e-02,  2.3326e-02]],

         [[ 1.6598e-03,  7.6398e-03,  1.4419e-02],
          [ 2.6555e-03,  5.2796e-03, -4.6410e-03],
          [-2.4862e-03,  2.2972e-02,  1.6902e-02]]],


        [[[-3.7701e-02, -4.5526e-02, -1.4580e-02],
          [-1.1752e-02,  1.7146e-02,  4.3669e-02],
          [-9.2395e-03,  2.8311e-02,  1.6016e-02]],

         [[-1.6268e-02, -6.3606e-04, -2.1075e-03],
          [ 2.3835e-03,  1.8461e-02, -8.4653e-03],
          [ 9.9833e-03,  1.2103e-02,  1.9307e-03]],

         [[-1.6118e-02, -1.0761e-02,  2.7914e-03],
          [ 7.0757e-03,  2.8503e-03, -1.2958e-02],
          [ 1.4406e-02, -1.9833e-02,  3.0095e-02]],

         ...,

         [[ 2.7400e-02,  1.2450e-02,  4.3313e-02],
          [ 1.9674e-02, -3.4910e-02,  2.3867e-02],
          [-2.2130e-02,  1.6939e-02, -1.1443e-02]],

         [[-2.0222e-02,  3.0811e-02,  1.7075e-02],
          [ 6.0966e-03, -5.9203e-03,  2.4565e-02],
          [ 5.8315e-03, -1.7275e-02,  3.5815e-02]],

         [[ 5.1359e-03,  1.5139e-02,  1.0168e-02],
          [ 1.0506e-02,  1.2487e-02,  2.6010e-02],
          [-2.2165e-02, -3.1377e-04,  3.2193e-02]]],


        [[[ 2.6868e-02,  1.8749e-02, -8.6230e-04],
          [-6.7049e-03, -1.7595e-02,  1.0374e-02],
          [-4.1607e-02,  1.5051e-03, -3.3892e-02]],

         [[-8.3582e-03, -1.3747e-02,  1.6848e-02],
          [-2.4175e-02,  3.7728e-03, -9.8968e-04],
          [-2.8322e-03, -8.7629e-03, -1.2360e-02]],

         [[ 2.6851e-04,  4.2824e-03,  6.5199e-03],
          [ 1.6628e-02, -1.4800e-02, -5.3096e-02],
          [-1.3754e-03, -3.6463e-02, -1.4889e-02]],

         ...,

         [[-4.6184e-03, -1.7395e-02, -6.5089e-03],
          [-1.3088e-02,  1.3141e-03,  1.6861e-02],
          [-7.8646e-03,  1.3888e-02,  5.4749e-03]],

         [[ 4.3344e-02,  2.7061e-03,  2.1208e-02],
          [ 7.0500e-03,  1.2948e-02,  1.6082e-02],
          [-6.3583e-03,  2.4536e-02,  6.5888e-03]],

         [[ 2.2309e-02, -2.4085e-03, -1.7309e-02],
          [-1.8547e-02, -2.8534e-02, -1.1605e-02],
          [-1.8550e-02, -2.1761e-03,  8.2965e-03]]]])

Name: res_block_9.conv1.bias | Shape: [256]
Values:
tensor([ 1.3721e-03, -1.9002e-03, -1.7540e-03,  3.9924e-04,  1.9346e-03,
         1.5888e-03, -1.3752e-03, -1.7072e-04, -1.4645e-03, -4.4527e-04,
         9.3353e-04, -1.3948e-03,  9.9061e-05,  8.7969e-04, -1.3199e-03,
        -1.3260e-03, -1.2411e-03,  3.4708e-04, -6.1469e-04, -1.7589e-03,
         4.0477e-04, -5.9301e-04,  6.6399e-04,  6.2087e-05,  1.5859e-04,
         1.5218e-03, -1.0994e-03,  7.1720e-04, -9.8642e-04, -1.0872e-03,
         1.0566e-03,  8.7410e-04, -1.0722e-03,  1.6718e-04, -1.3259e-03,
        -9.0449e-04,  1.4750e-03, -4.2203e-04,  1.1968e-03, -9.9839e-04,
        -3.9793e-05,  1.4405e-03, -7.1817e-04,  8.4264e-04,  5.4354e-04,
         1.5478e-03,  1.2977e-03,  1.3351e-03, -6.3483e-04, -2.7732e-04,
        -1.8874e-03,  4.3773e-04,  1.0071e-03, -8.7160e-04,  8.1203e-04,
        -1.6410e-03,  1.8352e-03, -1.3222e-03,  7.3093e-04, -1.6599e-03,
        -6.3642e-04, -1.3507e-03, -8.2504e-04,  3.1251e-04,  1.0568e-03,
         1.9013e-03,  1.8344e-05,  1.4882e-04,  2.1980e-04,  3.7849e-04,
         8.8293e-04, -1.1296e-04, -7.4628e-04, -2.5215e-04, -1.8608e-04,
        -1.0957e-03, -9.6083e-04, -7.9091e-04,  5.7450e-04, -1.4924e-03,
        -1.2268e-03,  7.6114e-04,  8.2918e-04,  1.5698e-03,  1.5659e-03,
        -2.9877e-05, -1.9628e-03, -7.3493e-04,  1.5509e-03,  1.5332e-03,
         8.8193e-04, -1.7684e-03,  8.8488e-04, -1.0244e-03,  1.3991e-03,
        -1.7346e-03, -1.5680e-03, -6.6357e-04, -6.5425e-04,  9.9234e-04,
         3.2853e-04,  6.4589e-04,  1.5249e-03, -8.4611e-04,  1.4459e-04,
         1.2748e-03,  2.1791e-04,  4.0843e-04, -5.5121e-04, -1.9211e-03,
        -5.6357e-04, -1.0819e-03,  2.8500e-04,  4.5657e-04,  2.1440e-04,
         6.5155e-04, -1.1572e-03,  1.4483e-03, -1.1116e-03,  2.0681e-04,
         1.9572e-03,  5.6263e-04, -1.2077e-04,  1.0803e-04, -1.9081e-03,
         4.3408e-04,  1.5157e-03,  3.8868e-04,  1.3142e-03,  1.7056e-03,
         5.5185e-04,  1.3476e-03, -1.0121e-03,  1.6118e-03,  1.8411e-03,
        -1.5185e-03,  1.3978e-03, -1.9157e-03, -7.2589e-04, -7.9285e-04,
         7.9626e-04, -8.1915e-04,  4.4987e-04,  1.6795e-03, -1.3099e-03,
         6.5613e-04, -1.6073e-04, -8.0309e-05, -1.6727e-03, -1.4847e-03,
        -1.5165e-03,  4.2234e-04, -4.0999e-04, -3.0086e-04,  6.9592e-04,
         7.6286e-04, -5.7039e-04,  9.0058e-04,  1.4101e-03,  3.9355e-04,
        -7.0005e-04,  1.9169e-03, -2.4137e-04,  1.0595e-03,  2.6126e-04,
         8.8646e-04,  9.4870e-04, -5.0312e-04, -1.5821e-03,  3.1212e-04,
         8.9122e-04, -1.6713e-03, -1.3993e-03,  9.4156e-06,  1.5339e-03,
        -1.3918e-03, -5.3771e-04, -5.7164e-04,  1.2478e-03,  1.7210e-03,
        -9.9060e-04,  7.7082e-04, -1.5270e-03, -7.2863e-04,  1.6627e-04,
        -1.8349e-03, -2.5990e-04,  1.3208e-03,  1.4560e-03, -1.7703e-03,
         8.1546e-04, -1.1929e-03,  3.0359e-04, -5.7897e-04,  1.2342e-03,
         4.4624e-04,  1.1177e-03,  1.8618e-03, -1.0897e-03,  5.0931e-04,
         7.5951e-04,  1.4935e-03, -1.8923e-04, -1.1892e-03,  3.8488e-04,
         1.5109e-03,  3.5741e-04,  1.2455e-03,  1.2912e-03,  1.2240e-04,
        -1.8344e-03,  1.9195e-03, -1.5227e-03, -1.8901e-03, -1.7155e-04,
        -1.7478e-04, -1.1520e-03,  2.3512e-04,  1.3699e-03,  1.0093e-03,
        -3.5979e-04,  1.4948e-03,  3.4493e-04, -2.0652e-04,  7.3984e-04,
        -1.0047e-03, -1.4595e-03, -1.0745e-03,  1.6828e-03,  1.5510e-03,
         4.4119e-04, -1.0513e-03,  1.2849e-03, -1.0033e-03, -5.0194e-04,
         2.2468e-04,  6.7296e-04, -8.0298e-04,  1.7448e-04, -8.2958e-04,
         3.5816e-04, -7.5071e-04,  6.7432e-04,  4.0093e-04,  1.5169e-03,
        -6.2578e-04,  1.9068e-03, -1.1791e-03, -1.9362e-03, -6.3732e-04,
         1.0218e-03,  1.5820e-03,  1.7873e-03, -9.8086e-05, -6.5217e-04,
         1.3901e-03])

Name: res_block_9.bn1.weight | Shape: [256]
Values:
tensor([0.1670, 0.1931, 0.1611, 0.1714, 0.2065, 0.1789, 0.1531, 0.1183, 0.1388,
        0.1529, 0.1472, 0.1723, 0.1902, 0.1465, 0.1958, 0.1544, 0.1384, 0.1835,
        0.1940, 0.1646, 0.1490, 0.1620, 0.1731, 0.1682, 0.1608, 0.1615, 0.1790,
        0.1732, 0.1806, 0.1609, 0.1537, 0.1530, 0.1567, 0.1894, 0.1584, 0.1752,
        0.1483, 0.1455, 0.1600, 0.1600, 0.1538, 0.1602, 0.1393, 0.1863, 0.1814,
        0.1729, 0.2008, 0.1641, 0.1118, 0.1624, 0.1501, 0.1502, 0.1578, 0.1697,
        0.1642, 0.1614, 0.1595, 0.1672, 0.1676, 0.1750, 0.1615, 0.1565, 0.1563,
        0.1622, 0.1685, 0.1841, 0.1789, 0.1392, 0.1789, 0.1788, 0.1523, 0.1546,
        0.1517, 0.1650, 0.1520, 0.1746, 0.1685, 0.1797, 0.1610, 0.1629, 0.1430,
        0.1423, 0.1753, 0.1508, 0.1680, 0.1389, 0.1556, 0.1152, 0.1570, 0.1959,
        0.1846, 0.1468, 0.1706, 0.1713, 0.2092, 0.1771, 0.2068, 0.1595, 0.1539,
        0.1754, 0.1788, 0.1812, 0.1414, 0.1795, 0.1877, 0.1461, 0.1471, 0.1841,
        0.1809, 0.1824, 0.1526, 0.1591, 0.1883, 0.1908, 0.1734, 0.1629, 0.1385,
        0.1941, 0.1481, 0.1591, 0.1706, 0.1654, 0.1810, 0.1475, 0.1495, 0.1447,
        0.1983, 0.1807, 0.1578, 0.1420, 0.1474, 0.1702, 0.1714, 0.1529, 0.1740,
        0.1764, 0.1362, 0.1482, 0.1516, 0.1465, 0.1651, 0.1469, 0.1822, 0.1491,
        0.1748, 0.1702, 0.1700, 0.1672, 0.1790, 0.1948, 0.1569, 0.1285, 0.1940,
        0.1475, 0.1605, 0.1859, 0.1652, 0.1809, 0.1612, 0.1790, 0.1491, 0.1703,
        0.1738, 0.1685, 0.1786, 0.1545, 0.1432, 0.1416, 0.1681, 0.1662, 0.1519,
        0.1448, 0.2015, 0.1535, 0.1849, 0.1701, 0.1821, 0.1841, 0.1652, 0.1568,
        0.1574, 0.1610, 0.1620, 0.1573, 0.1447, 0.1391, 0.1765, 0.1684, 0.1660,
        0.1684, 0.1590, 0.1984, 0.1774, 0.1534, 0.1618, 0.1617, 0.1404, 0.2034,
        0.1548, 0.1619, 0.1559, 0.1852, 0.1782, 0.1534, 0.1775, 0.1577, 0.1702,
        0.1423, 0.1309, 0.1416, 0.1716, 0.1681, 0.1676, 0.1667, 0.1706, 0.1504,
        0.1355, 0.1651, 0.1782, 0.1751, 0.1688, 0.1424, 0.1716, 0.1497, 0.1822,
        0.2008, 0.1471, 0.1662, 0.1833, 0.1208, 0.1348, 0.1794, 0.1534, 0.1698,
        0.1306, 0.1760, 0.1676, 0.1350, 0.1839, 0.1514, 0.1671, 0.1450, 0.1707,
        0.1912, 0.2081, 0.1537, 0.1532, 0.1786, 0.1524, 0.1781, 0.1600, 0.1761,
        0.1369, 0.1513, 0.1705, 0.1626])

Name: res_block_9.bn1.bias | Shape: [256]
Values:
tensor([-0.1223, -0.1511, -0.0791, -0.1194, -0.1576, -0.0743, -0.1152, -0.1010,
        -0.1329, -0.1344, -0.1243, -0.1028, -0.1066, -0.1009, -0.1178, -0.1445,
        -0.0871, -0.1219, -0.1154, -0.1239, -0.1127, -0.1114, -0.1007, -0.1003,
        -0.0817, -0.1490, -0.1404, -0.1062, -0.1284, -0.0990, -0.1667, -0.0864,
        -0.1161, -0.1294, -0.1372, -0.1358, -0.1197, -0.1445, -0.1254, -0.0861,
        -0.0924, -0.0621, -0.0929, -0.1197, -0.1259, -0.0853, -0.1095, -0.0984,
        -0.0917, -0.1141, -0.1186, -0.1123, -0.0655, -0.1039, -0.1284, -0.1104,
        -0.1476, -0.1210, -0.1221, -0.1291, -0.1092, -0.0998, -0.0905, -0.1236,
        -0.1263, -0.0868, -0.1276, -0.1385, -0.1444, -0.0870, -0.0724, -0.1499,
        -0.0848, -0.0899, -0.1529, -0.1340, -0.0910, -0.1281, -0.1030, -0.1037,
        -0.0945, -0.0752, -0.1351, -0.0978, -0.1002, -0.0513, -0.0982, -0.1181,
        -0.1472, -0.1015, -0.1200, -0.0833, -0.1402, -0.1346, -0.1345, -0.1275,
        -0.1211, -0.1241, -0.1082, -0.0862, -0.1615, -0.1321, -0.1501, -0.1417,
        -0.0954, -0.0869, -0.0809, -0.1323, -0.0922, -0.1070, -0.0878, -0.1104,
        -0.1300, -0.0999, -0.0497, -0.1145, -0.1177, -0.0976, -0.1370, -0.1146,
        -0.1018, -0.1097, -0.1323, -0.1327, -0.1353, -0.0852, -0.1325, -0.1184,
        -0.1386, -0.1620, -0.0772, -0.1230, -0.1286, -0.1301, -0.1119, -0.1477,
        -0.0950, -0.1044, -0.1208, -0.1446, -0.1144, -0.0781, -0.0911, -0.0968,
        -0.1155, -0.1186, -0.1045, -0.1694, -0.1561, -0.1327, -0.1065, -0.0969,
        -0.0963, -0.1185, -0.0987, -0.1127, -0.1358, -0.1216, -0.1011, -0.0990,
        -0.0847, -0.1458, -0.1017, -0.1095, -0.0983, -0.0360, -0.0622, -0.1313,
        -0.0980, -0.1297, -0.0952, -0.1191, -0.1520, -0.1143, -0.1052, -0.1028,
        -0.1466, -0.1376, -0.1137, -0.0936, -0.1294, -0.1086, -0.1449, -0.0993,
        -0.1165, -0.1312, -0.1349, -0.1319, -0.1072, -0.1054, -0.1540, -0.1467,
        -0.0972, -0.0833, -0.0736, -0.1218, -0.1251, -0.0955, -0.0838, -0.1183,
        -0.0930, -0.1070, -0.1233, -0.1068, -0.1113, -0.1038, -0.0771, -0.1451,
        -0.0922, -0.1153, -0.1106, -0.1113, -0.1276, -0.1225, -0.1101, -0.1135,
        -0.1021, -0.0988, -0.1116, -0.1339, -0.1077, -0.1049, -0.1566, -0.1273,
        -0.1172, -0.1053, -0.0759, -0.1124, -0.1027, -0.1729, -0.1039, -0.1040,
        -0.1254, -0.1442, -0.0869, -0.0992, -0.1378, -0.1161, -0.1338, -0.1059,
        -0.1260, -0.1116, -0.1474, -0.1355, -0.1207, -0.0729, -0.1279, -0.1493,
        -0.1313, -0.1154, -0.1380, -0.1065, -0.1025, -0.1332, -0.1074, -0.1143])

Name: res_block_9.conv2.weight | Shape: [256, 256, 3, 3]
Values:
tensor([[[[-2.9426e-03, -1.0761e-02,  2.0412e-02],
          [ 1.2475e-03,  1.8478e-02, -4.5599e-03],
          [ 1.2998e-02,  9.5098e-03, -8.9680e-03]],

         [[-7.2487e-02, -3.5021e-02,  3.3859e-03],
          [-7.7564e-03, -1.1163e-02,  4.7148e-03],
          [ 2.6473e-03,  4.5725e-03,  2.1349e-02]],

         [[ 4.9797e-03,  1.9405e-02,  2.6115e-02],
          [-2.1877e-02,  6.1691e-04, -3.9618e-03],
          [-1.7898e-02, -9.1813e-03, -1.1755e-02]],

         ...,

         [[-2.2156e-02, -9.4155e-03, -2.6138e-02],
          [-2.1931e-02,  1.3687e-02, -2.2104e-03],
          [-1.2014e-02,  1.1412e-02,  3.0029e-02]],

         [[ 3.8926e-02,  6.3174e-03,  3.3250e-02],
          [ 1.3469e-02, -1.6007e-04,  7.5435e-03],
          [-2.2776e-02,  5.7147e-03, -1.4107e-02]],

         [[-3.2317e-02, -2.2709e-03,  1.9519e-02],
          [-7.8206e-03,  2.8994e-02,  8.1424e-03],
          [ 3.7914e-02,  4.3424e-02,  4.0075e-04]]],


        [[[-1.5312e-02, -1.0003e-02,  2.4710e-03],
          [-1.9751e-03, -1.6807e-02,  1.4236e-02],
          [ 6.3375e-04, -7.4360e-04,  7.1657e-03]],

         [[-3.6031e-03,  1.1434e-04, -4.1861e-03],
          [ 2.8693e-03,  1.9702e-02,  1.2888e-02],
          [ 7.6124e-03,  2.2872e-02,  2.5881e-02]],

         [[-2.0271e-03,  1.4010e-02,  4.0858e-03],
          [-3.3379e-03, -3.7049e-03, -6.6150e-03],
          [-1.1693e-02, -3.5401e-03, -1.4996e-03]],

         ...,

         [[ 1.1383e-02, -2.6237e-03,  1.1581e-02],
          [ 1.5587e-02,  3.3509e-03,  1.9670e-02],
          [ 9.0543e-03,  2.0388e-03,  6.9291e-03]],

         [[-2.1176e-02,  4.9345e-03,  1.6171e-02],
          [-7.0546e-03,  1.8106e-02,  3.9829e-02],
          [-2.7880e-03,  1.6859e-02,  2.0954e-02]],

         [[ 3.2820e-02, -6.4716e-03, -8.5574e-03],
          [ 1.1530e-02, -2.0407e-02, -9.9655e-03],
          [ 3.7444e-03,  9.2586e-03,  7.9172e-03]]],


        [[[ 1.6555e-02, -1.3836e-02, -8.9308e-03],
          [ 9.8822e-04, -8.3557e-03,  7.5673e-04],
          [-1.1579e-02,  3.5417e-05,  2.7217e-02]],

         [[ 1.6343e-02, -2.2346e-02, -6.7353e-04],
          [ 7.0112e-03,  2.2607e-03,  1.3776e-03],
          [-4.8342e-03, -2.6055e-02, -2.0277e-03]],

         [[ 6.4420e-03,  3.0823e-02,  4.4065e-03],
          [ 8.1262e-03,  8.6566e-03,  1.6762e-02],
          [ 1.7884e-02,  3.0601e-02,  1.4154e-02]],

         ...,

         [[-2.5331e-02,  8.6021e-03,  2.3936e-04],
          [-1.2942e-02,  8.6864e-03,  2.9555e-02],
          [ 1.5789e-02,  3.1917e-02,  2.5473e-02]],

         [[ 2.3067e-02,  8.3222e-03, -3.3141e-02],
          [ 4.7213e-03, -2.0158e-03, -2.0680e-02],
          [ 1.3976e-02, -1.2937e-02, -9.6270e-03]],

         [[ 2.2237e-02,  8.2519e-03, -2.2454e-03],
          [-1.5091e-02, -4.5600e-04, -4.3334e-03],
          [ 1.4940e-02,  2.2554e-02, -1.8529e-02]]],


        ...,


        [[[-2.0711e-02, -7.3923e-03, -5.5233e-03],
          [ 8.5405e-04, -2.5138e-02, -8.5851e-03],
          [-1.2612e-02, -9.9751e-03,  1.5426e-02]],

         [[ 2.4157e-04,  1.7447e-02,  1.3301e-02],
          [ 1.2267e-02, -1.5860e-02, -3.0004e-02],
          [-6.9206e-03, -1.7986e-03, -7.7350e-03]],

         [[ 5.4761e-03,  9.1772e-03,  4.5431e-03],
          [-1.5004e-02, -4.1371e-03,  5.2003e-03],
          [ 7.1463e-04, -2.1695e-02, -1.7156e-02]],

         ...,

         [[-7.2444e-03, -1.6066e-03,  4.9927e-03],
          [-2.0899e-02,  1.0789e-02, -3.7287e-03],
          [ 8.2190e-03, -1.6005e-02, -4.2290e-03]],

         [[ 9.2250e-03, -6.3312e-03, -2.9745e-03],
          [ 6.4456e-03, -6.5732e-03, -9.1592e-03],
          [ 7.1170e-03,  1.9366e-02, -1.1674e-02]],

         [[ 1.9193e-02,  1.2366e-02, -4.8164e-02],
          [ 1.0680e-02, -4.1320e-02, -2.8596e-02],
          [-1.8055e-02,  1.7118e-02, -1.1836e-02]]],


        [[[ 6.2802e-03, -1.1090e-02, -2.6675e-03],
          [-6.7216e-03, -8.1277e-03, -5.4063e-03],
          [-1.4557e-02, -1.9111e-02, -1.4050e-02]],

         [[ 5.4715e-03,  5.9241e-03, -8.2647e-03],
          [-7.2532e-04,  9.7516e-03,  3.8476e-03],
          [-1.4100e-02, -1.3424e-02, -9.9811e-03]],

         [[-4.2852e-03,  9.7664e-03,  1.5226e-02],
          [-2.8097e-02, -8.8000e-03,  1.3574e-02],
          [-2.4782e-02, -4.8192e-03,  3.5726e-03]],

         ...,

         [[-2.8004e-03, -2.7280e-03, -4.0630e-03],
          [ 1.6812e-02,  5.0146e-05, -1.5037e-02],
          [ 6.5518e-03,  2.9402e-04, -2.3014e-02]],

         [[ 3.6722e-03, -5.9831e-03,  2.2180e-03],
          [-1.1128e-02, -1.6133e-02,  8.9498e-03],
          [-4.3685e-03,  3.6025e-03,  1.8821e-02]],

         [[ 5.3799e-03, -1.1036e-02,  8.8428e-03],
          [-6.5943e-03, -7.7885e-03,  8.7563e-03],
          [ 2.9701e-03, -1.1718e-02,  1.4649e-02]]],


        [[[-7.5284e-03, -1.6960e-02,  9.6414e-03],
          [-1.3500e-02, -1.3997e-02,  1.5475e-03],
          [-1.5450e-02, -2.7813e-03,  3.9574e-03]],

         [[-1.0962e-02, -1.7908e-02, -1.7750e-02],
          [ 1.2116e-02, -2.7777e-03, -3.2224e-03],
          [-4.2938e-03,  5.2927e-03,  1.5104e-02]],

         [[-6.4811e-03, -1.0389e-04,  8.0894e-03],
          [-6.4199e-03, -3.9598e-03, -3.0063e-03],
          [-1.3946e-03, -5.8502e-04,  2.9169e-03]],

         ...,

         [[-4.0047e-03,  7.8199e-03,  8.5146e-03],
          [-2.1425e-02, -4.0532e-03,  1.1376e-03],
          [-3.7728e-02, -1.2738e-02,  1.2720e-02]],

         [[ 7.5158e-03, -1.0284e-02, -9.6306e-03],
          [-2.7043e-03, -6.4924e-03,  6.4296e-03],
          [ 3.5633e-03, -1.7811e-03,  1.4172e-03]],

         [[-1.1633e-02, -1.5664e-02,  1.2592e-02],
          [ 3.3078e-03, -5.6181e-03, -1.9472e-03],
          [ 8.3218e-04,  7.6113e-03,  3.3026e-03]]]])

Name: res_block_9.conv2.bias | Shape: [256]
Values:
tensor([-5.6696e-04,  8.4081e-04, -4.0504e-04,  5.9885e-04,  9.8296e-04,
         1.1961e-03,  1.6528e-03,  5.5624e-04, -1.6949e-04,  4.5248e-04,
        -1.0996e-04, -1.3728e-03,  4.7904e-04,  5.5036e-04, -5.5043e-04,
         1.7491e-03, -9.2324e-04, -1.2840e-03,  5.4731e-04, -1.1238e-03,
         5.7383e-04, -1.3573e-03,  1.0056e-03, -1.9038e-03,  3.0895e-04,
         2.0664e-04, -1.7286e-03,  1.0068e-03, -9.9426e-04, -1.2516e-03,
         7.4439e-04, -1.6924e-03,  1.2912e-03,  1.3095e-03,  1.2166e-03,
        -5.3165e-04, -4.0401e-04, -1.6792e-03, -1.8302e-03,  1.5814e-03,
        -1.5264e-03, -5.7875e-04, -1.8943e-03, -7.4161e-04, -1.1631e-03,
        -9.6185e-04, -5.2255e-04, -1.4384e-03,  7.0979e-04, -3.7532e-04,
        -1.1570e-03,  2.5126e-04, -1.0830e-03,  9.2674e-04, -1.5048e-03,
        -1.2342e-03,  1.2569e-03, -5.1622e-04, -4.3082e-04,  1.7835e-03,
         1.8808e-03, -1.8769e-04, -3.7394e-04,  9.3718e-04,  1.0974e-03,
        -1.1921e-03, -7.0239e-04, -6.5204e-04,  1.3875e-04,  1.8954e-03,
         4.8165e-04,  6.9472e-04, -1.3740e-03, -9.2647e-05,  1.2206e-03,
        -1.6045e-03, -8.7469e-04,  1.0487e-03, -9.8471e-04, -6.3472e-05,
         1.6019e-03,  1.6090e-03,  2.4231e-05,  1.9389e-03,  5.2939e-04,
         1.3981e-03,  1.2033e-03,  1.6998e-03, -1.0222e-03,  1.9715e-03,
         1.6074e-03,  5.0092e-04, -1.7090e-04,  1.2536e-03, -1.5968e-03,
        -8.4389e-04, -1.0934e-03, -1.2610e-03, -1.2362e-04, -3.3872e-04,
         6.6567e-04,  9.9377e-04,  7.9537e-04,  3.9106e-04, -7.8355e-04,
         7.5492e-04, -3.5991e-04,  4.6030e-04, -3.6341e-04,  1.5795e-03,
        -8.2348e-04,  7.2749e-04,  1.5411e-03,  9.6521e-05, -1.4887e-03,
         1.7756e-03, -1.2714e-03, -1.8422e-03, -5.5883e-04, -7.2269e-04,
        -1.0103e-04, -1.5288e-03,  8.0212e-05,  1.3911e-04, -1.0724e-03,
         1.0072e-03,  7.0739e-04, -5.9808e-04, -7.1454e-04, -1.5117e-03,
         6.6158e-04,  1.5710e-03,  3.6310e-04, -1.0291e-03, -1.6500e-03,
         4.7662e-04,  8.0126e-04,  7.2794e-04,  1.3238e-03, -8.8253e-04,
        -1.2351e-03, -6.1019e-04, -1.1768e-03, -7.2064e-04,  1.2675e-03,
         1.0547e-03,  2.7059e-04, -1.4923e-03, -2.3478e-04, -1.2465e-03,
         2.4275e-04,  2.8432e-04,  1.5512e-03, -5.8410e-04,  1.0043e-03,
        -1.9373e-03, -1.8883e-03, -2.4680e-04,  9.0809e-04, -1.7475e-03,
         1.7393e-03,  1.7986e-03, -8.2783e-04,  5.0747e-04, -2.1173e-04,
         1.6591e-03,  9.4284e-04, -7.4059e-04,  9.2054e-04, -1.2705e-03,
         5.6908e-04, -1.0882e-03, -1.0683e-03,  1.9199e-03, -5.1238e-04,
        -7.9170e-04, -1.1419e-03,  1.9356e-03, -1.2371e-03,  2.0523e-04,
        -3.0867e-04, -8.2842e-05, -2.2458e-04,  3.2988e-04, -6.6644e-04,
         1.7761e-03,  1.1629e-03,  4.5032e-04, -1.6838e-03,  1.1798e-03,
         1.3112e-04, -2.1273e-04, -1.2016e-03,  3.4834e-04,  3.3594e-04,
        -8.0123e-04,  1.4304e-03,  1.7358e-03,  1.2933e-03,  5.2283e-04,
        -1.0458e-03,  9.9763e-04, -3.8110e-04, -8.9908e-04,  1.7171e-03,
         9.9455e-05,  4.6531e-04,  1.7821e-03,  2.3914e-04,  1.0558e-03,
        -1.4229e-03,  1.1815e-03, -1.2171e-03, -1.1368e-03,  1.9059e-03,
         1.3910e-03, -1.6483e-03,  1.7107e-03,  1.5033e-03,  1.5689e-04,
         1.6801e-03,  1.4086e-04,  1.7679e-04, -1.2580e-03, -1.3842e-03,
        -1.1466e-03, -6.0453e-04,  7.6988e-04,  8.1425e-04, -3.7765e-04,
         1.7886e-03,  8.2377e-04,  8.1567e-04,  9.2695e-04, -4.4563e-04,
         9.3931e-04, -1.5104e-03,  6.4715e-04, -5.6605e-04,  7.2318e-04,
        -5.8039e-04, -4.2637e-04,  1.0436e-03, -3.1167e-04, -1.4410e-03,
        -1.1245e-03,  1.6200e-03,  1.3874e-03, -1.5291e-03,  1.1175e-03,
        -4.6162e-04, -1.2609e-03, -1.1777e-03, -9.9214e-04,  4.2407e-04,
         1.6232e-03])

Name: res_block_9.bn2.weight | Shape: [256]
Values:
tensor([0.1625, 0.1107, 0.2191, 0.1688, 0.1709, 0.1171, 0.1666, 0.1540, 0.1463,
        0.1465, 0.1645, 0.1252, 0.0958, 0.1552, 0.1880, 0.1172, 0.0969, 0.1777,
        0.1361, 0.1407, 0.1433, 0.1789, 0.1830, 0.1468, 0.1267, 0.1069, 0.1389,
        0.1238, 0.1304, 0.1261, 0.1460, 0.1288, 0.1320, 0.1350, 0.1680, 0.1419,
        0.1097, 0.1824, 0.1295, 0.1187, 0.1409, 0.1549, 0.0964, 0.1468, 0.1129,
        0.1599, 0.1323, 0.1439, 0.1161, 0.1689, 0.1821, 0.1436, 0.1137, 0.1447,
        0.1094, 0.1476, 0.1327, 0.1406, 0.1141, 0.1089, 0.1028, 0.0948, 0.1098,
        0.1278, 0.1302, 0.1325, 0.1423, 0.1332, 0.1465, 0.1014, 0.1546, 0.1247,
        0.1392, 0.1305, 0.1421, 0.1560, 0.1247, 0.1355, 0.1490, 0.1367, 0.1446,
        0.1415, 0.1164, 0.1445, 0.1327, 0.1231, 0.1642, 0.1639, 0.1456, 0.1547,
        0.1301, 0.1258, 0.1211, 0.1477, 0.1715, 0.1531, 0.1270, 0.1254, 0.1508,
        0.1218, 0.1510, 0.1462, 0.0627, 0.1355, 0.1338, 0.1411, 0.1347, 0.1667,
        0.1398, 0.1180, 0.1625, 0.1448, 0.1426, 0.0993, 0.0884, 0.1734, 0.1478,
        0.1405, 0.1032, 0.1126, 0.1475, 0.1622, 0.1465, 0.1542, 0.0837, 0.1479,
        0.1884, 0.1408, 0.1203, 0.1142, 0.1329, 0.1536, 0.1272, 0.1153, 0.1369,
        0.1243, 0.1465, 0.1492, 0.1815, 0.1195, 0.1472, 0.1361, 0.1369, 0.1149,
        0.1024, 0.1509, 0.1187, 0.1191, 0.1177, 0.1670, 0.1326, 0.1292, 0.1251,
        0.1387, 0.1238, 0.1591, 0.1369, 0.1501, 0.1307, 0.1077, 0.1478, 0.1609,
        0.1583, 0.1616, 0.1285, 0.1197, 0.1383, 0.0859, 0.0919, 0.1223, 0.1465,
        0.1120, 0.1386, 0.1640, 0.1126, 0.1219, 0.1905, 0.0846, 0.1588, 0.0865,
        0.1342, 0.1180, 0.1376, 0.0973, 0.1344, 0.1256, 0.1502, 0.1263, 0.1341,
        0.1030, 0.1348, 0.1498, 0.1129, 0.1283, 0.1322, 0.1326, 0.1429, 0.1192,
        0.1474, 0.1696, 0.0897, 0.1292, 0.1456, 0.1348, 0.1339, 0.1446, 0.1509,
        0.1797, 0.1775, 0.1491, 0.1487, 0.1135, 0.1468, 0.1302, 0.1581, 0.1558,
        0.1848, 0.1411, 0.1487, 0.1442, 0.1644, 0.1839, 0.1446, 0.1238, 0.1209,
        0.0912, 0.1192, 0.1238, 0.0928, 0.1290, 0.1326, 0.1045, 0.1481, 0.1252,
        0.1540, 0.1119, 0.1368, 0.1210, 0.1311, 0.1240, 0.1098, 0.1126, 0.1383,
        0.1286, 0.1219, 0.1526, 0.0855, 0.1862, 0.1333, 0.1656, 0.1648, 0.1717,
        0.1427, 0.1825, 0.0934, 0.1101])

Name: res_block_9.bn2.bias | Shape: [256]
Values:
tensor([-3.8123e-02, -4.6609e-02, -1.0380e-01, -3.0750e-03, -6.0504e-03,
        -2.7263e-02, -4.2235e-02, -4.3309e-02, -6.2927e-02, -8.6057e-02,
        -9.5497e-02, -7.1137e-03, -8.1358e-02, -4.3098e-02, -2.6587e-02,
        -4.1003e-02, -5.8038e-02, -4.2628e-02, -4.8638e-02,  2.9962e-03,
        -5.1237e-03, -2.7369e-02, -5.8109e-02, -7.5447e-02, -2.6869e-02,
        -5.6874e-02, -5.0915e-02,  9.5459e-04, -7.8955e-02, -5.2071e-02,
        -1.0682e-01, -4.5695e-02, -3.4965e-02, -4.1460e-02, -7.2096e-02,
        -5.7471e-02, -3.3252e-02, -6.7943e-02, -8.1508e-02, -6.5404e-02,
        -2.5303e-02, -6.3771e-02, -5.5226e-02, -6.2456e-02, -5.7274e-02,
        -6.3655e-03, -5.1263e-02, -7.1881e-02, -7.2795e-03, -7.1184e-02,
        -7.4689e-02, -6.9425e-02, -1.5367e-02, -4.3811e-02, -6.0833e-02,
        -6.6001e-02, -3.6754e-02, -3.7081e-02, -2.9208e-02, -6.4753e-02,
        -1.8733e-03, -4.0587e-02, -5.0777e-02, -2.3237e-02, -8.3011e-02,
         4.0401e-03, -4.5553e-02, -3.1342e-02, -2.4274e-02,  7.7275e-03,
        -3.9500e-02, -7.7614e-02, -7.9355e-02, -4.4777e-02, -2.3419e-02,
        -8.8328e-02, -3.3518e-02, -3.9406e-02, -6.2137e-02, -9.6977e-02,
        -6.3795e-02, -4.8731e-02, -7.4352e-02, -7.7320e-02, -6.9500e-02,
        -3.2985e-02, -7.7147e-02, -7.1509e-02, -5.6244e-02, -5.9175e-02,
        -1.8466e-02, -9.4030e-02, -6.6626e-04, -7.6291e-02, -2.8007e-02,
        -6.0806e-02,  9.6337e-03, -4.6948e-02, -2.6028e-02, -7.8844e-02,
        -6.0472e-02, -1.3718e-02, -1.1222e-02, -7.3126e-02, -6.2933e-02,
        -8.5541e-02, -3.9257e-03, -1.3771e-02, -9.8269e-02, -5.2920e-02,
        -8.2590e-02, -8.1800e-02, -2.5614e-02, -4.6463e-02,  4.9347e-03,
        -1.2787e-01, -3.6033e-02, -4.9084e-02,  4.9362e-02, -3.4222e-02,
        -2.0674e-02, -5.7304e-02, -7.8891e-02, -7.8309e-02, -5.6040e-03,
        -7.7339e-02, -9.0484e-02, -5.1560e-02, -6.6549e-02, -4.1773e-02,
        -5.9823e-02, -5.4674e-02, -4.6976e-02, -4.5098e-02, -8.1621e-03,
        -2.6390e-02, -6.2778e-02, -9.5843e-03, -2.6495e-02, -3.6570e-02,
        -5.4225e-02, -2.4847e-02, -6.4501e-02, -5.3113e-02, -7.2904e-02,
        -7.5504e-02, -1.9422e-03, -4.1827e-02, -3.3579e-02, -5.8475e-02,
        -4.3784e-02, -6.2766e-03, -4.2163e-02, -4.2875e-02, -4.0137e-02,
        -3.7519e-02, -1.7257e-03, -3.9756e-02, -7.8138e-02,  1.2522e-02,
        -6.7644e-02, -9.6279e-02, -6.6125e-02, -5.1228e-02, -7.0401e-02,
        -1.0669e-01, -5.6158e-02,  1.4553e-02, -4.4436e-02, -7.2127e-02,
        -1.0815e-01, -1.4064e-02, -7.6309e-02, -2.8858e-02,  1.1882e-02,
        -4.7060e-02, -5.7029e-02, -6.8756e-02, -6.0227e-02, -5.4336e-02,
        -1.8163e-02, -6.2435e-02, -1.7517e-02, -4.4987e-02, -6.4197e-02,
        -4.4292e-02, -5.3952e-02, -3.2815e-02, -9.0266e-03, -3.8757e-02,
        -5.8718e-02, -4.1216e-02, -6.1764e-02, -9.3030e-02,  6.6057e-03,
        -4.4142e-02, -8.1849e-02, -7.6179e-02, -5.5585e-02, -8.7365e-02,
        -2.5033e-02,  2.4690e-02, -5.1982e-03, -6.0331e-02, -6.1534e-02,
        -3.9795e-02, -3.4440e-04, -5.8565e-02, -5.9548e-02, -8.1510e-02,
        -5.9124e-02, -3.8186e-02, -4.8137e-02, -4.0907e-02, -5.3214e-03,
        -5.6299e-02, -1.0866e-01,  5.5317e-02, -4.9147e-02, -3.9098e-02,
        -4.4274e-02, -7.2711e-02, -4.4271e-02, -3.4609e-02, -5.5548e-02,
        -8.3708e-03, -2.9690e-02, -6.7166e-03, -1.7415e-02, -2.5488e-02,
        -6.7756e-02, -7.7051e-02, -1.7114e-02, -8.8680e-02, -6.5864e-02,
        -1.1475e-01, -1.0856e-01, -2.1767e-02, -3.0307e-02, -2.3984e-02,
        -8.4278e-02, -7.0657e-02, -4.5404e-05, -3.7317e-02, -3.7355e-02,
        -6.5079e-02, -2.9969e-02, -4.2303e-02, -6.4872e-02, -7.3026e-02,
        -9.0404e-02, -4.0805e-02, -3.0843e-02, -4.6918e-03, -4.6421e-02,
        -6.3793e-02])

Name: res_block_10.conv1.weight | Shape: [256, 256, 3, 3]
Values:
tensor([[[[ 0.0260,  0.0191,  0.0125],
          [ 0.0108, -0.0177, -0.0090],
          [-0.0063,  0.0006, -0.0062]],

         [[ 0.0146,  0.0003, -0.0305],
          [ 0.0010,  0.0137, -0.0101],
          [ 0.0344,  0.0121,  0.0149]],

         [[ 0.0039, -0.0153,  0.0168],
          [-0.0038, -0.0129,  0.0026],
          [-0.0066, -0.0012,  0.0040]],

         ...,

         [[-0.0153,  0.0160,  0.0080],
          [-0.0144, -0.0183, -0.0067],
          [-0.0043, -0.0167, -0.0259]],

         [[-0.0089, -0.0031, -0.0018],
          [-0.0048, -0.0078, -0.0076],
          [-0.0093, -0.0142, -0.0167]],

         [[-0.0098,  0.0135,  0.0347],
          [-0.0048,  0.0164,  0.0025],
          [-0.0061,  0.0014,  0.0126]]],


        [[[-0.0202,  0.0093, -0.0007],
          [-0.0327, -0.0229, -0.0008],
          [-0.0355, -0.0332, -0.0066]],

         [[ 0.0351,  0.0214,  0.0096],
          [ 0.0053,  0.0048, -0.0175],
          [ 0.0094, -0.0018,  0.0277]],

         [[-0.0082, -0.0227, -0.0113],
          [-0.0341, -0.0111,  0.0070],
          [-0.0131,  0.0011,  0.0004]],

         ...,

         [[-0.0044,  0.0034, -0.0076],
          [-0.0118,  0.0062,  0.0048],
          [ 0.0172, -0.0039,  0.0198]],

         [[-0.0011, -0.0020, -0.0142],
          [ 0.0004,  0.0289, -0.0005],
          [ 0.0117, -0.0090,  0.0172]],

         [[-0.0212, -0.0158, -0.0162],
          [-0.0212, -0.0015, -0.0011],
          [-0.0081, -0.0194, -0.0013]]],


        [[[ 0.0318,  0.0133,  0.0161],
          [ 0.0229,  0.0228,  0.0268],
          [ 0.0227,  0.0143,  0.0057]],

         [[ 0.0078, -0.0020, -0.0064],
          [-0.0027, -0.0157, -0.0124],
          [ 0.0028, -0.0081, -0.0292]],

         [[-0.0137,  0.0101, -0.0086],
          [ 0.0081,  0.0104,  0.0339],
          [ 0.0298,  0.0259,  0.0194]],

         ...,

         [[-0.0259, -0.0082, -0.0248],
          [ 0.0010, -0.0131, -0.0107],
          [-0.0038,  0.0121,  0.0191]],

         [[-0.0060,  0.0037,  0.0346],
          [-0.0185, -0.0052,  0.0037],
          [-0.0269, -0.0103, -0.0127]],

         [[-0.0352, -0.0065, -0.0111],
          [-0.0317,  0.0114, -0.0037],
          [-0.0263,  0.0192,  0.0121]]],


        ...,


        [[[-0.0178, -0.0148,  0.0275],
          [-0.0330, -0.0126, -0.0243],
          [-0.0210, -0.0146,  0.0049]],

         [[-0.0164,  0.0078,  0.0065],
          [ 0.0014,  0.0125, -0.0231],
          [-0.0173,  0.0104, -0.0185]],

         [[ 0.0010, -0.0039,  0.0125],
          [ 0.0048,  0.0038, -0.0186],
          [-0.0064, -0.0082, -0.0171]],

         ...,

         [[ 0.0436, -0.0203, -0.0072],
          [-0.0148,  0.0069, -0.0126],
          [ 0.0072, -0.0216,  0.0139]],

         [[-0.0081, -0.0174, -0.0043],
          [-0.0155, -0.0211, -0.0285],
          [-0.0109, -0.0231, -0.0274]],

         [[ 0.0042, -0.0138, -0.0199],
          [-0.0151,  0.0035, -0.0234],
          [ 0.0076, -0.0153, -0.0271]]],


        [[[ 0.0364,  0.0338,  0.0087],
          [ 0.0043,  0.0056,  0.0009],
          [ 0.0035,  0.0125,  0.0174]],

         [[ 0.0188, -0.0129,  0.0138],
          [ 0.0067,  0.0048,  0.0133],
          [ 0.0158,  0.0028,  0.0218]],

         [[-0.0021, -0.0091, -0.0057],
          [ 0.0156, -0.0049, -0.0094],
          [ 0.0161,  0.0032,  0.0164]],

         ...,

         [[ 0.0089, -0.0061, -0.0045],
          [ 0.0078,  0.0242,  0.0115],
          [-0.0028,  0.0004, -0.0137]],

         [[-0.0350, -0.0090,  0.0032],
          [-0.0023, -0.0110,  0.0210],
          [-0.0035, -0.0125,  0.0030]],

         [[-0.0027, -0.0044, -0.0251],
          [-0.0092, -0.0081,  0.0189],
          [ 0.0029,  0.0010, -0.0021]]],


        [[[ 0.0031, -0.0157, -0.0114],
          [-0.0033, -0.0116, -0.0006],
          [ 0.0060, -0.0003,  0.0198]],

         [[-0.0054, -0.0090, -0.0178],
          [-0.0136,  0.0065,  0.0036],
          [ 0.0092, -0.0257,  0.0113]],

         [[-0.0011, -0.0171,  0.0166],
          [ 0.0384,  0.0131,  0.0269],
          [ 0.0403,  0.0163,  0.0360]],

         ...,

         [[-0.0224, -0.0160, -0.0066],
          [-0.0169,  0.0058, -0.0111],
          [-0.0060,  0.0019,  0.0168]],

         [[-0.0122, -0.0230,  0.0009],
          [-0.0143, -0.0126,  0.0096],
          [-0.0016, -0.0034,  0.0157]],

         [[ 0.0122, -0.0030,  0.0053],
          [-0.0058, -0.0033,  0.0202],
          [ 0.0058, -0.0121,  0.0200]]]])

Name: res_block_10.conv1.bias | Shape: [256]
Values:
tensor([ 1.4085e-03, -1.4062e-03,  1.6498e-03,  1.4045e-03, -6.8359e-04,
        -2.2041e-04, -8.2073e-05,  1.6910e-03,  7.2259e-04,  3.1403e-05,
         1.0485e-03,  1.4377e-03, -7.1466e-04,  8.7023e-04,  1.6881e-03,
        -5.9920e-04,  4.7794e-04,  3.1870e-04, -9.7818e-04, -8.9908e-04,
         1.3437e-03,  1.6735e-03,  6.1849e-04, -9.6582e-04,  8.6316e-04,
        -1.8610e-03,  1.8470e-03, -8.0457e-04,  1.1369e-03,  1.3831e-03,
        -6.7000e-04, -4.1587e-04, -1.8544e-04,  9.9862e-04,  1.6443e-03,
        -1.5793e-03,  1.3756e-03, -1.8429e-03, -1.8559e-03, -2.7398e-06,
         2.4443e-04, -1.0832e-03, -9.8702e-04,  5.5135e-04, -1.5990e-04,
         1.2805e-03,  1.4519e-03,  1.2105e-03, -1.5505e-03,  1.0720e-03,
         9.8374e-04, -1.6300e-03,  1.9116e-03, -3.4301e-04,  6.3288e-04,
        -4.3249e-04, -8.5538e-04, -8.5937e-04, -1.7690e-03, -1.2018e-03,
        -1.7294e-03, -7.9053e-05,  7.0088e-04,  7.6673e-04,  8.4162e-04,
         1.0512e-03,  1.1157e-03, -1.2604e-04,  4.8933e-04,  1.8538e-03,
        -3.0551e-05,  7.6702e-04,  1.7566e-03, -1.7677e-03, -3.8034e-04,
         1.6587e-03, -1.3339e-03, -9.6844e-04, -7.2015e-04, -1.6885e-04,
         1.0374e-03, -6.1525e-04,  7.1022e-04,  1.6601e-03, -5.0771e-04,
        -8.0473e-04,  1.6169e-03, -1.4753e-03, -1.5916e-03,  1.3174e-03,
        -4.6786e-04,  1.5450e-03, -7.5112e-04,  5.7431e-04,  1.9458e-03,
        -5.3686e-04,  1.9401e-03, -1.8539e-03, -1.6013e-03,  5.0472e-04,
         1.7369e-04, -1.9291e-04,  1.5613e-03, -1.6738e-03, -9.4320e-04,
         1.6680e-03, -2.7842e-04,  1.9205e-03,  1.2973e-03, -1.6942e-03,
         3.4445e-04,  1.3320e-04,  1.3731e-04, -4.5665e-04,  7.7609e-04,
        -3.1985e-04, -1.0803e-03, -1.2253e-03, -1.8099e-03, -7.1701e-04,
         1.1574e-03,  1.2278e-03, -1.5270e-03,  7.1262e-04, -1.3068e-03,
        -2.5335e-04, -6.9691e-04, -1.3298e-04, -1.4907e-03,  6.7268e-05,
         5.0700e-04,  1.0686e-03, -1.4127e-03, -3.7534e-04, -6.5740e-04,
        -1.4108e-03,  6.5934e-04,  1.7472e-03,  9.7453e-04, -1.6309e-03,
         1.2282e-03, -5.9415e-04,  1.9644e-03, -1.0912e-03,  1.3806e-03,
        -1.4850e-03,  3.2099e-04,  1.6174e-03, -1.6878e-03, -6.3743e-04,
         1.8443e-03,  1.8501e-03, -1.4564e-03,  4.9023e-04,  8.4918e-04,
         2.9625e-04,  1.6550e-03,  2.2468e-04, -1.2193e-03, -4.9038e-04,
         1.0855e-04,  1.8652e-03,  1.5349e-03, -9.4944e-05,  1.6640e-03,
        -2.7162e-04, -1.1006e-03,  1.0033e-03, -3.5872e-04,  3.9136e-04,
         9.1197e-04,  5.4445e-04,  4.7751e-04,  1.6128e-03, -7.3434e-04,
        -6.5557e-05,  1.8268e-03,  1.0149e-03,  7.6822e-04,  1.4992e-03,
        -1.1245e-03,  1.4518e-03, -7.0407e-04, -1.8288e-03,  8.4853e-04,
         5.9478e-05,  1.9681e-04, -8.1537e-04, -6.1608e-04, -4.1627e-04,
         1.5060e-03,  4.7671e-04, -1.1384e-03, -2.4749e-04, -1.6019e-03,
        -3.2076e-04, -1.4315e-03, -2.0704e-04, -8.7812e-04,  1.9011e-03,
        -1.6234e-03, -1.3487e-03,  1.7500e-03, -2.8025e-04, -1.5997e-03,
        -9.4378e-04, -9.8930e-05, -1.7577e-03,  1.1530e-06,  1.1913e-03,
        -4.9935e-04, -3.4530e-04, -2.3555e-04,  1.8980e-03, -1.6315e-03,
        -1.3469e-03, -5.4499e-04,  1.5664e-03,  5.2080e-04, -1.4164e-03,
        -6.3695e-04,  1.2557e-03, -1.0394e-03, -1.2078e-03, -1.4895e-03,
         1.5308e-03,  1.6362e-03,  1.7353e-03,  1.0410e-03,  6.5000e-04,
         3.1066e-04, -1.5372e-03, -5.4344e-04,  3.8099e-04, -1.8509e-03,
        -1.9560e-03,  1.2004e-03, -9.8128e-05, -6.7452e-04,  6.6134e-04,
        -1.0193e-03, -7.0765e-04, -1.8665e-03,  2.0498e-04, -1.1929e-03,
        -1.0420e-04, -1.7258e-03,  1.4536e-03,  5.5834e-04, -4.4682e-05,
        -1.6213e-03, -1.6629e-03,  3.9466e-04,  7.9833e-04, -6.1478e-04,
         5.2810e-04])

Name: res_block_10.bn1.weight | Shape: [256]
Values:
tensor([0.1302, 0.1643, 0.1528, 0.1090, 0.1720, 0.1886, 0.1914, 0.1706, 0.1658,
        0.1880, 0.1714, 0.1629, 0.1770, 0.1463, 0.1919, 0.1646, 0.1609, 0.1390,
        0.1508, 0.1409, 0.1526, 0.1779, 0.1221, 0.1614, 0.1409, 0.1900, 0.1564,
        0.1607, 0.1191, 0.1851, 0.1738, 0.1657, 0.1433, 0.1774, 0.1687, 0.1918,
        0.1548, 0.1381, 0.1523, 0.1556, 0.1572, 0.1241, 0.1589, 0.1640, 0.1379,
        0.1739, 0.1714, 0.1755, 0.1667, 0.1771, 0.1577, 0.1523, 0.1846, 0.1855,
        0.1624, 0.1653, 0.1590, 0.1369, 0.1906, 0.1552, 0.1710, 0.1966, 0.1274,
        0.1717, 0.1519, 0.1641, 0.1573, 0.1390, 0.1506, 0.1454, 0.1658, 0.1583,
        0.1658, 0.1518, 0.1693, 0.1554, 0.1359, 0.1774, 0.1398, 0.1341, 0.1766,
        0.1798, 0.1662, 0.1584, 0.1489, 0.1701, 0.1350, 0.1338, 0.1695, 0.1549,
        0.1888, 0.1325, 0.1769, 0.1595, 0.1474, 0.1754, 0.1680, 0.1154, 0.1515,
        0.1605, 0.1747, 0.1370, 0.1451, 0.1682, 0.1762, 0.1544, 0.1844, 0.1633,
        0.1695, 0.1726, 0.1111, 0.1384, 0.1473, 0.1650, 0.1269, 0.1800, 0.1530,
        0.1582, 0.1306, 0.1638, 0.1828, 0.1894, 0.1569, 0.1761, 0.1468, 0.1374,
        0.1344, 0.1651, 0.1666, 0.1547, 0.1726, 0.1198, 0.1935, 0.1445, 0.1512,
        0.1679, 0.1548, 0.1773, 0.1635, 0.1278, 0.1823, 0.1831, 0.1520, 0.1674,
        0.1909, 0.1669, 0.1537, 0.1680, 0.1608, 0.1374, 0.1646, 0.1567, 0.1604,
        0.1750, 0.1344, 0.1819, 0.1547, 0.1446, 0.1609, 0.1915, 0.1488, 0.1601,
        0.2001, 0.1627, 0.1470, 0.1537, 0.1724, 0.1424, 0.1737, 0.1593, 0.1661,
        0.1610, 0.1565, 0.1878, 0.1452, 0.1706, 0.1516, 0.1733, 0.1519, 0.1719,
        0.1544, 0.1268, 0.1585, 0.1488, 0.1559, 0.1555, 0.1686, 0.1824, 0.1659,
        0.1719, 0.1751, 0.1680, 0.1844, 0.1798, 0.1442, 0.1789, 0.1793, 0.1947,
        0.1922, 0.1455, 0.1664, 0.1501, 0.1735, 0.1724, 0.1388, 0.1634, 0.1412,
        0.1565, 0.2063, 0.1626, 0.1952, 0.1509, 0.1395, 0.1453, 0.1789, 0.1579,
        0.1582, 0.1753, 0.1912, 0.1437, 0.1536, 0.1421, 0.1569, 0.1071, 0.1905,
        0.1561, 0.1640, 0.1418, 0.1548, 0.1647, 0.1655, 0.1486, 0.1643, 0.1437,
        0.1908, 0.1671, 0.1825, 0.1325, 0.1438, 0.1680, 0.1423, 0.1590, 0.1554,
        0.1612, 0.1336, 0.1691, 0.1294, 0.1574, 0.1725, 0.1690, 0.1622, 0.1652,
        0.1555, 0.1236, 0.1388, 0.1431])

Name: res_block_10.bn1.bias | Shape: [256]
Values:
tensor([-0.0957, -0.1529, -0.1642, -0.1096, -0.0948, -0.1065, -0.1780, -0.1084,
        -0.1112, -0.0992, -0.0950, -0.1209, -0.1573, -0.1121, -0.0998, -0.0902,
        -0.1392, -0.1085, -0.1124, -0.1197, -0.1195, -0.1413, -0.1006, -0.1407,
        -0.1557, -0.1014, -0.1210, -0.1299, -0.1002, -0.1335, -0.1055, -0.0964,
        -0.1070, -0.1322, -0.1136, -0.0975, -0.1084, -0.1008, -0.1318, -0.1131,
        -0.1214, -0.0738, -0.1321, -0.1139, -0.1077, -0.1010, -0.0885, -0.0952,
        -0.1455, -0.1254, -0.1189, -0.1463, -0.1066, -0.1132, -0.1088, -0.1108,
        -0.1196, -0.0857, -0.1012, -0.0502, -0.0849, -0.1411, -0.1575, -0.1155,
        -0.1036, -0.1051, -0.0969, -0.1018, -0.0965, -0.0942, -0.1477, -0.1105,
        -0.1095, -0.1168, -0.0826, -0.0750, -0.1162, -0.1061, -0.1045, -0.1131,
        -0.1539, -0.1040, -0.1022, -0.1130, -0.0979, -0.1108, -0.1324, -0.1106,
        -0.1082, -0.1404, -0.1094, -0.0938, -0.1246, -0.1396, -0.0731, -0.1406,
        -0.0885, -0.1149, -0.1155, -0.1037, -0.1224, -0.0715, -0.1425, -0.1170,
        -0.1062, -0.1143, -0.1122, -0.1041, -0.1273, -0.1266, -0.0906, -0.1442,
        -0.0718, -0.1309, -0.1192, -0.0943, -0.1296, -0.1104, -0.1022, -0.1132,
        -0.0642, -0.1064, -0.0813, -0.1334, -0.0933, -0.1051, -0.0658, -0.1463,
        -0.0936, -0.1016, -0.1230, -0.1189, -0.1191, -0.0607, -0.0791, -0.1070,
        -0.1070, -0.1392, -0.1510, -0.1136, -0.1061, -0.1313, -0.0838, -0.1432,
        -0.1080, -0.1092, -0.1261, -0.0841, -0.1220, -0.0898, -0.0972, -0.0869,
        -0.0717, -0.1293, -0.0941, -0.0984, -0.0686, -0.0865, -0.1168, -0.0890,
        -0.1125, -0.1268, -0.1268, -0.1422, -0.1083, -0.1294, -0.0887, -0.1358,
        -0.1052, -0.1237, -0.1478, -0.1317, -0.1269, -0.0990, -0.0730, -0.0972,
        -0.1255, -0.0924, -0.0993, -0.0966, -0.1480, -0.1349, -0.0682, -0.1407,
        -0.0970, -0.0881, -0.1270, -0.1423, -0.1088, -0.1043, -0.0892, -0.1297,
        -0.0942, -0.0679, -0.1321, -0.1074, -0.1394, -0.1197, -0.1340, -0.1021,
        -0.1139, -0.1254, -0.1188, -0.1412, -0.1300, -0.1143, -0.1133, -0.0902,
        -0.1183, -0.0820, -0.0967, -0.1410, -0.0818, -0.0916, -0.1063, -0.0892,
        -0.1205, -0.1202, -0.1420, -0.0898, -0.1108, -0.1307, -0.1099, -0.1113,
        -0.1886, -0.0972, -0.1053, -0.1018, -0.1305, -0.1275, -0.1263, -0.1030,
        -0.1036, -0.0845, -0.1201, -0.1115, -0.1939, -0.1152, -0.1435, -0.1116,
        -0.1026, -0.1034, -0.1287, -0.1147, -0.1108, -0.1225, -0.1306, -0.1303,
        -0.1117, -0.1509, -0.0992, -0.0714, -0.0936, -0.1118, -0.1151, -0.1115])

Name: res_block_10.conv2.weight | Shape: [256, 256, 3, 3]
Values:
tensor([[[[ 7.7958e-03,  7.4229e-03, -5.7458e-03],
          [ 1.2189e-02,  6.0654e-03,  5.5271e-03],
          [ 1.2033e-02,  1.0363e-02, -1.9519e-03]],

         [[ 1.6654e-02,  1.9788e-03,  3.7210e-03],
          [ 2.1546e-02,  2.3348e-02,  1.2150e-02],
          [ 2.1364e-02,  1.4570e-02,  9.4458e-03]],

         [[-9.0726e-03, -2.0572e-02, -5.8466e-03],
          [-7.6109e-03, -2.2825e-02, -1.3620e-02],
          [-1.4686e-02, -2.7507e-02, -1.0642e-02]],

         ...,

         [[ 7.1904e-03,  5.0766e-03,  2.4492e-02],
          [ 3.0075e-02,  3.1896e-02, -3.0653e-04],
          [ 3.9817e-02,  2.6289e-02,  8.0092e-04]],

         [[-5.0806e-03,  1.2529e-02,  3.1237e-03],
          [-1.0005e-02, -1.3189e-02,  2.1039e-03],
          [-3.6856e-03, -1.4657e-02, -1.5804e-02]],

         [[-1.0469e-02, -1.6105e-02,  1.5108e-02],
          [ 2.1554e-02, -8.0581e-03,  8.3576e-03],
          [ 1.1024e-02, -2.5596e-03,  3.9794e-03]]],


        [[[-6.0514e-03,  1.7474e-02,  7.2071e-03],
          [-3.2548e-04,  5.0358e-03,  3.4771e-04],
          [ 1.0794e-02,  5.6016e-03,  1.0310e-02]],

         [[-4.5976e-03, -2.2144e-03,  4.4805e-03],
          [-1.0495e-02, -9.9719e-03, -1.2253e-02],
          [-5.3660e-03, -8.5119e-03, -1.8838e-03]],

         [[-3.2765e-02, -2.9790e-02, -2.9005e-02],
          [-6.2893e-03, -4.9221e-03, -2.2890e-03],
          [ 6.2147e-03, -2.5606e-03,  1.0410e-02]],

         ...,

         [[-8.9220e-03, -2.3394e-02, -8.8937e-03],
          [ 1.4097e-03, -1.6989e-02, -3.1977e-03],
          [ 7.5907e-03, -2.6372e-03, -2.1614e-03]],

         [[-1.0690e-02, -2.7794e-02,  7.5268e-05],
          [ 2.4989e-04, -1.1500e-02,  7.9875e-03],
          [ 3.1549e-04, -1.0318e-02, -3.4166e-03]],

         [[-1.1825e-02,  5.2362e-03,  3.1951e-03],
          [-1.2730e-02, -1.1024e-03, -9.7213e-03],
          [-3.1484e-03, -1.6029e-02, -2.0096e-02]]],


        [[[-8.1594e-03,  1.1138e-02,  1.7840e-02],
          [-2.0349e-02, -1.3741e-02, -2.0873e-02],
          [-3.1011e-03, -7.9281e-03, -1.7559e-02]],

         [[ 1.4481e-02,  8.7621e-03,  2.2747e-02],
          [-1.0969e-02,  1.1562e-02,  1.5907e-02],
          [-1.0453e-04,  6.7870e-03,  3.4033e-02]],

         [[-1.5461e-02, -2.2111e-03, -1.7125e-02],
          [ 4.8883e-03,  9.8586e-04, -1.0132e-02],
          [-5.8873e-03,  1.7768e-03,  5.3098e-04]],

         ...,

         [[ 7.6098e-04, -1.6772e-03,  1.1955e-02],
          [-3.5596e-03,  4.2839e-03,  2.4954e-03],
          [ 3.9906e-03, -1.3110e-02,  8.4112e-03]],

         [[ 5.6529e-03,  1.9273e-05, -1.7921e-03],
          [-9.4697e-04,  5.9747e-03,  4.4447e-03],
          [ 1.1375e-02,  2.1833e-02,  9.4031e-03]],

         [[-2.0308e-02,  1.7755e-02, -5.2416e-04],
          [ 6.1070e-03, -3.1050e-03, -4.3708e-03],
          [ 8.4045e-03,  4.8307e-03,  1.7560e-03]]],


        ...,


        [[[-2.3019e-02,  1.1898e-02, -3.4875e-03],
          [ 1.3156e-02,  2.0729e-02,  2.5881e-02],
          [-1.5695e-02,  9.6548e-03,  2.0119e-02]],

         [[-1.7769e-03, -1.3038e-03, -6.8450e-03],
          [ 1.5388e-02, -1.1950e-02,  7.2741e-03],
          [-2.9255e-02, -1.1319e-03, -1.0906e-02]],

         [[-1.9400e-02,  4.7718e-03, -1.5271e-03],
          [-1.0397e-03, -5.6804e-03,  6.7073e-03],
          [-1.8046e-02, -1.4324e-02, -8.0317e-03]],

         ...,

         [[ 2.2855e-02,  2.1033e-02,  1.0366e-02],
          [-1.4443e-03, -3.7553e-03, -1.5209e-04],
          [-3.8786e-03, -2.5273e-02, -7.3784e-03]],

         [[-1.4934e-02, -2.9345e-02, -1.3977e-02],
          [-3.3496e-02, -1.1415e-02, -2.3335e-02],
          [-1.3002e-02, -1.6412e-02, -1.1654e-02]],

         [[-5.2261e-03, -2.2224e-02, -2.4618e-02],
          [-5.5944e-03, -2.9911e-04, -1.2479e-02],
          [-9.8052e-04, -1.4901e-02,  3.9803e-03]]],


        [[[ 8.1182e-03,  6.4584e-03,  7.3149e-03],
          [ 3.8696e-03, -5.0093e-03,  1.6322e-02],
          [-1.1974e-02, -1.1255e-02,  5.0292e-03]],

         [[-5.0308e-03, -4.3715e-03, -1.7558e-02],
          [ 1.0431e-02,  3.8599e-03, -1.1291e-02],
          [ 5.4406e-03,  8.8666e-03,  5.7666e-03]],

         [[-4.7120e-03,  2.5150e-03, -1.2165e-02],
          [-1.1209e-02, -7.2767e-03, -2.8947e-02],
          [-3.7379e-03, -9.5992e-05, -2.5049e-02]],

         ...,

         [[ 2.7717e-03, -1.1291e-02, -7.8790e-03],
          [-9.6403e-03, -1.6570e-02, -1.2649e-02],
          [-1.3778e-02, -8.4603e-03, -6.0467e-03]],

         [[-1.1274e-02,  2.1310e-02,  1.2011e-03],
          [-1.8206e-02,  5.3645e-04, -4.7718e-03],
          [-1.6497e-02, -9.7826e-03, -1.6774e-02]],

         [[-9.2899e-03, -8.7809e-03,  4.0762e-03],
          [ 1.1413e-02,  1.3666e-02,  1.3696e-02],
          [ 1.8952e-02, -7.0198e-03, -1.2957e-02]]],


        [[[ 4.7630e-03,  1.3513e-02,  7.3088e-04],
          [-5.9872e-04, -5.6953e-03, -5.0867e-03],
          [ 1.8416e-03, -1.0846e-02, -5.3352e-03]],

         [[ 1.5427e-02,  3.5496e-03,  4.8799e-04],
          [ 1.7734e-02,  1.8427e-03,  2.3481e-03],
          [ 2.3291e-02,  1.0432e-02,  1.8953e-02]],

         [[ 4.7225e-03,  5.3918e-04,  2.1042e-03],
          [-5.6353e-03, -2.5443e-03,  3.6320e-03],
          [-7.1390e-04,  4.0937e-03,  8.1331e-03]],

         ...,

         [[-1.3210e-02,  1.1020e-03, -4.1905e-04],
          [-2.2784e-03,  5.5254e-03,  1.8106e-02],
          [-5.8858e-03, -7.6699e-03,  3.9382e-03]],

         [[ 8.5023e-04,  1.1965e-02,  6.1995e-03],
          [-8.5791e-03, -4.8121e-03,  9.1336e-03],
          [-3.4548e-03, -1.4961e-02, -2.1497e-03]],

         [[-6.7080e-03, -6.2195e-03, -4.6981e-03],
          [ 6.0408e-03,  2.4274e-03, -9.7946e-03],
          [ 1.7517e-02,  4.0809e-04, -5.0520e-03]]]])

Name: res_block_10.conv2.bias | Shape: [256]
Values:
tensor([ 1.1318e-05,  3.0002e-06,  4.7599e-04, -3.6909e-04,  1.2529e-03,
        -9.3108e-04, -8.4531e-04, -1.1535e-03,  1.5738e-03, -3.9483e-04,
        -8.4162e-04,  1.5562e-03,  9.4424e-04,  1.4884e-03,  1.2763e-03,
         1.3894e-03,  5.3768e-05,  1.0594e-03, -6.5253e-05,  8.0317e-04,
         5.5300e-04, -6.3691e-04, -1.3395e-03,  1.3759e-03, -3.1124e-04,
        -1.1105e-03,  6.1917e-04,  6.8352e-04,  1.7386e-03, -1.5767e-03,
         1.0402e-03,  1.8807e-03, -1.8995e-04,  7.5062e-04,  2.1667e-04,
         1.0128e-03,  8.1741e-04, -1.5870e-03, -1.9453e-03,  1.0634e-03,
        -8.2876e-04, -1.9652e-03, -1.4009e-03,  1.9389e-03,  5.5056e-04,
        -1.2688e-03,  7.4815e-04,  1.0792e-03, -1.1688e-03,  2.6116e-04,
         6.5951e-04,  1.2546e-03,  1.7193e-03,  1.9457e-03,  9.5020e-04,
         9.9414e-04, -3.4801e-04, -1.8715e-03,  1.1566e-03, -8.3649e-04,
         1.1010e-03,  1.9204e-03,  1.7182e-03,  4.9779e-04,  3.9282e-04,
         9.4572e-04, -1.4106e-03, -6.2947e-04,  5.0447e-04, -5.3699e-04,
        -1.6921e-03, -6.6583e-04, -1.7632e-03, -8.5897e-05,  1.7382e-03,
        -1.1592e-03,  1.3923e-03,  4.1335e-04, -1.8860e-03, -7.9299e-04,
        -6.3183e-04, -6.3986e-04,  1.3138e-03,  8.0134e-04,  1.1776e-03,
         1.5240e-03, -1.3373e-03, -1.2099e-03, -1.8231e-03,  6.2694e-04,
         1.7979e-03, -3.5795e-04, -1.3015e-03, -5.0083e-04, -6.5513e-04,
        -4.2935e-04,  1.0240e-03,  2.5974e-04, -1.2483e-03,  1.6494e-03,
        -1.2759e-03,  2.5047e-04,  4.2577e-04,  1.6882e-03,  1.0507e-03,
         1.1599e-03, -1.1001e-03,  3.5208e-04,  3.3095e-04, -3.1972e-04,
         6.7526e-04, -8.1106e-04,  1.2285e-03, -1.2509e-03,  1.1355e-03,
        -1.0763e-03, -4.4455e-04,  5.8139e-04, -1.7992e-04,  5.4814e-04,
        -9.5216e-05,  8.5625e-04,  1.0381e-04, -4.4309e-04,  1.9526e-03,
         1.1333e-03, -1.8652e-03, -1.4445e-03, -6.9283e-04, -4.9835e-05,
        -9.8582e-04,  8.7143e-04, -1.2174e-03,  1.3729e-03, -1.9180e-03,
         6.0849e-04, -2.3485e-04, -3.9584e-04, -1.0176e-03, -1.6841e-03,
        -1.7397e-03,  8.6544e-04, -6.8660e-04,  1.1481e-03, -1.3864e-03,
         1.8612e-03,  8.2338e-04,  1.7536e-03,  1.7720e-03, -1.5674e-03,
        -1.1549e-03, -4.0544e-04,  2.7086e-04, -8.9306e-04,  9.7628e-05,
         1.3768e-03,  1.2583e-03, -4.7246e-04, -7.8675e-04, -7.3300e-04,
         6.3806e-04, -3.5788e-04,  1.9170e-03,  7.2431e-04, -1.6835e-03,
         1.1066e-03, -1.5809e-03, -9.1554e-04,  1.8849e-03,  6.8312e-04,
         3.9298e-05, -8.5240e-04, -9.0869e-04, -6.7342e-04,  1.9181e-06,
         5.4388e-04,  4.9290e-04,  1.6679e-03,  1.2345e-04,  1.8945e-03,
         8.9198e-04, -2.2983e-04, -1.4207e-03, -1.9081e-03,  1.5819e-03,
         1.7584e-03, -1.2399e-03, -1.1093e-03,  4.9368e-04, -6.9021e-04,
        -9.3226e-04, -1.4458e-03, -5.7354e-04,  1.7892e-03,  9.3126e-04,
        -5.9507e-04, -1.5837e-03,  1.9579e-03, -5.0165e-04, -7.7298e-04,
        -1.4811e-03, -2.1596e-05,  1.1308e-03, -1.2806e-03, -5.3906e-04,
         1.8557e-03, -6.2704e-04,  8.1840e-04,  1.9468e-03, -8.2513e-04,
         1.4304e-03, -8.4217e-04, -3.7160e-04,  9.6482e-04, -1.1216e-03,
        -7.9059e-04, -7.5234e-05,  6.9363e-04, -3.7514e-04,  1.0945e-03,
        -7.6493e-04,  1.0168e-04, -1.7002e-03, -1.9007e-03, -1.4581e-04,
        -2.4919e-04,  1.6829e-03, -1.3561e-03, -7.0862e-04,  4.2510e-05,
        -2.8318e-04,  5.1563e-04, -2.6453e-04,  1.9719e-03,  1.9554e-03,
        -7.6073e-04, -1.7112e-03, -2.2862e-04, -1.0923e-03, -8.4669e-04,
        -1.9676e-03,  5.5160e-04, -1.8957e-03,  1.4355e-03,  7.8786e-04,
         6.0367e-04, -1.8609e-03,  1.1225e-03, -4.0970e-04,  1.7306e-03,
        -1.4114e-03, -8.7456e-04,  2.9707e-04, -7.8168e-04, -9.6727e-04,
         1.4211e-03])

Name: res_block_10.bn2.weight | Shape: [256]
Values:
tensor([0.1523, 0.1270, 0.1290, 0.1139, 0.1159, 0.1269, 0.1437, 0.1452, 0.1626,
        0.1204, 0.1317, 0.1223, 0.0900, 0.1048, 0.1396, 0.1500, 0.1130, 0.1642,
        0.1493, 0.1281, 0.1616, 0.1508, 0.2177, 0.1682, 0.1050, 0.1228, 0.1333,
        0.1484, 0.1441, 0.1141, 0.2830, 0.1169, 0.1650, 0.1256, 0.1595, 0.1534,
        0.1115, 0.1808, 0.1312, 0.1347, 0.1699, 0.1935, 0.1151, 0.1547, 0.1173,
        0.2230, 0.1102, 0.1574, 0.1055, 0.1463, 0.1129, 0.1819, 0.1388, 0.1492,
        0.1332, 0.1250, 0.1402, 0.2888, 0.0733, 0.0954, 0.1047, 0.1008, 0.1331,
        0.1397, 0.1196, 0.1514, 0.1393, 0.1328, 0.1553, 0.0979, 0.1411, 0.1302,
        0.0961, 0.1260, 0.1164, 0.1211, 0.0968, 0.1226, 0.1413, 0.0929, 0.1306,
        0.1189, 0.1375, 0.1080, 0.1241, 0.1253, 0.1252, 0.1808, 0.1572, 0.1143,
        0.1409, 0.1567, 0.1124, 0.1216, 0.1514, 0.1545, 0.1065, 0.1398, 0.1198,
        0.0842, 0.1393, 0.1442, 0.1346, 0.1119, 0.1684, 0.1587, 0.1463, 0.1550,
        0.1533, 0.1246, 0.1419, 0.1450, 0.1565, 0.1298, 0.1441, 0.1440, 0.2378,
        0.1372, 0.0944, 0.1108, 0.1655, 0.1592, 0.1463, 0.1351, 0.0569, 0.1288,
        0.1767, 0.1769, 0.1411, 0.1283, 0.1633, 0.1305, 0.0814, 0.1251, 0.1236,
        0.1283, 0.1437, 0.1249, 0.1574, 0.1469, 0.1870, 0.0722, 0.1299, 0.1460,
        0.1355, 0.1606, 0.1503, 0.1118, 0.1170, 0.1332, 0.1791, 0.1384, 0.1183,
        0.1217, 0.0985, 0.1285, 0.1403, 0.1483, 0.1439, 0.1132, 0.1583, 0.1429,
        0.1340, 0.1013, 0.1257, 0.1089, 0.1182, 0.0994, 0.3740, 0.1408, 0.1519,
        0.1157, 0.1113, 0.1258, 0.0894, 0.1529, 0.1080, 0.1464, 0.1468, 0.0722,
        0.1104, 0.0993, 0.1509, 0.0907, 0.1110, 0.1426, 0.1655, 0.1352, 0.1294,
        0.1495, 0.1505, 0.1710, 0.1030, 0.1039, 0.1380, 0.1353, 0.1487, 0.1157,
        0.1329, 0.1751, 0.1077, 0.1137, 0.1375, 0.1569, 0.1206, 0.1395, 0.1412,
        0.1574, 0.1229, 0.1548, 0.1124, 0.1491, 0.1248, 0.1912, 0.1560, 0.1485,
        0.1742, 0.1271, 0.1844, 0.1428, 0.1544, 0.1804, 0.1480, 0.0621, 0.1397,
        0.0993, 0.1069, 0.1055, 0.1571, 0.0982, 0.1180, 0.1229, 0.1269, 0.1398,
        0.1062, 0.1380, 0.1348, 0.1403, 0.0978, 0.1315, 0.1348, 0.1146, 0.1287,
        0.1392, 0.0979, 0.1394, 0.0815, 0.1467, 0.1610, 0.1384, 0.1491, 0.1411,
        0.1353, 0.1560, 0.0750, 0.1171])

Name: res_block_10.bn2.bias | Shape: [256]
Values:
tensor([-0.0683, -0.0164, -0.0452, -0.0128, -0.0346, -0.0364, -0.0888, -0.0763,
        -0.0662, -0.0374, -0.0901, -0.0315, -0.0054, -0.0375, -0.0509, -0.0420,
        -0.0616, -0.0514, -0.0567,  0.0059, -0.0393, -0.0628, -0.0731, -0.0322,
        -0.0164, -0.0963, -0.0283, -0.0143, -0.0644,  0.0132, -0.0513, -0.0034,
        -0.0427, -0.0135, -0.0402, -0.0485, -0.0598, -0.0209, -0.0636, -0.0125,
        -0.0450, -0.0988, -0.0239,  0.0092, -0.0550, -0.0052, -0.0081, -0.0555,
         0.0021, -0.0236, -0.0464, -0.0949, -0.0449, -0.0368, -0.0342, -0.0126,
        -0.0808, -0.0717, -0.0581, -0.1074, -0.0350,  0.0091,  0.0027, -0.0252,
        -0.0302, -0.0626, -0.1003,  0.0091, -0.0435, -0.0344, -0.0245, -0.0225,
        -0.0350, -0.0332, -0.0390, -0.0543,  0.0019,  0.0024, -0.0484, -0.0277,
        -0.0226, -0.0343, -0.0043, -0.0606,  0.0068,  0.0108, -0.0202, -0.0510,
        -0.0348, -0.0217, -0.0282, -0.0511, -0.0407, -0.0236, -0.0702, -0.0211,
        -0.0313, -0.0272, -0.0521, -0.0428, -0.0954, -0.0770, -0.0766, -0.0241,
        -0.0502, -0.0377, -0.0234, -0.0594, -0.0340,  0.0368, -0.0593, -0.0449,
        -0.0704, -0.0666, -0.0325, -0.0562, -0.1092, -0.0817, -0.0490, -0.0268,
        -0.0616, -0.0626, -0.0160, -0.0482, -0.0550, -0.0077, -0.0305, -0.0501,
        -0.0274, -0.0791, -0.1003, -0.0372, -0.0170, -0.0160, -0.0520,  0.0036,
        -0.0565, -0.0154, -0.1303, -0.0573, -0.0138, -0.0319, -0.0343,  0.0297,
        -0.0371, -0.0199, -0.0257, -0.0403, -0.0341, -0.0050, -0.0735, -0.0493,
        -0.0379, -0.0416, -0.0472, -0.0556, -0.0041, -0.0372, -0.0527, -0.0399,
        -0.0252, -0.0852, -0.0843, -0.0511, -0.0345, -0.1123, -0.0405, -0.0686,
        -0.0623, -0.0347, -0.0639, -0.0350, -0.0418, -0.0020, -0.0430, -0.0421,
        -0.0756, -0.0484, -0.0472, -0.0857, -0.0320, -0.0149, -0.0206, -0.0479,
        -0.0842, -0.0632, -0.1059, -0.0420, -0.0601, -0.0524, -0.1138, -0.0136,
        -0.0111, -0.0479, -0.0471, -0.0554, -0.0712, -0.0011, -0.0515, -0.0575,
        -0.0401, -0.0190, -0.0520, -0.0379, -0.0298, -0.0372,  0.0023, -0.0429,
        -0.0258, -0.0895, -0.0431, -0.0887, -0.0461, -0.0274, -0.0740, -0.0657,
        -0.0783,  0.0104, -0.1071, -0.0147, -0.0134, -0.0487, -0.0756, -0.0549,
        -0.0691, -0.0264, -0.0532, -0.0370,  0.0059, -0.0536, -0.0636, -0.0423,
        -0.0417, -0.0553, -0.0456, -0.0285, -0.0712, -0.0649, -0.0350, -0.0674,
        -0.0572, -0.0473, -0.0792, -0.0549, -0.0738, -0.0752, -0.0143, -0.0285,
        -0.0703, -0.0097, -0.0802, -0.0638, -0.0282, -0.0556, -0.0518, -0.0508])

Name: res_block_11.conv1.weight | Shape: [256, 256, 3, 3]
Values:
tensor([[[[ 6.0292e-03, -1.0378e-02,  7.0473e-03],
          [ 4.6939e-03,  8.7192e-03, -2.1337e-02],
          [-9.5027e-03, -1.9979e-02, -4.3972e-02]],

         [[ 9.8563e-05, -1.1636e-02,  8.4218e-03],
          [ 1.3973e-02, -1.7024e-02, -1.4208e-03],
          [ 1.9417e-02,  9.3489e-03, -5.1016e-03]],

         [[-1.9464e-02, -2.7641e-02, -1.6949e-03],
          [-2.1313e-02,  4.7545e-03, -1.3493e-02],
          [-5.7724e-03,  4.1910e-03, -6.4811e-03]],

         ...,

         [[ 1.1241e-02, -9.8580e-03,  1.2354e-02],
          [ 1.0213e-02,  9.0105e-03,  1.2198e-02],
          [-1.7395e-02,  2.9934e-03,  1.4287e-02]],

         [[ 3.8395e-03, -3.9979e-03,  9.8476e-03],
          [-1.4944e-02, -2.6675e-02, -1.9796e-02],
          [-6.5446e-03, -1.6015e-02, -1.4141e-02]],

         [[ 1.5439e-02,  2.4413e-02, -1.3114e-02],
          [ 1.9083e-02,  9.9115e-04, -4.7362e-04],
          [ 1.6991e-02,  1.8860e-02, -2.2308e-03]]],


        [[[-5.1970e-03,  2.2268e-03,  1.2681e-02],
          [ 1.2012e-02, -1.0186e-02, -1.5161e-02],
          [ 9.3486e-03, -4.1297e-03, -1.2416e-02]],

         [[-1.3923e-02,  7.0546e-03, -3.9051e-03],
          [-4.9975e-03, -2.3151e-02, -1.8105e-03],
          [-1.5114e-02, -1.7428e-02, -1.1308e-02]],

         [[ 2.7451e-03,  1.2541e-02, -4.7470e-04],
          [-1.1410e-03,  1.6723e-02,  8.0000e-03],
          [-1.1593e-02, -1.5354e-02, -7.7528e-03]],

         ...,

         [[ 1.7682e-02,  1.1161e-02,  1.1618e-02],
          [-5.7213e-03,  1.4841e-02,  4.9594e-03],
          [-2.8804e-04, -1.8886e-03, -1.8358e-02]],

         [[-5.4810e-05,  1.7059e-02,  5.3742e-03],
          [ 1.7243e-02,  1.0609e-02,  2.1870e-03],
          [ 6.1957e-03,  9.4607e-03, -1.3652e-02]],

         [[ 2.0381e-02,  5.3393e-03,  2.1245e-02],
          [ 3.3593e-02,  2.3202e-02,  2.0793e-03],
          [ 2.9184e-02,  1.5942e-02, -3.6342e-03]]],


        [[[-6.0671e-03, -2.2752e-02, -1.4373e-02],
          [-1.0541e-02, -3.8828e-03, -3.3512e-02],
          [-5.5656e-03,  5.7862e-03, -3.1346e-02]],

         [[-1.2673e-02,  3.7877e-04, -1.3012e-03],
          [ 4.2541e-03, -1.3822e-02, -1.5234e-02],
          [-5.8902e-03,  6.3827e-03, -3.6792e-03]],

         [[-2.0914e-02,  2.0954e-02,  8.1915e-03],
          [ 3.8562e-03,  1.6839e-02,  3.1424e-02],
          [ 1.5528e-02,  1.0643e-02, -1.7340e-02]],

         ...,

         [[ 1.8097e-02, -2.2362e-02, -2.5604e-02],
          [-1.4512e-02,  5.8145e-03, -7.1454e-03],
          [ 1.0437e-02, -1.7448e-02,  4.2775e-03]],

         [[ 3.0948e-02,  2.2329e-02,  1.7504e-04],
          [-1.6110e-03, -1.7656e-03, -3.5865e-03],
          [-1.3465e-03,  1.4647e-02, -1.5486e-02]],

         [[ 1.4080e-02,  2.3675e-02,  7.5117e-03],
          [ 6.4109e-03,  9.2080e-03, -1.9568e-03],
          [ 4.3840e-03, -2.7464e-03, -9.9010e-03]]],


        ...,


        [[[ 7.4105e-03,  1.4502e-02,  2.9969e-02],
          [-1.5664e-02,  3.6665e-03,  1.9684e-02],
          [-2.3899e-02, -3.4317e-03,  2.2519e-02]],

         [[ 1.9002e-02,  1.1372e-02,  1.7434e-02],
          [ 3.8063e-03, -6.6840e-05,  2.4225e-02],
          [-2.3999e-02,  7.4652e-03,  1.7182e-02]],

         [[ 3.1623e-02,  4.3684e-04, -6.5002e-03],
          [-1.1897e-02,  7.9172e-03, -1.5892e-02],
          [ 2.4884e-04, -1.1125e-02, -3.4627e-03]],

         ...,

         [[ 1.5621e-02,  7.9274e-03, -1.4051e-02],
          [ 1.3621e-02, -1.5228e-03,  2.1159e-02],
          [ 5.7016e-03,  1.3728e-02,  2.9442e-03]],

         [[ 1.8091e-02,  1.6651e-02,  4.9818e-03],
          [ 1.6465e-02,  2.4065e-03, -1.2845e-02],
          [ 2.7454e-04,  1.6922e-03, -1.7379e-02]],

         [[-1.7721e-02, -5.6795e-03,  4.9665e-03],
          [-8.4425e-03, -2.7084e-03,  1.2644e-02],
          [-2.4233e-02, -9.7011e-03,  3.0768e-02]]],


        [[[ 5.9673e-03,  2.4228e-02,  9.8992e-03],
          [ 8.6878e-03,  9.4634e-03,  2.0140e-02],
          [ 2.1603e-02, -1.6400e-04,  1.5487e-02]],

         [[ 7.8517e-03,  2.2229e-02, -5.7952e-04],
          [ 9.7137e-03, -6.5811e-03, -8.4214e-03],
          [-7.8644e-03, -1.6237e-02, -1.6088e-02]],

         [[-4.3816e-03,  4.9079e-03, -7.8577e-03],
          [ 4.8905e-03,  4.9020e-03,  7.4642e-03],
          [ 2.3796e-03,  1.2058e-02, -1.7191e-03]],

         ...,

         [[ 2.8406e-04, -3.8023e-02, -1.7235e-02],
          [ 3.9913e-03, -5.2224e-03,  1.5253e-02],
          [ 1.6921e-02, -7.8697e-03,  3.3661e-02]],

         [[ 1.5708e-02, -5.9999e-03, -2.2448e-02],
          [ 2.6253e-02,  4.7878e-03, -1.2317e-02],
          [ 2.4967e-02,  2.3070e-02, -2.7382e-04]],

         [[ 3.8373e-03,  2.4902e-03,  4.6662e-03],
          [-9.6522e-05,  5.3941e-03,  1.2613e-03],
          [-2.1091e-02, -3.5451e-03, -9.3897e-03]]],


        [[[-1.3481e-02, -1.3406e-02,  3.4239e-03],
          [ 2.3589e-02,  1.7166e-02, -1.6702e-02],
          [ 1.7221e-03,  5.2419e-03,  1.3936e-02]],

         [[-1.1421e-02, -2.0437e-02, -1.5982e-02],
          [ 2.3092e-03,  1.5616e-03, -2.1380e-02],
          [ 1.4638e-02, -2.4491e-03, -1.0553e-02]],

         [[-2.5677e-03, -9.6107e-04, -1.5788e-03],
          [ 7.1494e-03, -9.8970e-03,  1.0069e-02],
          [ 1.1889e-02,  6.1377e-04, -8.8045e-03]],

         ...,

         [[-1.5292e-02,  4.8199e-03, -8.1668e-03],
          [-9.8350e-03, -5.5515e-03, -3.3418e-03],
          [-1.5303e-02, -1.0875e-02, -1.8042e-02]],

         [[ 1.5803e-03,  7.1248e-03, -4.1287e-03],
          [-1.4590e-02, -5.9097e-03, -9.4379e-03],
          [-1.6962e-02, -2.1631e-02, -3.8653e-03]],

         [[-1.3981e-04, -7.0074e-03,  1.0428e-03],
          [ 2.8505e-03, -1.2530e-02, -6.5851e-03],
          [-2.1904e-02, -2.3207e-02, -4.5722e-04]]]])

Name: res_block_11.conv1.bias | Shape: [256]
Values:
tensor([ 1.7607e-03,  1.2728e-03, -7.6215e-04, -1.8010e-03,  1.2002e-03,
        -1.7589e-03, -1.5731e-03, -3.9412e-04, -1.2283e-03, -1.0844e-03,
        -1.4953e-03, -4.1464e-04,  7.4598e-04, -1.1686e-03, -1.2572e-04,
         1.6364e-03,  1.8878e-03, -1.6235e-03, -7.5389e-04, -8.9996e-04,
         9.6911e-05, -5.8808e-04,  3.3029e-04, -1.4229e-03,  1.7810e-03,
        -1.1145e-03, -1.2067e-03,  1.3067e-03,  1.1222e-03, -1.9586e-05,
        -3.7627e-04,  1.4921e-03,  1.9004e-03,  1.3759e-04, -2.9438e-04,
        -1.4270e-03,  1.9151e-03,  1.8847e-03, -6.3789e-05, -1.2120e-03,
        -1.7385e-04,  1.1412e-03, -1.7679e-03, -5.6115e-04,  1.7976e-03,
         1.5010e-03, -1.7388e-04,  2.4557e-04,  6.2225e-04, -1.1823e-03,
        -7.5550e-05, -5.6325e-04,  5.7708e-04, -6.5373e-04,  3.2738e-04,
        -1.9025e-03, -1.2579e-03, -1.4155e-03, -1.8694e-03,  1.3310e-03,
        -9.0226e-04,  9.5575e-04, -4.6035e-04,  3.4607e-04,  9.5619e-04,
        -7.8440e-04,  1.5857e-03, -3.3565e-04, -1.9354e-03, -2.6950e-04,
         5.0701e-04,  2.8707e-04, -1.7001e-03,  1.9401e-04,  4.3594e-04,
        -1.9622e-03, -1.1133e-03,  1.6724e-03,  7.6956e-04, -7.1082e-04,
         9.8431e-04,  2.4563e-04, -1.8241e-03,  6.2609e-04,  1.8950e-03,
         1.1189e-03, -1.2401e-03, -4.4880e-04,  4.2799e-04, -9.0362e-04,
        -7.2814e-04, -9.5842e-05,  5.6358e-04,  4.1144e-04, -9.1428e-04,
        -1.7491e-03, -4.3446e-04,  1.1043e-03,  1.6743e-03,  1.7235e-03,
         1.4857e-03,  3.4762e-04, -1.2593e-03,  1.0504e-03, -1.0069e-03,
        -1.5586e-03, -2.6989e-04, -1.7756e-03, -8.3441e-04, -1.3221e-03,
        -5.9021e-04,  8.6486e-04, -3.4539e-04,  2.9835e-04, -3.8525e-04,
        -4.0174e-05,  6.5785e-04, -2.6264e-04, -1.7241e-03, -1.8981e-03,
        -1.2333e-03,  6.0276e-05, -1.9490e-03, -3.9974e-04,  9.1758e-04,
         7.8694e-04,  1.1947e-03,  1.6115e-03,  9.1080e-05, -1.5841e-03,
        -1.5427e-03,  3.6623e-05, -1.7765e-03,  8.3393e-04, -1.2288e-03,
        -4.2967e-04, -1.2589e-03,  1.9316e-04,  5.0468e-05, -4.5615e-04,
        -1.4393e-03,  3.8732e-04,  1.6247e-04, -1.2940e-03,  1.9491e-03,
         1.8320e-03, -1.0760e-03, -1.8391e-04,  3.8565e-05, -5.8885e-04,
         1.8483e-03, -2.3238e-04, -9.8408e-04, -7.8753e-04, -1.3834e-03,
         1.9194e-03,  2.2083e-04,  1.6431e-03,  9.7164e-04,  4.9960e-04,
        -7.0865e-04,  9.5649e-04, -9.6236e-04,  6.9389e-06, -1.3318e-03,
        -3.3225e-04, -9.8600e-04, -1.7708e-03,  1.2862e-03,  3.7622e-04,
        -5.1538e-04,  1.5870e-04, -8.3430e-04,  1.4202e-03,  1.7086e-03,
        -5.6210e-04,  1.8963e-04,  5.8103e-04,  1.5544e-03, -3.3610e-04,
        -4.2156e-04, -1.5836e-03, -4.9196e-04, -1.2647e-03, -1.7299e-03,
         6.1123e-04,  1.3394e-03, -1.8499e-04,  5.8303e-04,  9.0241e-04,
         7.3349e-04,  1.8167e-04,  1.0630e-03, -1.3134e-04,  8.2251e-04,
         2.3674e-05, -2.7768e-04,  8.7453e-05, -1.0579e-03, -7.0952e-04,
        -6.0938e-04,  1.4511e-03, -1.1436e-03,  1.5024e-03,  1.3351e-03,
        -3.2587e-04,  1.1899e-03, -3.1994e-04, -1.1926e-03, -1.8454e-03,
         1.2399e-03,  5.4584e-04,  2.0163e-04, -1.1825e-04, -1.2278e-03,
        -5.6394e-04,  1.5928e-04, -7.7457e-04, -1.5897e-03,  1.0807e-03,
         1.2657e-03,  1.7188e-03,  4.2804e-05,  1.1850e-04, -9.0901e-04,
         3.9191e-04,  1.6152e-04, -1.2069e-03,  2.1733e-04, -6.2099e-04,
        -2.4158e-04,  1.6793e-03, -1.3364e-03,  9.9998e-04,  6.9459e-04,
        -4.4120e-04,  1.5472e-03,  1.1373e-03,  4.9335e-04,  5.8902e-04,
         1.0356e-03,  5.3785e-04, -1.1577e-03,  1.2659e-03,  1.8003e-04,
        -1.1212e-03, -7.7040e-04, -4.6681e-04,  9.3155e-04,  1.6176e-03,
         5.5991e-04,  1.9429e-04, -1.1827e-03, -5.0643e-04,  1.8708e-03,
        -1.7615e-03])

Name: res_block_11.bn1.weight | Shape: [256]
Values:
tensor([0.1621, 0.1415, 0.1700, 0.1409, 0.1791, 0.1779, 0.1231, 0.1574, 0.1562,
        0.1520, 0.1610, 0.1579, 0.1677, 0.1654, 0.1611, 0.1418, 0.1382, 0.1519,
        0.1693, 0.1475, 0.1695, 0.1770, 0.1876, 0.1886, 0.1104, 0.1757, 0.2013,
        0.1571, 0.1413, 0.1687, 0.1412, 0.1288, 0.1348, 0.1643, 0.1814, 0.1428,
        0.1910, 0.1502, 0.1527, 0.1502, 0.1608, 0.1089, 0.1672, 0.1434, 0.1477,
        0.1140, 0.1665, 0.1521, 0.1550, 0.1570, 0.1499, 0.1372, 0.1923, 0.1622,
        0.1609, 0.1494, 0.1329, 0.1709, 0.1437, 0.1475, 0.1865, 0.1591, 0.1693,
        0.1652, 0.1717, 0.1590, 0.1393, 0.1743, 0.1589, 0.1412, 0.1409, 0.1610,
        0.1636, 0.1590, 0.1530, 0.1602, 0.1539, 0.1796, 0.1564, 0.1608, 0.1878,
        0.1539, 0.1401, 0.1684, 0.1306, 0.1646, 0.1422, 0.1530, 0.1852, 0.1276,
        0.1485, 0.1710, 0.1718, 0.1657, 0.1776, 0.1619, 0.1731, 0.1484, 0.1494,
        0.1757, 0.1647, 0.1782, 0.1447, 0.1450, 0.1570, 0.1463, 0.1799, 0.1607,
        0.1385, 0.1302, 0.1636, 0.1552, 0.1424, 0.1758, 0.1860, 0.1410, 0.1651,
        0.1747, 0.1714, 0.1624, 0.1584, 0.1294, 0.1577, 0.1466, 0.1569, 0.1642,
        0.1596, 0.1666, 0.1603, 0.1383, 0.1537, 0.1690, 0.1964, 0.1691, 0.1605,
        0.1835, 0.1660, 0.1587, 0.1942, 0.1203, 0.1422, 0.1664, 0.1674, 0.1529,
        0.1197, 0.1506, 0.1595, 0.1586, 0.1794, 0.1408, 0.1832, 0.1799, 0.1520,
        0.1599, 0.1837, 0.1442, 0.1634, 0.1514, 0.1473, 0.1669, 0.1484, 0.1423,
        0.1682, 0.1700, 0.1604, 0.1888, 0.1815, 0.1525, 0.1138, 0.1452, 0.1655,
        0.1440, 0.1563, 0.1531, 0.1444, 0.1763, 0.1485, 0.1588, 0.1619, 0.1682,
        0.1650, 0.1314, 0.1664, 0.1602, 0.1687, 0.1677, 0.1515, 0.1752, 0.1344,
        0.1523, 0.1586, 0.1605, 0.1928, 0.1588, 0.1453, 0.1621, 0.1583, 0.1384,
        0.1548, 0.1800, 0.1652, 0.1556, 0.1475, 0.1671, 0.2129, 0.1477, 0.1506,
        0.1716, 0.1408, 0.1684, 0.1709, 0.1617, 0.1583, 0.1693, 0.1702, 0.1626,
        0.1379, 0.1380, 0.1531, 0.1547, 0.1723, 0.1737, 0.1536, 0.1347, 0.1448,
        0.1687, 0.1304, 0.1501, 0.1758, 0.1737, 0.1844, 0.1341, 0.1738, 0.1536,
        0.1500, 0.1801, 0.1167, 0.1414, 0.1665, 0.1632, 0.1576, 0.1539, 0.1524,
        0.1592, 0.1206, 0.1718, 0.1843, 0.1513, 0.1630, 0.1695, 0.1515, 0.1588,
        0.1521, 0.1720, 0.1272, 0.1485])

Name: res_block_11.bn1.bias | Shape: [256]
Values:
tensor([-0.0927, -0.1490, -0.0936, -0.0867, -0.1042, -0.1341, -0.1435, -0.0837,
        -0.1018, -0.1203, -0.0800, -0.1274, -0.1262, -0.1103, -0.1078, -0.1347,
        -0.1135, -0.1095, -0.1459, -0.1199, -0.1258, -0.1144, -0.1061, -0.1471,
        -0.1470, -0.1032, -0.0785, -0.1036, -0.1012, -0.1026, -0.0771, -0.1258,
        -0.1084, -0.1219, -0.1077, -0.0895, -0.1480, -0.1619, -0.1337, -0.1234,
        -0.1551, -0.1482, -0.0779, -0.1110, -0.0694, -0.1542, -0.0912, -0.1271,
        -0.0995, -0.0990, -0.1054, -0.1370, -0.1393, -0.0999, -0.1132, -0.1014,
        -0.0865, -0.1142, -0.1049, -0.1085, -0.0952, -0.1001, -0.1035, -0.0696,
        -0.1339, -0.0993, -0.1450, -0.1277, -0.1210, -0.1233, -0.1219, -0.1439,
        -0.1340, -0.1100, -0.0747, -0.1280, -0.0736, -0.1485, -0.1180, -0.1066,
        -0.1111, -0.0999, -0.0968, -0.1368, -0.0969, -0.1604, -0.1214, -0.0905,
        -0.1384, -0.1011, -0.1380, -0.0971, -0.1145, -0.0824, -0.1084, -0.1356,
        -0.0865, -0.0846, -0.1061, -0.1213, -0.1318, -0.0996, -0.0501, -0.1472,
        -0.0929, -0.0949, -0.1116, -0.0991, -0.1116, -0.1118, -0.1324, -0.1097,
        -0.1352, -0.1024, -0.1700, -0.0943, -0.1202, -0.0758, -0.1275, -0.1188,
        -0.1216, -0.1241, -0.0880, -0.0819, -0.0975, -0.1162, -0.1147, -0.1252,
        -0.1455, -0.1361, -0.1103, -0.1252, -0.1347, -0.1400, -0.1433, -0.0764,
        -0.1431, -0.1083, -0.1240, -0.1148, -0.1351, -0.1485, -0.1204, -0.1408,
        -0.1361, -0.0880, -0.1238, -0.1012, -0.1141, -0.1298, -0.1404, -0.1045,
        -0.1209, -0.1379, -0.1140, -0.1119, -0.0976, -0.0969, -0.1365, -0.1143,
        -0.1070, -0.1085, -0.1058, -0.1468, -0.1030, -0.1550, -0.1296, -0.0964,
        -0.0926, -0.1108, -0.1069, -0.0915, -0.1089, -0.0962, -0.0913, -0.1131,
        -0.0845, -0.1305, -0.1018, -0.0861, -0.1085, -0.1045, -0.1554, -0.1168,
        -0.1367, -0.1203, -0.1050, -0.1700, -0.1211, -0.1092, -0.1275, -0.1250,
        -0.1233, -0.1127, -0.1195, -0.1003, -0.1077, -0.1047, -0.1127, -0.1096,
        -0.1328, -0.1040, -0.1293, -0.0876, -0.1283, -0.1299, -0.0848, -0.1389,
        -0.1171, -0.1156, -0.1060, -0.1547, -0.1089, -0.1546, -0.0993, -0.1464,
        -0.0973, -0.0793, -0.1045, -0.0950, -0.1202, -0.0932, -0.1455, -0.1339,
        -0.1561, -0.0978, -0.1320, -0.1154, -0.0808, -0.1070, -0.1026, -0.1335,
        -0.1051, -0.1355, -0.1168, -0.1256, -0.1084, -0.0974, -0.1197, -0.1321,
        -0.1287, -0.1039, -0.1012, -0.1427, -0.0524, -0.0785, -0.1266, -0.0821,
        -0.1319, -0.1181, -0.1118, -0.1314, -0.0967, -0.1668, -0.0585, -0.0963])

Name: res_block_11.conv2.weight | Shape: [256, 256, 3, 3]
Values:
tensor([[[[ 1.7594e-02, -4.7645e-04,  1.5845e-04],
          [ 3.3859e-02,  7.0243e-03, -1.3484e-03],
          [ 2.1474e-02,  2.2102e-02,  5.5951e-03]],

         [[ 2.2346e-02,  1.0741e-03, -1.9316e-03],
          [-5.7513e-04, -5.2046e-03,  1.2592e-03],
          [-1.2197e-02, -1.8535e-02, -2.0194e-03]],

         [[ 8.5200e-03,  8.6959e-03,  2.3613e-03],
          [ 6.5583e-03,  1.2382e-02, -8.5379e-03],
          [-7.9038e-03, -2.0562e-02, -3.2592e-02]],

         ...,

         [[-1.6730e-02, -7.5677e-03, -3.0581e-04],
          [ 6.2140e-03, -1.3055e-02, -2.2564e-02],
          [ 4.2373e-03, -3.1579e-02, -5.3711e-03]],

         [[ 1.9526e-03, -2.8138e-03, -2.3152e-02],
          [-1.1532e-02, -1.4357e-02, -2.9395e-02],
          [ 1.1050e-02, -6.1175e-03, -9.4785e-03]],

         [[ 3.4227e-03, -1.6423e-02, -4.5904e-03],
          [ 3.0141e-03, -2.6197e-02, -1.7728e-02],
          [ 2.4902e-02, -6.7784e-03, -4.7768e-03]]],


        [[[ 2.0149e-03, -1.3832e-03, -4.7996e-03],
          [ 5.5334e-03, -4.8024e-03,  1.7063e-03],
          [ 6.7268e-03,  3.4510e-04,  3.7250e-03]],

         [[-1.2444e-02, -1.5304e-03, -1.0448e-02],
          [ 1.1645e-03, -1.3184e-03, -8.6793e-03],
          [-6.9267e-03, -7.1042e-03, -6.5829e-03]],

         [[ 7.5849e-03,  1.3449e-02,  7.9583e-03],
          [ 1.0626e-02,  1.6452e-02,  1.1192e-02],
          [ 1.6799e-02,  1.7516e-02,  6.8413e-03]],

         ...,

         [[-3.3978e-03,  2.9467e-03, -4.0393e-03],
          [ 2.3707e-02, -8.5099e-03, -4.5099e-03],
          [ 1.1479e-02, -5.4430e-03, -8.5249e-03]],

         [[ 2.2630e-04,  2.0600e-03,  7.6210e-03],
          [-6.3361e-03,  3.2145e-03,  1.2623e-02],
          [-2.2284e-02, -1.5897e-02, -2.3465e-03]],

         [[ 9.7496e-03,  8.3493e-03, -4.3964e-04],
          [-1.5898e-03,  3.0161e-03, -8.7625e-04],
          [ 1.2824e-02, -5.5406e-03, -1.2965e-03]]],


        [[[ 2.7870e-02,  1.6467e-02, -6.6269e-03],
          [ 1.9037e-02,  8.1066e-03, -6.5808e-03],
          [-3.6588e-03,  8.2224e-03, -3.7423e-03]],

         [[-7.7837e-03, -1.5853e-02,  4.6008e-03],
          [ 1.1858e-03,  3.2940e-03,  2.4037e-02],
          [ 4.1376e-03,  1.1328e-02,  4.2248e-02]],

         [[-8.7003e-03,  1.1576e-02,  1.0423e-02],
          [ 7.4596e-03,  9.1475e-03,  1.7528e-02],
          [ 4.1007e-03,  1.6330e-02,  2.6301e-04]],

         ...,

         [[ 1.2567e-02, -1.9217e-03, -3.5588e-03],
          [-3.7925e-03, -3.1485e-02, -1.3971e-03],
          [-1.2832e-02, -8.1037e-03,  1.2800e-02]],

         [[-1.4303e-02, -2.1790e-02, -2.2806e-02],
          [ 9.5156e-05, -5.4894e-03, -5.7688e-03],
          [ 7.3662e-03,  1.2403e-02,  1.1608e-02]],

         [[ 3.2521e-03, -7.5511e-03, -8.4130e-03],
          [ 1.4428e-03, -7.4703e-03, -2.6852e-02],
          [ 3.6361e-03, -9.5130e-03, -5.7017e-03]]],


        ...,


        [[[-1.5960e-02,  1.0624e-02, -2.4005e-03],
          [ 1.8236e-02, -1.3041e-02,  6.0230e-04],
          [-8.2977e-03, -4.9610e-03, -3.0774e-02]],

         [[-6.2463e-03, -1.5041e-02, -1.2067e-03],
          [ 1.3525e-02, -2.3542e-02, -2.8227e-02],
          [ 1.0705e-02, -1.8208e-02, -1.2454e-02]],

         [[-8.6949e-03,  1.8133e-02,  1.1303e-02],
          [ 1.5163e-03,  2.3566e-03, -1.2758e-03],
          [-2.3305e-02, -2.5480e-02, -1.9798e-02]],

         ...,

         [[-8.7833e-03,  8.7496e-04, -2.4594e-02],
          [ 1.2375e-02, -3.7607e-02, -1.5737e-02],
          [-2.5859e-02,  1.6412e-02, -5.4880e-04]],

         [[ 1.1199e-02,  3.5174e-03, -5.6471e-03],
          [ 8.8798e-03, -8.3797e-04, -4.9787e-03],
          [-1.3906e-02, -1.0852e-02, -1.1808e-03]],

         [[-9.9041e-03,  1.5563e-02,  6.0501e-04],
          [ 9.0178e-03,  9.2501e-03,  1.7451e-02],
          [ 7.9229e-03,  1.3405e-02,  9.3870e-03]]],


        [[[ 1.1039e-03, -9.2539e-03,  2.9359e-02],
          [-2.1527e-02, -6.8228e-03,  1.4334e-02],
          [-9.7829e-03, -1.3801e-02,  6.3315e-03]],

         [[-7.5808e-03, -6.3197e-03,  1.8197e-03],
          [-2.9986e-04, -1.4814e-02, -4.7610e-04],
          [-3.8897e-03, -5.9838e-03,  3.4035e-03]],

         [[ 4.9441e-03, -7.4508e-03, -5.2888e-04],
          [ 8.1299e-04,  8.1660e-03, -2.6442e-03],
          [ 7.6865e-03, -2.3865e-03, -1.2682e-02]],

         ...,

         [[-3.2753e-02, -1.0659e-02,  8.0782e-03],
          [-1.0774e-02,  7.6610e-03,  1.5598e-02],
          [ 1.9335e-03,  9.2387e-03,  9.4965e-03]],

         [[-6.0633e-03, -1.7914e-02, -3.9554e-02],
          [-9.4962e-03, -7.8653e-03,  1.1885e-02],
          [-8.2453e-03,  3.8542e-03,  1.4475e-02]],

         [[ 1.6544e-02,  7.8793e-03, -1.0692e-02],
          [ 2.8643e-03,  6.3887e-03, -6.9553e-03],
          [ 8.4263e-03,  3.6217e-03, -7.7766e-03]]],


        [[[ 2.3165e-03,  7.2032e-03,  1.7039e-02],
          [ 1.4274e-03, -4.9156e-03, -9.0296e-03],
          [-2.6205e-02, -1.0780e-02, -1.2340e-02]],

         [[ 5.0091e-03, -1.4599e-02, -1.8126e-02],
          [-6.3915e-04, -2.0435e-02, -9.2225e-03],
          [ 2.1982e-02, -5.5453e-04,  8.1682e-03]],

         [[-2.8946e-02, -1.5622e-02, -5.1068e-03],
          [-1.4199e-02, -6.5776e-03, -6.8168e-03],
          [-7.2695e-03, -1.2758e-02, -8.9576e-03]],

         ...,

         [[-7.9931e-03, -1.1673e-02,  3.5984e-03],
          [-2.3114e-02, -1.5073e-02, -6.1977e-03],
          [-2.4012e-02, -5.2451e-02, -2.4545e-02]],

         [[-5.5006e-03, -1.2477e-02,  1.5195e-02],
          [ 2.2828e-02,  1.1976e-02,  1.5806e-02],
          [ 1.3100e-02,  7.8747e-03,  1.5918e-03]],

         [[ 1.8817e-02, -2.1194e-03, -3.3626e-03],
          [ 1.6413e-02, -4.8855e-03, -7.1775e-03],
          [ 1.9285e-05, -1.4621e-02, -1.4960e-03]]]])

Name: res_block_11.conv2.bias | Shape: [256]
Values:
tensor([-1.9326e-03,  1.0184e-03, -1.9231e-03, -4.6384e-04,  4.6339e-04,
        -1.5024e-03,  2.7634e-04, -8.1857e-04, -1.4347e-03,  1.7685e-04,
         5.1912e-04, -1.7192e-03,  1.8231e-04, -9.5565e-04, -1.1896e-03,
         1.5442e-03, -1.9475e-04, -1.6422e-03, -1.1782e-03,  5.3339e-04,
         3.5519e-04, -1.2323e-03, -1.7648e-03, -1.5376e-03, -1.3304e-03,
         9.2719e-04, -1.5178e-03,  8.8456e-04, -1.7317e-03,  5.4809e-05,
        -1.1139e-05,  1.2312e-03,  4.8837e-04, -1.1797e-03,  4.3545e-04,
         1.5895e-03,  1.2838e-03,  1.6450e-03, -6.8383e-04,  8.4700e-04,
         7.9691e-04,  6.5360e-04, -9.2042e-04, -1.1252e-03, -5.4371e-05,
         5.7082e-04, -3.6050e-04, -1.2697e-03,  1.4924e-03,  1.6207e-04,
         1.3619e-03,  3.0732e-05, -1.6079e-03, -1.7760e-03, -1.4733e-03,
        -1.0772e-03,  7.5660e-04,  1.2095e-03,  5.2986e-04,  5.5493e-04,
        -1.1929e-03,  1.6002e-04, -1.6337e-03, -6.5721e-04, -1.8369e-03,
        -1.0828e-03, -1.8656e-03,  1.9506e-03, -1.1504e-03,  8.8353e-04,
         1.2970e-03,  1.2928e-03,  1.3410e-03,  1.6612e-03, -1.4954e-03,
         1.0206e-03, -5.5197e-05, -1.7215e-03,  1.5836e-03, -9.7031e-05,
        -1.8516e-03, -1.1205e-03,  6.9046e-04, -1.7741e-03, -1.9188e-03,
         5.7350e-04,  1.1962e-03, -1.8809e-05,  9.3163e-04, -9.7022e-04,
         1.7383e-03, -1.1913e-03,  7.7403e-04, -1.3674e-03, -9.7174e-05,
         9.8905e-04, -2.0987e-04, -1.9093e-03, -1.0344e-03,  8.1787e-04,
        -4.8342e-04, -1.5112e-03, -6.3889e-04, -4.5233e-05,  1.5019e-03,
        -1.2238e-03, -1.3472e-03,  1.8134e-03, -1.3626e-03, -6.9368e-04,
         9.3570e-04, -9.9221e-04,  5.2628e-04, -9.2682e-05, -1.6917e-03,
         5.0216e-04,  1.7083e-03, -1.1839e-03, -1.0218e-03, -1.4386e-03,
        -6.0280e-04, -7.1527e-04, -1.2546e-03,  6.5343e-04,  7.1273e-05,
        -6.1675e-04, -1.0248e-03, -1.5021e-04,  1.2016e-03,  1.2484e-03,
        -5.4273e-04, -1.4170e-03, -1.4123e-03, -9.6450e-04, -1.2451e-03,
         1.1825e-03,  1.9712e-03,  2.4810e-05,  2.4103e-04,  8.6469e-04,
        -1.6797e-03,  1.3834e-03,  1.9699e-03,  6.3569e-05, -1.2235e-03,
        -1.9036e-03,  9.3746e-04,  1.0979e-03, -1.6232e-03, -1.0267e-03,
         1.2522e-03, -3.7197e-04, -1.4289e-03,  6.3389e-04, -5.4709e-04,
         1.1733e-03,  1.1285e-03, -1.1418e-03,  4.4911e-04, -1.7891e-03,
        -1.3921e-03,  1.1784e-03,  1.2967e-03,  1.9542e-04, -5.0592e-04,
        -1.6450e-03, -1.1421e-03, -1.2470e-03,  4.4851e-04,  1.4741e-03,
        -1.9293e-03,  1.8974e-03, -1.7149e-03, -1.8481e-03,  1.4926e-03,
         1.2480e-04, -1.3195e-03, -1.0587e-03,  1.9198e-03, -8.0784e-04,
         5.1732e-04,  6.5244e-04, -6.3837e-04,  7.3250e-04, -7.4589e-04,
        -1.5475e-03,  1.0585e-03, -1.9622e-03,  7.4491e-04,  4.2951e-04,
        -1.7489e-03, -1.4574e-03,  3.9823e-04,  1.2673e-05,  4.1853e-04,
         1.2965e-03, -5.2387e-04,  1.6112e-03, -1.1133e-03,  4.1222e-05,
         1.9031e-03,  1.0826e-03,  1.4668e-03,  1.2270e-03, -4.0327e-04,
         5.7373e-04,  5.7363e-04,  3.7815e-04, -1.2778e-03, -1.0902e-03,
        -1.4739e-03,  1.2901e-03, -6.5656e-04, -1.5072e-04, -1.0364e-03,
        -1.5356e-03, -5.9429e-05,  1.5725e-03,  1.2161e-03, -1.1630e-03,
        -1.0117e-03,  4.9297e-04, -1.4296e-03, -4.2121e-04, -1.6949e-03,
        -9.5364e-04,  1.6330e-03,  1.5772e-03, -1.9261e-03, -1.8645e-03,
         2.4793e-04, -8.6966e-04,  9.5758e-04, -1.5908e-03,  2.7761e-04,
         5.6501e-04, -9.9533e-04, -1.5159e-04, -7.9135e-04,  2.8807e-04,
        -1.3048e-03, -9.4830e-04, -1.6852e-03,  9.1690e-05, -6.6435e-04,
         3.9113e-04,  7.2325e-04, -1.0541e-03,  1.9890e-04,  1.6831e-03,
        -1.2591e-03,  7.2928e-05, -4.4868e-04, -1.3899e-04,  9.1085e-04,
         4.0410e-04])

Name: res_block_11.bn2.weight | Shape: [256]
Values:
tensor([0.1468, 0.1319, 0.1401, 0.1220, 0.1392, 0.1125, 0.1493, 0.1226, 0.1360,
        0.1370, 0.1413, 0.0964, 0.1098, 0.1088, 0.1476, 0.1432, 0.1371, 0.1249,
        0.1478, 0.1274, 0.1381, 0.1439, 0.1807, 0.1999, 0.1292, 0.1395, 0.1429,
        0.0953, 0.1229, 0.1320, 0.2280, 0.1225, 0.1471, 0.1335, 0.1948, 0.1322,
        0.1211, 0.1389, 0.1227, 0.1254, 0.1727, 0.1542, 0.1003, 0.1181, 0.0810,
        0.1698, 0.1375, 0.1704, 0.0751, 0.1190, 0.1070, 0.1618, 0.1244, 0.1433,
        0.1687, 0.1084, 0.1363, 0.2155, 0.1143, 0.0809, 0.1049, 0.0795, 0.0858,
        0.1442, 0.1008, 0.1002, 0.1362, 0.1278, 0.1492, 0.0763, 0.1390, 0.1053,
        0.0741, 0.1353, 0.1376, 0.1287, 0.1329, 0.1019, 0.1103, 0.1334, 0.1147,
        0.1228, 0.1235, 0.0985, 0.1043, 0.1056, 0.1618, 0.1734, 0.1326, 0.0911,
        0.1031, 0.1907, 0.1419, 0.1184, 0.1511, 0.1357, 0.1402, 0.1518, 0.1262,
        0.1330, 0.1402, 0.1097, 0.1305, 0.1389, 0.1449, 0.1565, 0.0941, 0.1825,
        0.1457, 0.0942, 0.1603, 0.1506, 0.1457, 0.0940, 0.1124, 0.1505, 0.2520,
        0.1580, 0.0960, 0.0875, 0.1787, 0.1802, 0.1417, 0.1251, 0.0763, 0.1173,
        0.2099, 0.1736, 0.1595, 0.1091, 0.1488, 0.1625, 0.1032, 0.1248, 0.1348,
        0.1271, 0.1331, 0.1156, 0.1784, 0.1282, 0.1275, 0.1106, 0.1273, 0.1278,
        0.1301, 0.1327, 0.1059, 0.1405, 0.1144, 0.1227, 0.1490, 0.1567, 0.0974,
        0.1097, 0.1112, 0.1520, 0.1045, 0.1422, 0.1636, 0.1339, 0.1593, 0.1505,
        0.1150, 0.1345, 0.1238, 0.1535, 0.1381, 0.1043, 0.2351, 0.1340, 0.1432,
        0.0823, 0.1267, 0.1250, 0.0975, 0.1391, 0.1254, 0.0929, 0.1223, 0.1014,
        0.0997, 0.1199, 0.1195, 0.1183, 0.1032, 0.1188, 0.1384, 0.1048, 0.1424,
        0.1175, 0.1250, 0.1178, 0.1200, 0.1288, 0.0859, 0.1103, 0.1563, 0.1209,
        0.1521, 0.2444, 0.1130, 0.1194, 0.1142, 0.1211, 0.1476, 0.1518, 0.1427,
        0.1210, 0.1435, 0.1389, 0.0978, 0.1422, 0.1259, 0.1481, 0.1545, 0.1315,
        0.1366, 0.1506, 0.1872, 0.1194, 0.1486, 0.1720, 0.1492, 0.1024, 0.1499,
        0.0903, 0.0988, 0.1153, 0.1074, 0.1400, 0.1634, 0.1133, 0.1378, 0.1359,
        0.1249, 0.1271, 0.1347, 0.1399, 0.1357, 0.1121, 0.1166, 0.1111, 0.1509,
        0.1374, 0.1219, 0.1448, 0.0980, 0.1679, 0.1461, 0.1353, 0.1729, 0.1493,
        0.1221, 0.1639, 0.1299, 0.1501])

Name: res_block_11.bn2.bias | Shape: [256]
Values:
tensor([-0.0619, -0.0483, -0.0520, -0.0693, -0.0098, -0.0534, -0.0346, -0.0329,
        -0.0748, -0.0315, -0.0391, -0.0578,  0.0329, -0.0794, -0.0163, -0.0805,
        -0.0422, -0.0459, -0.0715, -0.0504, -0.0170, -0.0398, -0.1162, -0.0835,
        -0.0131, -0.0366, -0.0435, -0.0034, -0.0166, -0.0198, -0.0740, -0.0244,
        -0.0387,  0.0569, -0.0641, -0.0603, -0.0694, -0.0254, -0.0722,  0.0254,
        -0.0622, -0.0389, -0.0390, -0.0305, -0.0045, -0.0247, -0.0356, -0.0859,
        -0.0301,  0.0045, -0.0788,  0.0032, -0.0066, -0.0397, -0.0131, -0.0526,
        -0.0258, -0.1459, -0.0367, -0.0468, -0.0476, -0.0457, -0.0178, -0.0698,
        -0.0522, -0.0524, -0.0251,  0.0046, -0.0536, -0.0226, -0.0567, -0.0144,
        -0.0733, -0.0516,  0.0025, -0.0336, -0.0349, -0.0279, -0.0474, -0.0546,
        -0.0984, -0.0093, -0.0560, -0.0140, -0.0098, -0.0646, -0.0385, -0.0250,
         0.0053, -0.0620, -0.0468,  0.0090, -0.0041, -0.0378, -0.0198, -0.0723,
        -0.0479, -0.0274, -0.0685, -0.0526, -0.0123, -0.0575, -0.0562, -0.0081,
        -0.0108, -0.1022, -0.0125, -0.0477, -0.0325, -0.0115, -0.0781, -0.0165,
        -0.0660, -0.0165,  0.0759, -0.0328, -0.0700, -0.0592, -0.0506, -0.0646,
        -0.0849, -0.0527, -0.0665, -0.0150, -0.0358, -0.0195, -0.0376, -0.0471,
        -0.0450, -0.0661, -0.0403, -0.0711, -0.0535, -0.0268, -0.0492,  0.0043,
        -0.0685, -0.0151, -0.0788, -0.0443, -0.0650, -0.0131, -0.0517, -0.0196,
        -0.0615, -0.0100, -0.0280, -0.0059, -0.0422, -0.0152, -0.0308, -0.0458,
        -0.0485, -0.0442, -0.0429, -0.0604, -0.0318, -0.0630, -0.0826, -0.0362,
        -0.0830, -0.0525, -0.0462, -0.0655, -0.0578, -0.1027, -0.0674,  0.0031,
        -0.0258,  0.0127, -0.0660, -0.0172, -0.0595, -0.0382, -0.0410, -0.0518,
        -0.0485, -0.0196, -0.0635, -0.0002, -0.0622, -0.0584, -0.0421,  0.0052,
        -0.0685, -0.0932, -0.0367,  0.0227, -0.0636, -0.0689, -0.0901, -0.0279,
         0.0062, -0.0012, -0.0609, -0.0579, -0.0990, -0.0604, -0.0210, -0.0584,
        -0.0635, -0.0338, -0.0520, -0.0539, -0.0492, -0.0675,  0.0042, -0.0095,
        -0.0633, -0.0098, -0.0217, -0.0729, -0.0073, -0.0402, -0.0525, -0.0497,
        -0.0761, -0.0339, -0.0481, -0.0395, -0.0073, -0.0054, -0.0733, -0.0677,
        -0.0177, -0.0685, -0.0390, -0.0062, -0.0105, -0.0390, -0.0459, -0.0103,
        -0.0286, -0.0736, -0.0781, -0.0367, -0.0367, -0.0192, -0.0538, -0.0248,
        -0.0057, -0.0226,  0.0072, -0.0619, -0.0471, -0.0419, -0.0425, -0.0473,
        -0.0776,  0.0020, -0.0786, -0.0214, -0.0394, -0.0777, -0.0045, -0.0110])

Name: res_block_12.conv1.weight | Shape: [256, 256, 3, 3]
Values:
tensor([[[[-2.0292e-02,  2.1345e-02, -3.0739e-02],
          [ 1.2997e-02,  2.5540e-02, -5.7016e-03],
          [-1.3388e-02,  2.9926e-03, -1.8190e-02]],

         [[ 1.2401e-03, -3.6865e-03,  2.6475e-03],
          [-9.4474e-04, -7.6229e-03,  1.5424e-02],
          [-2.6240e-03, -1.0439e-02, -1.8253e-02]],

         [[ 6.2414e-04,  6.2109e-03,  2.2214e-02],
          [-1.6760e-02, -1.7862e-02, -6.3615e-03],
          [-1.6372e-02, -1.1761e-02, -4.5616e-03]],

         ...,

         [[-1.7207e-03,  9.1996e-03,  2.1183e-02],
          [ 2.4324e-02, -3.0810e-03, -3.5557e-02],
          [ 1.5027e-02, -4.1759e-03, -6.6374e-04]],

         [[ 1.1065e-02,  1.7070e-02, -4.9591e-03],
          [-1.1593e-02, -8.4183e-03,  4.8866e-03],
          [-1.2255e-02,  1.1306e-02, -7.9431e-03]],

         [[ 1.6311e-03,  1.2852e-02, -3.5766e-02],
          [ 1.5505e-02,  3.0378e-02,  1.2850e-02],
          [ 2.7838e-02,  2.3696e-02,  3.4269e-03]]],


        [[[ 9.0273e-03, -2.8435e-03, -1.1388e-02],
          [-1.9082e-02, -1.1485e-02, -2.2518e-02],
          [ 2.9880e-03, -1.3293e-02, -7.6394e-03]],

         [[-2.7691e-03,  2.5997e-03, -1.4747e-02],
          [-7.4479e-03, -2.5867e-02, -2.3790e-02],
          [ 1.0295e-02, -1.2308e-02,  1.3104e-03]],

         [[ 1.1591e-02,  1.6243e-02,  8.6253e-03],
          [ 3.0725e-04, -4.6668e-03, -2.0052e-02],
          [-1.0469e-02,  1.4129e-03, -4.4364e-03]],

         ...,

         [[-8.1460e-03, -2.8948e-03,  6.2423e-03],
          [ 3.0194e-02, -8.3707e-03, -1.2607e-02],
          [ 1.5501e-02, -1.8422e-02, -1.7085e-02]],

         [[ 1.2250e-02, -5.8452e-03,  2.7783e-02],
          [-1.0325e-02,  1.6927e-02, -1.7198e-03],
          [-1.4548e-02,  2.1112e-03,  2.8062e-02]],

         [[ 1.9091e-02,  2.0333e-02,  1.3040e-02],
          [ 3.4429e-03,  9.8328e-03,  1.0344e-02],
          [-8.9274e-03, -6.7555e-03, -1.7453e-02]]],


        [[[ 1.8083e-02,  3.8454e-02,  1.9819e-02],
          [-3.1114e-03, -2.8707e-04,  4.6475e-03],
          [-3.1571e-02, -1.2173e-03, -8.9484e-03]],

         [[-7.8694e-03, -1.7491e-02,  1.3776e-02],
          [-1.7453e-02, -1.4652e-02, -8.2347e-03],
          [-1.8249e-02, -7.0122e-03, -1.9243e-02]],

         [[ 2.0892e-03, -2.1795e-02,  5.8385e-03],
          [-1.8010e-02,  1.9087e-02,  1.3390e-02],
          [ 1.1350e-02, -7.8360e-03,  2.4320e-02]],

         ...,

         [[ 6.2184e-03,  2.3356e-03,  2.3188e-02],
          [ 4.4387e-03, -1.0091e-02,  1.1720e-02],
          [ 1.9865e-02,  2.6629e-02, -5.6938e-03]],

         [[ 2.4503e-02, -7.6470e-03, -1.4148e-02],
          [ 1.0553e-02,  1.0667e-02, -4.9631e-03],
          [ 1.3025e-02, -1.6883e-02, -1.0582e-02]],

         [[ 8.2700e-03,  3.7703e-03,  2.5714e-03],
          [ 5.3801e-03,  9.2237e-04, -6.8782e-03],
          [-3.5359e-03, -2.1953e-02, -1.1960e-02]]],


        ...,


        [[[-8.3751e-03,  1.7428e-02,  7.3198e-03],
          [-3.0352e-02, -4.3470e-03,  6.0809e-03],
          [-4.2241e-02, -1.2929e-02, -1.1028e-05]],

         [[-4.3207e-03, -4.9892e-03, -2.8799e-03],
          [ 2.4186e-03,  6.1002e-03, -2.7479e-03],
          [ 5.8676e-03,  4.2950e-03, -1.0880e-02]],

         [[-1.3219e-03,  9.9524e-03,  4.7011e-03],
          [-1.1556e-02,  1.5721e-02,  2.5925e-02],
          [-6.2261e-03,  2.3102e-02,  1.5007e-02]],

         ...,

         [[-1.1321e-02, -1.2237e-02,  1.0717e-02],
          [-2.3665e-03, -5.3253e-03,  2.2277e-03],
          [ 6.4779e-03,  5.7245e-03,  2.0333e-02]],

         [[ 7.3258e-03,  1.3394e-02,  5.7741e-03],
          [-1.0175e-02, -1.7742e-03, -1.3617e-02],
          [-3.1920e-02, -4.0542e-02, -3.6968e-02]],

         [[-5.8599e-05, -2.0911e-03,  2.5627e-04],
          [ 8.6858e-04, -2.8769e-03, -1.6966e-02],
          [ 4.8061e-03, -6.4077e-03, -3.7651e-03]]],


        [[[-2.0881e-02, -1.4359e-02,  7.0932e-03],
          [-8.9241e-03, -2.4880e-02, -1.4824e-02],
          [-2.4886e-03, -1.0633e-02, -1.6068e-02]],

         [[ 2.2382e-02,  3.3879e-03,  1.2445e-02],
          [ 1.7580e-02,  1.7844e-02,  5.8253e-03],
          [ 5.3046e-03,  2.1770e-02,  2.3195e-02]],

         [[-2.8646e-02, -9.8014e-03,  3.0432e-03],
          [-1.9179e-02, -1.0072e-02,  5.3349e-03],
          [-5.2284e-04, -2.7826e-02,  8.9006e-03]],

         ...,

         [[-1.9812e-02, -1.1816e-02, -9.2930e-03],
          [-7.7195e-03, -7.6600e-03,  1.5844e-02],
          [ 4.0149e-02,  1.2101e-02,  2.8360e-02]],

         [[ 5.0951e-04,  1.8702e-02,  7.9580e-03],
          [-3.0969e-02,  3.0381e-03,  4.8060e-03],
          [-3.0513e-02, -1.1976e-02,  1.7793e-02]],

         [[-1.4412e-02, -1.5558e-02,  2.9720e-03],
          [-7.0640e-03, -2.1570e-02, -2.2349e-02],
          [-1.2358e-02,  5.0974e-03,  1.7788e-03]]],


        [[[-4.3331e-04, -1.5343e-02,  1.6320e-02],
          [ 5.9186e-03,  1.4108e-02, -1.0947e-02],
          [ 2.1868e-02, -1.8143e-02, -5.6723e-02]],

         [[-1.2349e-02, -3.2869e-02, -3.5453e-02],
          [-7.9562e-03, -1.6960e-02,  3.1008e-03],
          [ 8.5143e-03,  5.5276e-03, -3.8559e-03]],

         [[-7.5564e-03, -1.0835e-03,  1.9644e-02],
          [ 8.3218e-04,  2.4061e-02,  1.7220e-02],
          [-1.1024e-02, -5.5614e-03, -3.8728e-03]],

         ...,

         [[-1.2827e-02,  1.5878e-03, -1.0834e-02],
          [-2.9299e-02, -7.0402e-03,  3.8540e-03],
          [-1.6461e-02,  4.2978e-03,  1.1496e-02]],

         [[ 7.6027e-03, -6.6627e-03,  1.1023e-04],
          [ 1.6740e-02,  2.3475e-03,  9.5278e-03],
          [-1.7434e-03, -8.1529e-03, -2.3363e-02]],

         [[ 2.9490e-02, -5.5729e-03, -1.0493e-02],
          [-1.1056e-02,  4.4058e-03, -2.1239e-02],
          [-1.3750e-02,  9.3318e-03, -3.1620e-02]]]])

Name: res_block_12.conv1.bias | Shape: [256]
Values:
tensor([-2.8064e-04,  1.7711e-03,  8.2486e-04,  8.8069e-04, -8.8989e-05,
         1.5264e-03,  9.6485e-04, -5.8473e-04, -8.5134e-04,  1.7517e-04,
        -6.3818e-04,  1.4280e-03,  1.3889e-03,  8.5295e-04,  1.7095e-04,
        -1.7122e-03, -1.2153e-03, -1.8557e-03, -7.5021e-04, -9.1689e-04,
         1.5006e-03,  2.2409e-05,  1.6917e-03,  9.1066e-04, -9.4528e-04,
        -4.6224e-04,  1.2441e-03, -8.3130e-04,  1.1258e-03, -1.4633e-03,
         1.0761e-03, -1.3059e-03, -1.5946e-03,  1.8880e-03,  1.6641e-03,
        -9.9139e-04, -4.7826e-04,  3.5842e-04, -1.2353e-03,  1.1733e-03,
        -5.4884e-04, -1.6360e-03, -1.5772e-03, -8.5186e-04, -1.0608e-03,
         7.2235e-05, -6.9337e-04, -3.2404e-04, -6.4866e-04,  1.6849e-03,
         1.0162e-03,  6.6396e-04,  1.0682e-03,  1.7077e-03, -1.6631e-03,
        -7.5609e-04,  3.1672e-04,  1.0182e-03,  1.7481e-03,  6.9979e-04,
        -6.6648e-04,  1.9029e-03,  1.5638e-03, -1.1047e-03, -1.4849e-03,
         1.6849e-03, -1.4383e-03,  3.4159e-04,  7.6569e-04, -8.3833e-04,
        -1.8543e-03,  2.2301e-04,  9.3633e-05,  1.3227e-03,  1.6515e-03,
         1.7547e-04,  1.2148e-03, -6.2276e-04, -8.5678e-04,  1.6015e-03,
        -8.6108e-04,  9.6661e-05, -7.0867e-04,  8.8656e-04, -8.3175e-05,
        -1.2360e-03,  5.5747e-04,  8.9094e-04,  1.5078e-03, -9.2632e-04,
        -5.1338e-04,  1.2099e-05, -1.8380e-03,  1.1826e-03, -8.5655e-05,
         7.3015e-04,  1.1553e-04, -6.9361e-04,  2.2567e-04,  1.3260e-03,
        -1.0980e-03,  1.7668e-03, -8.7446e-04, -1.1076e-03,  3.6592e-04,
         4.9855e-04, -1.4250e-03,  3.1312e-04,  1.3345e-03, -1.6658e-03,
         1.9551e-03,  6.3086e-04,  1.6745e-03,  1.1401e-03, -1.3284e-03,
         1.0740e-04,  1.9626e-03,  1.4579e-03, -4.5185e-04, -1.3843e-03,
        -1.2128e-03,  1.1001e-05, -6.4899e-04, -5.7765e-04, -4.2875e-04,
        -1.5722e-03, -1.2845e-03,  1.0568e-03,  1.4291e-03, -1.5666e-03,
        -1.2825e-03,  3.2374e-04, -7.4150e-04,  7.6603e-05,  7.7203e-04,
         1.9104e-03, -5.3634e-04, -6.6572e-04,  3.8814e-05,  6.8064e-04,
         1.2690e-03, -1.1100e-03, -1.1840e-03, -1.4631e-03, -5.8254e-04,
        -9.2772e-04, -1.2334e-03,  6.7545e-05, -1.3681e-03, -9.5451e-04,
        -1.0725e-03,  7.7803e-04, -1.2888e-03,  1.3485e-03, -5.5199e-04,
        -8.4139e-04,  1.1523e-03, -1.2279e-03,  1.4536e-03, -1.1872e-03,
        -5.1787e-04,  8.8692e-04,  8.8161e-04, -1.6638e-04, -1.1517e-03,
         2.6121e-04, -5.2348e-04, -1.4932e-03, -5.8881e-05, -7.2323e-04,
         7.3688e-04,  1.6587e-03, -1.8976e-03,  1.7761e-05, -1.5731e-03,
        -9.9934e-04, -1.8222e-03, -2.2094e-04, -6.5325e-04, -1.3128e-03,
        -1.0615e-03,  3.1705e-04, -7.6620e-04,  6.6237e-04,  1.0773e-03,
         9.9892e-04, -1.5074e-03, -1.2211e-03,  8.1588e-04, -1.2124e-04,
        -3.0109e-05,  5.4490e-04, -1.8632e-03,  7.9468e-04, -1.4771e-03,
        -5.1453e-04,  1.0963e-03,  9.6333e-05, -8.1676e-04,  5.8641e-04,
        -6.3414e-04, -1.8521e-03, -2.7276e-04, -1.3327e-04,  1.2396e-04,
         1.5330e-03, -1.4773e-03,  1.7652e-03, -5.1952e-04, -3.7694e-04,
        -4.0913e-04, -1.8984e-03,  2.3531e-04, -6.8848e-04,  1.0643e-03,
         1.8862e-03,  5.6202e-04, -1.1404e-03,  1.0373e-03,  4.7189e-04,
        -1.5920e-03, -7.7956e-05,  6.4850e-05, -1.4644e-03,  3.6113e-04,
         5.1357e-04,  1.4387e-03,  1.4930e-03,  1.3831e-03, -1.8915e-03,
        -7.8496e-04, -7.2161e-04,  9.5024e-05,  2.3055e-04, -6.4203e-04,
        -9.5288e-04, -4.7195e-04, -1.1424e-04, -1.1262e-03,  1.9322e-03,
         3.2935e-04,  1.4444e-03, -7.8581e-04, -1.9585e-03,  1.2541e-03,
         3.0299e-04, -1.3932e-04, -1.1405e-03, -1.0782e-03,  1.9581e-03,
         3.8511e-04, -7.0807e-04, -4.2339e-04,  2.8062e-04,  1.9354e-03,
         1.5306e-03])

Name: res_block_12.bn1.weight | Shape: [256]
Values:
tensor([0.1454, 0.1588, 0.1662, 0.1945, 0.1731, 0.1378, 0.1650, 0.1636, 0.1682,
        0.1914, 0.1623, 0.1466, 0.1645, 0.1656, 0.1251, 0.2074, 0.1732, 0.1418,
        0.1711, 0.1528, 0.1572, 0.1383, 0.1531, 0.1224, 0.1534, 0.1336, 0.1580,
        0.1766, 0.1576, 0.1711, 0.1757, 0.1999, 0.1326, 0.1267, 0.1890, 0.1547,
        0.1614, 0.1478, 0.1544, 0.1487, 0.1536, 0.1304, 0.1888, 0.1675, 0.1491,
        0.1601, 0.1580, 0.1732, 0.1726, 0.1533, 0.1753, 0.1451, 0.1566, 0.1619,
        0.1607, 0.1676, 0.1868, 0.1935, 0.1600, 0.1411, 0.1171, 0.1432, 0.1558,
        0.1711, 0.1616, 0.1570, 0.1641, 0.1765, 0.1564, 0.1587, 0.1785, 0.1772,
        0.2014, 0.1723, 0.1700, 0.1275, 0.1315, 0.1412, 0.1407, 0.1575, 0.1704,
        0.1580, 0.1664, 0.1368, 0.1664, 0.1573, 0.1275, 0.1765, 0.1614, 0.1552,
        0.1243, 0.1669, 0.1519, 0.1754, 0.1450, 0.1465, 0.1625, 0.1714, 0.1410,
        0.1474, 0.1568, 0.1836, 0.1222, 0.1576, 0.1786, 0.1442, 0.1622, 0.1404,
        0.1679, 0.1461, 0.1741, 0.1701, 0.1600, 0.1616, 0.1565, 0.1534, 0.1217,
        0.1655, 0.0920, 0.1814, 0.1636, 0.1425, 0.1413, 0.1502, 0.1805, 0.1873,
        0.1518, 0.1616, 0.1547, 0.1429, 0.1979, 0.1483, 0.1292, 0.1424, 0.1487,
        0.1612, 0.1346, 0.1441, 0.1617, 0.1622, 0.1582, 0.1470, 0.1434, 0.2029,
        0.1632, 0.1660, 0.1761, 0.1752, 0.1564, 0.1628, 0.1628, 0.1327, 0.1748,
        0.1412, 0.1638, 0.1779, 0.1515, 0.1770, 0.1555, 0.1454, 0.1702, 0.1473,
        0.1634, 0.1741, 0.1473, 0.1514, 0.1692, 0.1485, 0.1506, 0.1591, 0.1660,
        0.1509, 0.1726, 0.1426, 0.1622, 0.1561, 0.1827, 0.1553, 0.1544, 0.1812,
        0.1597, 0.1649, 0.1677, 0.1793, 0.1579, 0.1588, 0.1575, 0.1358, 0.1682,
        0.1585, 0.1483, 0.1716, 0.1745, 0.1215, 0.1656, 0.1658, 0.1832, 0.1545,
        0.1382, 0.1501, 0.1493, 0.1125, 0.1400, 0.1663, 0.1662, 0.1423, 0.1832,
        0.1375, 0.1588, 0.1344, 0.1382, 0.1373, 0.1614, 0.1428, 0.1721, 0.1416,
        0.1459, 0.1687, 0.1599, 0.1694, 0.1631, 0.2228, 0.1597, 0.1359, 0.1401,
        0.1726, 0.1313, 0.1649, 0.1226, 0.1529, 0.1642, 0.1451, 0.1793, 0.1738,
        0.1899, 0.1582, 0.1609, 0.1710, 0.1403, 0.1519, 0.1415, 0.1741, 0.1692,
        0.1396, 0.1606, 0.1375, 0.1537, 0.1399, 0.1854, 0.1535, 0.1588, 0.1750,
        0.1883, 0.1513, 0.1583, 0.1684])

Name: res_block_12.bn1.bias | Shape: [256]
Values:
tensor([-0.1113, -0.1233, -0.0926, -0.0826, -0.1168, -0.1731, -0.1316, -0.1093,
        -0.1250, -0.0873, -0.1284, -0.0896, -0.0922, -0.1525, -0.0908, -0.1368,
        -0.1106, -0.1342, -0.1064, -0.1119, -0.1244, -0.1223, -0.1216, -0.1077,
        -0.1024, -0.1088, -0.1397, -0.2022, -0.1295, -0.1061, -0.1443, -0.0962,
        -0.0721, -0.1183, -0.1407, -0.1440, -0.0860, -0.0973, -0.1112, -0.1113,
        -0.1191, -0.0841, -0.1032, -0.1676, -0.1036, -0.0798, -0.1240, -0.1025,
        -0.1152, -0.0888, -0.1376, -0.1057, -0.0939, -0.1244, -0.1245, -0.1266,
        -0.1353, -0.1813, -0.1363, -0.1052, -0.1023, -0.0920, -0.1393, -0.1278,
        -0.1180, -0.1175, -0.1261, -0.1556, -0.0970, -0.1038, -0.1362, -0.1289,
        -0.0877, -0.1312, -0.1210, -0.1110, -0.1381, -0.1103, -0.0723, -0.1055,
        -0.1343, -0.1279, -0.0884, -0.0686, -0.1448, -0.1569, -0.1102, -0.0812,
        -0.1085, -0.0676, -0.1175, -0.1177, -0.0643, -0.1219, -0.1047, -0.1009,
        -0.0693, -0.1210, -0.1366, -0.1192, -0.1297, -0.0742, -0.0734, -0.1121,
        -0.1274, -0.1096, -0.1404, -0.1060, -0.0928, -0.0902, -0.1320, -0.0979,
        -0.1223, -0.1078, -0.0979, -0.1070, -0.0946, -0.1194, -0.0875, -0.1185,
        -0.1373, -0.1169, -0.1134, -0.1094, -0.1271, -0.1250, -0.1400, -0.1003,
        -0.0953, -0.1097, -0.0976, -0.1007, -0.0992, -0.1373, -0.1338, -0.1307,
        -0.1017, -0.1190, -0.0921, -0.1182, -0.0931, -0.1134, -0.1135, -0.1391,
        -0.1258, -0.1469, -0.1219, -0.1090, -0.1624, -0.1306, -0.1175, -0.0994,
        -0.1264, -0.1110, -0.1043, -0.1146, -0.1258, -0.1169, -0.1204, -0.1200,
        -0.0867, -0.1489, -0.1314, -0.1321, -0.1270, -0.1330, -0.1040, -0.1018,
        -0.0892, -0.1220, -0.0985, -0.0737, -0.0949, -0.0957, -0.1531, -0.0995,
        -0.0880, -0.1227, -0.1208, -0.0812, -0.1056, -0.0854, -0.0985, -0.1442,
        -0.1525, -0.1023, -0.1211, -0.0866, -0.1396, -0.1042, -0.1449, -0.1057,
        -0.0938, -0.0860, -0.0718, -0.0980, -0.1160, -0.0742, -0.0977, -0.0978,
        -0.1596, -0.1062, -0.1136, -0.0838, -0.1031, -0.1154, -0.0650, -0.1059,
        -0.1246, -0.0900, -0.1470, -0.0768, -0.0857, -0.0569, -0.1242, -0.1149,
        -0.1212, -0.0850, -0.1431, -0.1336, -0.1084, -0.1584, -0.0805, -0.1257,
        -0.0895, -0.1198, -0.1110, -0.0984, -0.0872, -0.1111, -0.1220, -0.1056,
        -0.1035, -0.1611, -0.1372, -0.0907, -0.0981, -0.1155, -0.0945, -0.1396,
        -0.1212, -0.1091, -0.1607, -0.0937, -0.1134, -0.1396, -0.1243, -0.0713,
        -0.1440, -0.1238, -0.1305, -0.1549, -0.1117, -0.0766, -0.1495, -0.1214])

Name: res_block_12.conv2.weight | Shape: [256, 256, 3, 3]
Values:
tensor([[[[-3.8983e-03, -2.1133e-02, -2.6586e-02],
          [-1.6696e-02, -3.9166e-03, -1.2154e-02],
          [-1.2069e-02, -5.0865e-03, -1.0731e-03]],

         [[-1.4202e-02, -1.1676e-02, -1.3862e-03],
          [ 1.1631e-02, -2.1111e-02, -3.1133e-02],
          [ 1.3124e-02, -2.4090e-03, -1.6062e-02]],

         [[-3.2018e-03,  6.8624e-03, -2.5971e-02],
          [-1.6005e-02,  3.6445e-03,  9.6574e-03],
          [-1.7187e-02,  5.7794e-04,  3.6205e-03]],

         ...,

         [[-1.1392e-02, -8.0382e-03,  2.6690e-02],
          [-1.4405e-02, -2.6164e-02,  1.0483e-02],
          [-1.6850e-02, -1.2818e-02,  2.2288e-02]],

         [[ 1.0819e-02,  2.3992e-03, -2.5952e-02],
          [ 8.4781e-03, -3.2255e-03, -9.9749e-03],
          [ 1.7727e-02,  1.2458e-02,  1.3881e-02]],

         [[ 2.5936e-02, -2.5222e-02, -1.0507e-02],
          [ 1.1677e-02,  6.7726e-03, -2.0322e-02],
          [ 3.5706e-03,  8.2720e-03, -1.0573e-02]]],


        [[[ 3.6807e-04, -1.3993e-02, -1.6199e-02],
          [ 9.1710e-03, -1.8108e-02, -2.9258e-03],
          [ 2.9721e-02, -2.0135e-02,  1.4220e-02]],

         [[ 2.0530e-02, -4.0430e-03, -1.3750e-02],
          [ 7.3191e-03, -2.2681e-02, -1.9897e-02],
          [ 1.0287e-02, -8.1416e-03, -6.9169e-03]],

         [[ 5.5356e-03,  5.4709e-03,  1.2532e-02],
          [-9.3721e-03,  9.5277e-03,  7.3031e-03],
          [-9.3194e-03,  1.2532e-02,  4.3642e-03]],

         ...,

         [[ 1.8658e-03,  6.3102e-03, -9.8091e-03],
          [-6.2398e-04, -1.2932e-02, -1.7581e-02],
          [-6.6201e-03, -1.3850e-02, -1.1694e-02]],

         [[-3.6941e-02, -2.3255e-02, -1.5511e-02],
          [-1.7393e-02, -8.5020e-03, -2.4771e-02],
          [-1.5251e-02,  1.3863e-02, -5.0898e-03]],

         [[-1.7389e-02, -3.5576e-03, -1.7543e-02],
          [-6.9386e-03, -6.8096e-03, -1.3552e-02],
          [ 1.0598e-02,  2.4738e-02,  1.1178e-02]]],


        [[[ 1.7006e-02,  4.5992e-03,  2.2729e-02],
          [ 2.0776e-02,  1.5256e-03,  1.8050e-02],
          [ 2.2564e-02,  1.8488e-02,  2.3549e-02]],

         [[ 9.3425e-03, -1.1808e-03, -1.2303e-03],
          [ 3.2004e-03,  1.9059e-02,  6.5665e-03],
          [ 1.1491e-02,  9.8198e-03,  1.0057e-02]],

         [[ 9.1099e-03, -3.8635e-03, -6.8590e-03],
          [-1.5839e-03,  1.3369e-02, -2.3853e-03],
          [ 4.2687e-03,  1.9033e-02,  8.5075e-03]],

         ...,

         [[-2.6993e-02, -2.9366e-02, -9.0240e-03],
          [ 4.9047e-03, -2.2922e-02, -4.3208e-03],
          [-7.1614e-03, -9.1891e-03, -1.9576e-02]],

         [[-9.1424e-03, -1.3134e-02, -1.9235e-02],
          [-1.9768e-03,  5.9909e-03, -2.5112e-02],
          [ 3.0018e-03,  6.7545e-03,  7.3867e-03]],

         [[-1.8993e-03,  1.2001e-02,  4.9451e-03],
          [-6.2472e-04,  1.2945e-02,  8.2515e-03],
          [-1.6332e-02,  1.0907e-02,  1.9612e-02]]],


        ...,


        [[[ 2.0880e-02, -8.7260e-03, -1.0319e-02],
          [-2.1950e-02, -2.0607e-03,  2.9501e-03],
          [-1.0349e-02, -1.3282e-02,  3.2944e-02]],

         [[ 8.2910e-03,  1.5049e-02, -2.0940e-03],
          [-9.6002e-04, -2.4141e-02, -1.4973e-02],
          [-1.3718e-02, -1.5795e-02, -1.6801e-02]],

         [[-1.9320e-02, -3.2567e-03, -4.7215e-03],
          [-4.2425e-03, -6.5183e-03, -2.9766e-02],
          [-1.3885e-02,  9.9452e-03, -2.2169e-03]],

         ...,

         [[-8.0042e-03,  1.4763e-03,  5.3378e-03],
          [-1.9929e-03,  1.3899e-03, -3.2108e-03],
          [-5.0450e-03,  1.8989e-03, -1.0424e-02]],

         [[ 3.4294e-03, -2.5259e-02, -2.3307e-03],
          [-1.0928e-02, -8.3898e-04, -6.4780e-03],
          [-2.2556e-02, -8.7074e-03,  4.4464e-03]],

         [[-8.7738e-03, -8.7646e-04,  8.9317e-03],
          [-5.9690e-04,  4.1344e-03,  1.3827e-02],
          [-1.0140e-02, -5.1068e-04,  3.5298e-04]]],


        [[[ 1.2941e-02, -1.5907e-02, -1.1828e-03],
          [-3.1049e-03,  3.2171e-03, -1.6981e-02],
          [-1.1249e-02,  8.8557e-04, -1.1999e-02]],

         [[ 7.7230e-03,  6.4684e-03,  2.6260e-02],
          [ 9.9993e-03,  2.5262e-02,  2.9525e-02],
          [-9.1294e-03,  1.2815e-02,  4.6894e-03]],

         [[-9.6450e-03, -9.1819e-03, -2.3502e-02],
          [-5.5817e-03,  1.2229e-02, -1.1542e-02],
          [ 2.1551e-03,  6.5714e-03,  6.7752e-03]],

         ...,

         [[-3.7212e-03, -1.2473e-02, -4.4542e-03],
          [ 1.8080e-03, -7.8499e-03, -7.1645e-03],
          [ 1.3677e-02,  1.2687e-03,  7.3655e-03]],

         [[ 9.2802e-03,  1.6226e-02, -6.6420e-03],
          [ 9.9483e-03, -2.7204e-03, -5.8576e-03],
          [-9.3505e-03, -1.3615e-03, -1.4899e-03]],

         [[-6.2681e-05, -5.6808e-03,  1.3038e-02],
          [-1.5057e-03, -2.2925e-02,  1.3227e-02],
          [-6.2125e-03, -1.2238e-02,  1.1341e-02]]],


        [[[-6.1915e-03,  1.0496e-02,  1.0483e-03],
          [ 2.8954e-02,  1.7599e-02, -7.0138e-03],
          [ 1.2253e-02, -4.0821e-03, -5.2140e-03]],

         [[-3.7745e-02,  6.1524e-04,  5.6940e-04],
          [-9.0298e-03, -1.5971e-02, -8.2947e-03],
          [ 4.9602e-03, -3.2534e-03, -2.1513e-02]],

         [[-3.4220e-02, -1.7814e-02,  1.3183e-02],
          [-1.7481e-02, -6.9157e-03,  1.3249e-02],
          [-1.2314e-02, -4.6770e-03, -5.2820e-03]],

         ...,

         [[-2.8697e-03, -1.0223e-02, -4.8872e-03],
          [ 3.9353e-03, -2.0082e-03, -1.9106e-02],
          [ 1.9831e-02,  1.4102e-03, -1.3902e-02]],

         [[ 6.2123e-03,  1.7755e-02,  1.7765e-02],
          [-1.4036e-02,  4.4699e-04,  2.3050e-03],
          [-1.7410e-02,  1.1445e-02,  7.7828e-03]],

         [[ 4.8861e-03,  5.3035e-03, -4.6236e-03],
          [ 1.0937e-02,  1.3259e-02,  1.8029e-02],
          [ 1.8767e-02,  1.2495e-02,  2.0043e-02]]]])

Name: res_block_12.conv2.bias | Shape: [256]
Values:
tensor([-1.0832e-04, -9.1312e-04,  1.3205e-03, -1.2613e-03,  9.4657e-04,
        -1.3762e-03,  5.5724e-04,  5.9858e-04, -1.4106e-03, -5.4837e-04,
         1.9190e-03,  3.6518e-04,  1.4905e-03, -1.1458e-03, -1.7941e-04,
         7.0926e-04,  1.0141e-03,  1.0393e-03,  9.6277e-04, -1.0914e-03,
        -2.9487e-04,  7.5261e-04,  1.3622e-03,  3.1483e-05, -1.0212e-03,
        -3.8612e-05, -7.3068e-04, -1.9553e-04, -5.9048e-04, -7.6073e-05,
         8.8711e-04, -1.5727e-03, -2.2644e-04,  4.2366e-04, -7.2382e-04,
        -5.5747e-04,  2.4129e-05, -9.9001e-04, -1.4700e-03, -1.1777e-03,
         1.0707e-03, -1.3196e-03,  8.1588e-04,  6.6303e-04, -1.6668e-03,
        -1.4295e-03,  5.3040e-04,  9.0129e-04, -8.7086e-05,  1.7575e-03,
         1.0399e-03, -5.9219e-04,  1.5939e-03, -4.9731e-04,  5.2398e-04,
         1.7602e-03, -6.2882e-04,  3.8372e-04, -1.8697e-03,  7.6457e-04,
        -6.1895e-04, -5.9953e-05,  1.8982e-03,  1.7304e-04, -1.8161e-03,
        -5.8577e-04, -1.4861e-03, -1.5852e-04, -1.2749e-03,  7.3522e-04,
         8.1100e-04, -1.4295e-03,  1.0129e-03, -4.0746e-04,  5.3025e-04,
         1.4887e-03, -1.2513e-03,  5.6123e-04, -1.8912e-03, -1.9394e-03,
         1.4506e-03, -1.0754e-03,  1.1533e-03, -1.2242e-03, -1.8443e-03,
        -2.5006e-04, -1.3157e-03,  6.3740e-04, -8.1649e-04, -1.4956e-03,
        -5.7142e-04,  1.5236e-04,  1.0731e-03,  1.7776e-03,  6.7922e-04,
         6.1903e-04,  3.6798e-04, -1.3468e-03, -1.8366e-03,  5.0214e-04,
         7.7346e-04, -1.2573e-03,  3.6740e-05, -1.0969e-03,  2.1998e-04,
        -2.8610e-04,  3.5021e-04,  7.7154e-04,  1.0795e-03,  4.6817e-04,
         1.2103e-04, -1.2895e-03, -1.3189e-03,  1.5745e-03,  1.6064e-03,
         9.4548e-04,  4.9934e-04, -9.2926e-04,  1.5624e-03, -5.4626e-04,
        -1.8960e-03,  1.6396e-03,  1.1629e-03,  3.9014e-04, -1.7735e-03,
        -1.7155e-03,  1.8324e-03,  1.3019e-03, -1.0762e-03, -1.8962e-03,
         3.9491e-04, -1.2281e-03,  8.0202e-04,  1.8149e-03,  1.6550e-03,
        -1.9171e-03,  1.2840e-03, -7.1726e-04, -1.2620e-03, -1.3526e-03,
        -1.8672e-03,  2.7444e-04,  1.6409e-03,  1.6846e-03, -1.6023e-03,
        -5.8521e-06, -2.8968e-04, -6.4898e-04, -1.6130e-03, -6.7075e-04,
        -7.7308e-04,  1.2452e-04, -1.7841e-03,  2.1467e-04,  1.0780e-03,
        -6.0414e-04,  8.3182e-04, -1.2116e-03,  1.3163e-03, -1.2717e-03,
         2.9019e-04, -3.4588e-04, -1.9083e-03,  2.5323e-04,  9.5579e-04,
        -2.2780e-04, -1.3590e-04, -1.7752e-03,  1.0727e-03, -1.6101e-03,
        -1.0866e-03,  1.0599e-03,  7.0609e-05,  2.2607e-04, -2.7859e-04,
        -1.9014e-03,  2.7590e-04, -9.3186e-04,  1.2655e-03, -1.0615e-03,
         1.9253e-03, -1.5546e-04, -8.8814e-04, -1.1916e-03,  1.7376e-03,
        -6.5541e-04,  9.4645e-04,  1.1054e-03,  1.9727e-03, -8.4219e-04,
        -9.0487e-04, -5.8634e-04,  5.8651e-05, -1.7569e-04,  7.4054e-04,
         1.7683e-03, -4.6999e-04,  1.4603e-03, -1.6881e-03, -4.5277e-05,
        -1.2656e-03, -1.1236e-03, -3.3830e-04,  1.4214e-03,  4.5715e-04,
         1.5806e-03,  1.1567e-03,  1.1112e-03,  1.4995e-03, -1.7730e-04,
        -9.6389e-04,  5.6114e-04,  1.4877e-03, -1.6220e-03, -1.9218e-03,
         5.5454e-04,  1.5214e-03,  9.3366e-04,  2.6907e-04,  9.0858e-04,
        -1.8900e-03, -6.1761e-04,  2.1301e-04, -1.5421e-03,  8.2808e-04,
         1.1172e-03,  4.7865e-04,  9.4734e-04,  5.7108e-04, -1.7941e-03,
        -6.1001e-04,  5.8191e-04,  1.8474e-03, -1.1795e-03, -3.8525e-04,
        -3.3459e-04, -1.9103e-03,  3.0463e-04, -4.2598e-04,  6.8407e-04,
        -3.0161e-04,  1.5413e-03, -1.5927e-04, -1.1693e-03, -1.2962e-03,
         1.6142e-03,  1.0453e-03,  9.8310e-04,  1.5590e-03, -1.8458e-03,
        -7.9402e-04,  1.6381e-03,  7.3341e-04,  2.0790e-04, -1.6347e-04,
         1.0752e-03])

Name: res_block_12.bn2.weight | Shape: [256]
Values:
tensor([0.1735, 0.1327, 0.1445, 0.1166, 0.0948, 0.1539, 0.1948, 0.1351, 0.1399,
        0.1401, 0.1527, 0.1083, 0.1441, 0.1282, 0.1221, 0.1409, 0.1010, 0.1606,
        0.1896, 0.1772, 0.1218, 0.1595, 0.1410, 0.1416, 0.1937, 0.1238, 0.1861,
        0.0921, 0.1414, 0.1604, 0.2665, 0.1142, 0.1399, 0.1404, 0.1819, 0.1493,
        0.1020, 0.1684, 0.1379, 0.1152, 0.1442, 0.1033, 0.1115, 0.1462, 0.1051,
        0.2020, 0.1056, 0.1691, 0.0830, 0.1316, 0.1231, 0.1357, 0.1457, 0.1661,
        0.1669, 0.1296, 0.1221, 0.1812, 0.1032, 0.1052, 0.1430, 0.0747, 0.1176,
        0.1328, 0.1146, 0.1307, 0.1359, 0.1483, 0.1415, 0.0829, 0.1122, 0.1315,
        0.1102, 0.1119, 0.1306, 0.1005, 0.1069, 0.0792, 0.1462, 0.1104, 0.1395,
        0.1222, 0.1150, 0.1034, 0.0832, 0.1219, 0.1167, 0.1887, 0.1236, 0.1537,
        0.1024, 0.1234, 0.1413, 0.1250, 0.1558, 0.1612, 0.1313, 0.1326, 0.0975,
        0.1102, 0.1478, 0.1132, 0.1123, 0.1102, 0.1664, 0.1715, 0.0824, 0.1646,
        0.1370, 0.0955, 0.0925, 0.1251, 0.1433, 0.1497, 0.0936, 0.1805, 0.2572,
        0.1489, 0.0957, 0.0686, 0.1657, 0.1672, 0.1425, 0.1307, 0.0850, 0.1185,
        0.1822, 0.1238, 0.1301, 0.1603, 0.1397, 0.1394, 0.1080, 0.1351, 0.1136,
        0.1165, 0.1621, 0.1084, 0.2263, 0.1713, 0.1538, 0.1263, 0.1429, 0.1039,
        0.1528, 0.1437, 0.1247, 0.1502, 0.1072, 0.0727, 0.1349, 0.1192, 0.0942,
        0.1185, 0.1256, 0.1489, 0.1239, 0.1183, 0.1963, 0.1229, 0.1421, 0.1673,
        0.1375, 0.1165, 0.1309, 0.1035, 0.1021, 0.1293, 0.1971, 0.1529, 0.1468,
        0.1460, 0.1352, 0.1343, 0.0838, 0.1538, 0.1195, 0.1069, 0.1588, 0.0788,
        0.0941, 0.1187, 0.1446, 0.1206, 0.1216, 0.1706, 0.1456, 0.0704, 0.1518,
        0.1553, 0.1561, 0.1402, 0.1226, 0.1263, 0.1037, 0.1241, 0.1616, 0.1062,
        0.1151, 0.1927, 0.1392, 0.0993, 0.1207, 0.1326, 0.1458, 0.1222, 0.1273,
        0.1589, 0.1696, 0.1181, 0.1092, 0.1218, 0.1460, 0.1239, 0.1269, 0.1646,
        0.2641, 0.1221, 0.1981, 0.1582, 0.1621, 0.1852, 0.1709, 0.1163, 0.1517,
        0.0996, 0.1250, 0.1481, 0.1090, 0.1125, 0.1227, 0.1132, 0.1141, 0.1424,
        0.1323, 0.1355, 0.1150, 0.1234, 0.1554, 0.1168, 0.0909, 0.0863, 0.1254,
        0.1181, 0.1343, 0.1231, 0.0795, 0.1548, 0.1338, 0.1495, 0.1435, 0.1133,
        0.1598, 0.1390, 0.1222, 0.1325])

Name: res_block_12.bn2.bias | Shape: [256]
Values:
tensor([-1.8506e-02, -1.4219e-03, -4.7201e-02, -1.5924e-02, -3.6152e-02,
        -3.7740e-02, -4.6522e-02, -7.5040e-02, -5.3183e-02, -2.4434e-02,
        -6.0242e-02, -3.1682e-02,  8.7997e-03, -1.2629e-02, -6.1115e-02,
        -9.2656e-02, -2.4599e-02, -5.5962e-02, -5.6573e-02, -6.6262e-02,
        -5.5876e-03, -5.0671e-02, -7.6664e-02, -7.8201e-02, -5.1321e-02,
        -8.2839e-03, -4.5389e-02, -2.8578e-02, -2.6155e-02, -3.8966e-02,
        -7.4473e-02, -9.2359e-03, -2.2179e-02, -4.0518e-02, -3.7437e-02,
        -3.8998e-02, -3.1747e-02, -6.0124e-02, -2.5257e-02, -2.0744e-02,
        -6.9659e-02, -4.9529e-02, -3.1788e-02,  2.9656e-02, -8.9499e-04,
        -4.0514e-02, -4.5887e-02, -8.3438e-02, -1.4414e-02, -5.1259e-02,
        -5.1918e-02, -2.7168e-02, -1.8088e-02, -5.1762e-02, -2.8477e-02,
        -1.0243e-02,  2.3967e-03, -1.3974e-01, -3.0124e-02,  1.6741e-02,
        -2.4646e-02, -1.4646e-02, -2.4451e-02, -3.9041e-02, -5.5730e-02,
        -5.6206e-02, -3.4450e-02, -4.2950e-02, -2.6430e-02, -5.5072e-02,
        -3.9094e-02, -1.3847e-02, -5.8793e-03, -3.9810e-03,  2.9931e-03,
         3.0726e-03, -4.6331e-02, -3.9055e-02, -7.4124e-02, -8.5864e-02,
        -5.6480e-02, -2.3943e-02, -5.7443e-02, -2.6376e-02, -1.4512e-02,
         1.2305e-03, -1.7596e-02, -4.9442e-02, -9.6063e-03, -3.2502e-02,
        -3.9513e-02, -3.3799e-02, -2.2757e-02, -2.0530e-02, -4.4930e-02,
        -2.7311e-02, -4.6597e-02, -5.4581e-02, -4.7857e-02, -1.1452e-05,
        -2.7398e-02, -2.9423e-02, -3.8669e-02,  5.0252e-03, -7.0441e-02,
        -1.8214e-02,  3.9893e-02, -7.3174e-02, -6.0071e-03,  6.4540e-03,
        -4.5091e-02, -4.6086e-02, -1.6321e-02, -5.0141e-02,  6.3902e-03,
        -1.6084e-02, -8.1504e-02, -8.0830e-02, -7.2417e-02, -4.1362e-02,
        -7.0358e-02, -5.4644e-02, -5.3333e-02, -2.4694e-02, -6.7078e-02,
        -1.7866e-02, -4.1809e-02, -9.5389e-02, -2.7414e-02, -3.4020e-02,
        -2.0261e-02, -4.5002e-02, -2.7724e-02, -1.4800e-02, -2.6073e-02,
        -5.1632e-02, -4.0421e-02,  1.4553e-02, -4.6622e-02, -3.5408e-02,
        -3.4187e-02, -5.8818e-02, -7.7251e-02,  5.2712e-02, -2.1874e-02,
        -1.3148e-02, -3.4316e-02,  3.7719e-03, -6.0697e-02, -1.4956e-02,
        -5.2783e-02, -6.9875e-02, -6.6916e-02, -6.4365e-02, -9.2506e-02,
        -5.2619e-02,  6.0448e-03, -1.6616e-02, -5.3494e-02, -7.1764e-02,
        -7.6587e-02, -1.0354e-01, -3.2701e-02, -1.0185e-02, -3.1093e-02,
        -2.9157e-02, -2.2462e-02, -2.8167e-02, -1.0059e-01, -3.7506e-02,
        -1.4818e-02,  6.5199e-02, -8.0317e-02, -4.1119e-02, -2.9421e-02,
        -2.2621e-03, -6.5998e-03, -1.3500e-02, -3.1539e-02, -6.2874e-04,
        -1.5981e-02, -3.5688e-02, -2.0845e-02,  6.1437e-03, -1.3237e-02,
        -5.7420e-02, -3.8333e-03,  5.1559e-03, -1.5577e-02, -5.3803e-02,
        -5.4649e-02, -2.6215e-02,  1.7895e-02, -2.7640e-02, -4.1842e-02,
        -2.3309e-02, -8.4194e-02, -6.8181e-02, -2.0147e-02, -1.2114e-01,
        -8.3591e-03, -2.1281e-02, -2.2128e-02, -4.3448e-02, -2.1122e-02,
        -2.4714e-02, -3.8790e-02, -4.2212e-02, -3.1174e-02, -4.2237e-02,
        -4.5490e-02, -6.5705e-02,  1.6598e-02, -5.0418e-02, -7.2441e-02,
        -7.5529e-02, -7.3442e-02, -3.9655e-02, -8.0385e-02, -2.5077e-02,
        -1.4896e-02, -7.5669e-03, -7.4837e-02,  3.5289e-02, -4.0743e-02,
        -6.8675e-02, -2.9995e-03, -3.4498e-02, -1.4607e-02, -8.8170e-02,
        -6.8976e-02,  1.1484e-02, -2.8543e-02, -3.5741e-02, -5.1342e-02,
        -2.4863e-02, -2.5472e-02, -5.7361e-02, -8.6861e-02, -4.4929e-02,
         2.6615e-02, -1.4512e-02, -1.7463e-02, -3.8901e-02, -7.5827e-02,
        -1.7993e-02, -5.0285e-02, -5.6429e-02, -7.0061e-02,  1.1073e-03,
        -1.1124e-01, -5.9859e-02,  8.0313e-04, -5.3648e-02,  7.2290e-03,
         3.8598e-03])

Name: res_block_13.conv1.weight | Shape: [256, 256, 3, 3]
Values:
tensor([[[[ 1.7727e-02, -2.6058e-02, -2.0783e-02],
          [-3.8367e-03, -2.5432e-02, -3.1308e-03],
          [-6.9239e-03, -6.3742e-03, -1.7085e-03]],

         [[-4.5693e-03, -3.0506e-03,  2.3497e-02],
          [ 3.1491e-03, -9.1733e-03,  1.9586e-02],
          [-3.1102e-02, -6.5908e-03,  1.8829e-02]],

         [[-1.8042e-02, -9.6040e-03,  6.7521e-03],
          [ 1.1246e-02,  9.1905e-03, -9.6681e-03],
          [ 1.1890e-02,  7.3154e-03,  2.0965e-02]],

         ...,

         [[-2.8189e-03,  2.5881e-03,  2.8657e-02],
          [ 6.1720e-05, -2.9677e-03, -1.9892e-03],
          [-1.5477e-02, -7.1314e-03,  1.9841e-03]],

         [[-2.6913e-02, -1.2574e-02, -3.2621e-03],
          [ 1.3353e-02,  9.8253e-03,  9.0678e-03],
          [ 1.2178e-02,  1.3198e-02, -1.4406e-03]],

         [[ 1.0591e-02,  1.1226e-02,  4.1171e-02],
          [ 1.3847e-02,  5.6390e-03,  3.8041e-02],
          [-8.6933e-03,  7.5083e-03,  5.2508e-03]]],


        [[[ 9.4971e-03, -2.4202e-02, -1.4402e-02],
          [-2.7408e-02,  4.2869e-04, -9.0511e-03],
          [-2.7230e-03, -1.1024e-02,  8.1665e-03]],

         [[-1.8467e-02, -4.1236e-02, -6.7450e-05],
          [ 4.3058e-03, -1.1311e-02, -2.7841e-02],
          [ 1.9357e-02,  2.4847e-03, -7.0395e-03]],

         [[ 3.4707e-03, -1.1643e-02, -7.5643e-04],
          [-3.9919e-04, -9.4772e-03, -3.2885e-02],
          [ 2.0598e-02, -7.5161e-03, -1.4241e-02]],

         ...,

         [[ 1.2832e-02,  7.3556e-03,  7.2325e-03],
          [ 5.2391e-05,  2.7090e-03, -2.3971e-02],
          [-4.3987e-03,  1.2539e-02, -2.0396e-03]],

         [[-1.1590e-02,  8.6700e-04, -1.0826e-02],
          [-1.0748e-02, -5.9825e-03, -2.0001e-02],
          [ 8.6852e-03, -7.8525e-03, -5.4602e-03]],

         [[ 1.9115e-03, -8.2868e-04, -2.3571e-03],
          [-5.2768e-03,  8.7830e-03,  2.1698e-02],
          [-2.2869e-03,  4.3363e-04,  4.6642e-03]]],


        [[[ 4.0039e-03,  2.0485e-03,  1.6105e-02],
          [-1.8925e-02, -6.4119e-03,  5.3550e-03],
          [-1.5289e-02, -2.0232e-02, -1.8760e-02]],

         [[-5.2209e-04, -2.3075e-02, -1.4794e-02],
          [-2.7327e-04, -1.8631e-02, -2.3785e-02],
          [-1.8070e-02, -2.0749e-02, -4.2622e-03]],

         [[ 2.3040e-02, -3.9384e-03,  1.4002e-02],
          [-1.2157e-02,  2.1670e-02, -8.3221e-03],
          [ 1.8167e-02,  3.2086e-02,  2.3597e-02]],

         ...,

         [[-9.8491e-03, -2.6895e-02,  3.1092e-03],
          [ 1.0239e-02,  1.6646e-02,  3.0186e-03],
          [ 1.7415e-02, -3.2802e-03,  1.0869e-02]],

         [[-2.6749e-02, -1.5365e-02, -4.3925e-02],
          [-3.3850e-02, -3.1501e-02, -2.8635e-02],
          [ 4.6010e-03, -1.0486e-02, -3.7675e-02]],

         [[ 6.6988e-03,  2.2123e-02,  2.0737e-03],
          [ 3.5371e-03, -4.3897e-03, -1.1612e-02],
          [-2.4532e-03, -1.3466e-02, -2.1442e-02]]],


        ...,


        [[[ 5.2691e-02, -1.2729e-02, -2.5403e-02],
          [ 8.9334e-03, -2.6047e-02, -3.3903e-02],
          [-7.8989e-03, -2.2279e-02, -2.1333e-02]],

         [[ 1.8066e-02, -2.1223e-03, -1.1615e-02],
          [-5.4580e-03, -2.6703e-03, -1.5849e-03],
          [-2.3878e-02, -1.6859e-02, -1.2260e-02]],

         [[ 1.3699e-02,  6.4952e-03, -1.6071e-02],
          [ 2.2685e-02, -5.7299e-03, -9.2248e-03],
          [-4.7701e-03,  3.5118e-03, -1.8969e-02]],

         ...,

         [[ 4.5628e-04, -2.2907e-02, -1.5314e-02],
          [ 4.2676e-03,  1.9136e-02,  1.1587e-02],
          [-6.4722e-03, -1.9215e-03, -2.1528e-02]],

         [[ 9.2946e-03,  1.4231e-02,  1.0735e-02],
          [ 2.1662e-02,  7.4814e-04,  2.4058e-03],
          [ 2.1745e-02, -3.1329e-03,  1.9928e-02]],

         [[-2.3179e-02,  1.6034e-02,  4.3435e-02],
          [-1.5451e-02,  2.3000e-02,  1.8368e-02],
          [-8.0345e-03, -2.7369e-03,  1.6378e-02]]],


        [[[-3.0535e-03,  1.9905e-02, -3.4664e-03],
          [-1.1583e-02, -3.6901e-05, -2.0082e-02],
          [ 4.8917e-03, -1.1685e-03,  6.0142e-03]],

         [[ 3.5570e-02,  1.1872e-02, -2.6730e-02],
          [ 3.8632e-03,  9.4408e-03, -5.9693e-03],
          [-7.3069e-03,  1.6959e-02, -3.1045e-02]],

         [[ 1.3607e-02,  7.0515e-04, -1.6673e-02],
          [ 4.5673e-03, -1.6674e-02, -3.2478e-02],
          [-3.6438e-03, -2.3920e-02, -3.9296e-02]],

         ...,

         [[-8.2745e-03,  1.6049e-03, -1.9114e-02],
          [-6.2398e-03, -1.9073e-02,  4.7214e-03],
          [-6.1239e-04,  3.2342e-03,  2.0130e-05]],

         [[ 2.4139e-03, -6.8162e-03, -1.0937e-02],
          [ 9.1757e-03,  1.5098e-02,  1.9666e-02],
          [ 1.2951e-02,  1.0358e-02,  8.6064e-03]],

         [[ 1.1118e-03,  5.6384e-03,  6.2294e-03],
          [-1.7615e-02, -1.4048e-04, -1.1743e-02],
          [-3.0588e-02, -1.0451e-03, -3.7616e-02]]],


        [[[ 6.1087e-03,  1.2405e-02,  4.8834e-02],
          [ 5.2148e-03, -4.5265e-03,  9.3481e-03],
          [-2.9576e-02, -1.0496e-02,  1.6548e-02]],

         [[-1.7399e-02, -1.6924e-02, -1.0260e-02],
          [-1.2054e-02,  5.3345e-03,  1.4388e-02],
          [-1.0466e-02, -4.0971e-04, -2.5567e-03]],

         [[-2.2961e-02, -1.6573e-03, -1.4663e-03],
          [-2.7026e-02, -1.7909e-02, -2.0375e-02],
          [-1.1837e-02,  6.3064e-03, -2.3997e-02]],

         ...,

         [[-1.2740e-02,  1.0334e-02, -5.0320e-03],
          [-1.5221e-02, -7.9655e-03, -4.3447e-03],
          [-2.8587e-02,  7.0413e-03,  1.4101e-02]],

         [[-1.6337e-02, -7.4308e-03, -2.5303e-02],
          [ 2.4141e-03, -1.0512e-02, -1.1503e-02],
          [ 8.2325e-03, -3.0743e-03,  1.4770e-02]],

         [[-1.7314e-03,  3.2622e-02,  5.3987e-03],
          [-5.2861e-03,  1.2945e-02,  1.9961e-03],
          [ 1.1285e-02,  1.1583e-02, -1.5836e-03]]]])

Name: res_block_13.conv1.bias | Shape: [256]
Values:
tensor([-1.3481e-03,  9.5665e-04, -8.8913e-04,  7.4922e-04, -1.0105e-03,
        -1.1787e-03,  1.5173e-03,  1.6280e-03, -1.3330e-03, -4.3307e-05,
        -1.4679e-03,  8.4942e-04, -1.4292e-03,  1.1412e-03,  4.2211e-04,
         1.3763e-03, -2.3618e-04, -2.5022e-04, -1.9351e-03, -9.7952e-04,
        -1.3802e-03,  6.5352e-04,  1.1735e-03, -9.7684e-05, -8.1252e-04,
        -2.2078e-04,  1.2183e-03,  1.8513e-04, -4.2932e-04,  9.8344e-04,
        -6.0556e-04,  8.5225e-04,  1.0782e-03,  9.8352e-04, -1.7061e-03,
        -7.8626e-04,  8.6627e-04, -4.2118e-04,  8.4585e-04,  4.6528e-04,
         3.6579e-04, -6.7670e-04,  2.9631e-04,  1.8726e-03,  1.4813e-03,
        -1.8474e-03, -1.1777e-03,  1.7663e-03, -1.9107e-03, -2.7448e-04,
         1.2546e-04, -1.8149e-03,  7.5493e-04, -1.4537e-03, -2.5671e-05,
         5.2881e-04,  4.8331e-05,  1.7882e-03,  1.4758e-03, -3.5739e-04,
        -1.3016e-03,  1.5473e-03,  7.8856e-04, -1.7030e-03, -1.7816e-03,
         3.4824e-04, -2.9896e-04, -1.9283e-03, -1.7879e-03,  8.0134e-04,
         8.5699e-04, -1.0202e-03,  1.2545e-03, -2.1536e-04, -9.9546e-04,
        -2.4360e-04, -1.7967e-04, -1.3109e-03,  1.6384e-04,  3.8599e-04,
         1.6428e-03, -1.5306e-04,  1.5808e-03, -5.5002e-04,  1.8672e-04,
         1.8123e-03,  3.2054e-05,  2.2937e-04, -1.8456e-03,  1.5704e-03,
        -1.2896e-03, -1.0682e-03, -7.3005e-04, -1.5146e-03,  1.5191e-03,
         1.5694e-03, -1.5880e-03,  5.7236e-04, -1.4946e-03,  1.7031e-03,
         3.7797e-04, -1.4992e-03, -1.0232e-03,  8.9721e-04, -7.3063e-04,
         4.4023e-04,  8.7590e-04,  8.8563e-04,  1.3509e-03, -9.5451e-04,
        -2.7856e-04,  1.3903e-03, -1.4135e-03, -4.1266e-04,  1.5097e-03,
         1.3653e-03,  1.7162e-03, -1.1377e-05, -1.3323e-03, -9.6823e-04,
        -1.1848e-04, -1.7900e-03, -4.0431e-04, -7.4373e-04,  9.2446e-04,
        -3.3499e-04,  1.2114e-03,  5.3078e-04, -1.7753e-03,  2.3955e-04,
         1.1601e-03, -1.6844e-03, -8.8655e-04, -9.2515e-05, -1.8813e-03,
        -1.0435e-03, -1.1322e-03, -2.5055e-04,  8.4259e-04,  1.2123e-03,
         1.7062e-03, -5.4990e-04,  1.5408e-03,  9.8157e-04,  6.8823e-04,
        -1.0642e-03,  8.6675e-04,  3.0511e-04, -5.0898e-04, -1.1500e-04,
         1.3451e-03, -1.3150e-03, -1.9625e-03, -1.2645e-03, -3.0136e-04,
         3.5126e-04,  9.3419e-04,  5.1947e-04,  1.0437e-03, -2.9154e-04,
        -2.3698e-04, -1.5770e-03, -1.2027e-03,  1.6641e-04,  9.0637e-04,
        -7.1942e-04,  1.2715e-03,  1.1351e-03, -1.8989e-03, -1.5676e-03,
         1.8827e-04, -1.3891e-03,  1.8370e-03, -5.5682e-04,  1.0334e-03,
         1.4600e-03,  2.6566e-04,  1.7321e-04,  9.0176e-04, -1.4903e-03,
         6.9538e-04, -2.3272e-04,  1.8197e-03, -6.1144e-04, -1.4800e-03,
         1.0134e-03, -1.1687e-03, -1.8315e-03, -9.5492e-04, -1.0739e-03,
        -6.7536e-04,  1.9759e-04, -1.7278e-03,  6.6480e-04,  6.0214e-04,
         4.5928e-04, -1.1737e-03, -1.2652e-03, -1.2691e-03,  2.0832e-04,
        -5.5210e-04,  2.2387e-04,  1.2605e-03, -7.4078e-04, -1.5721e-03,
        -1.3349e-03,  9.4149e-04, -1.5355e-03, -1.9157e-04,  1.9599e-03,
        -4.2584e-04, -1.0222e-03,  1.7442e-03,  1.6392e-03,  1.4638e-04,
        -1.9094e-03,  1.7073e-03,  7.2776e-04,  7.6370e-04,  1.3574e-03,
        -8.9654e-04,  1.3423e-03, -8.0420e-04,  3.5095e-04, -2.0609e-04,
         1.6050e-04, -4.7590e-04, -1.1238e-03, -8.5480e-04, -1.8624e-03,
        -3.9377e-04,  1.0719e-03,  2.9186e-04, -9.1296e-04,  1.8946e-03,
         5.6998e-04, -1.5840e-03,  1.7412e-03, -3.9748e-05, -8.0656e-04,
        -7.7020e-04,  4.3627e-04,  1.3194e-03,  1.6063e-03, -1.5760e-04,
        -1.7039e-03, -8.3618e-04, -1.1447e-03,  1.3041e-03,  5.4741e-04,
        -1.1558e-03, -1.8916e-03, -1.2252e-03,  1.2043e-03,  1.7267e-03,
        -1.7915e-04])

Name: res_block_13.bn1.weight | Shape: [256]
Values:
tensor([0.1798, 0.1637, 0.1977, 0.1675, 0.1592, 0.1921, 0.1611, 0.1724, 0.1594,
        0.1390, 0.1684, 0.1275, 0.1682, 0.1789, 0.1521, 0.1824, 0.1838, 0.1639,
        0.1466, 0.1445, 0.1549, 0.1697, 0.1759, 0.1959, 0.1466, 0.1745, 0.1729,
        0.1748, 0.1624, 0.1917, 0.1787, 0.1731, 0.1730, 0.1722, 0.1801, 0.1366,
        0.1651, 0.1900, 0.1633, 0.1750, 0.1924, 0.1630, 0.1508, 0.1899, 0.1563,
        0.1872, 0.2002, 0.1739, 0.1355, 0.1655, 0.1605, 0.1287, 0.1718, 0.1935,
        0.1885, 0.1630, 0.1632, 0.1563, 0.1795, 0.1731, 0.1897, 0.1921, 0.1666,
        0.1629, 0.1869, 0.1376, 0.1771, 0.2234, 0.2038, 0.1664, 0.1955, 0.1734,
        0.1469, 0.1318, 0.1690, 0.1957, 0.2089, 0.1988, 0.1879, 0.1702, 0.1870,
        0.1582, 0.1940, 0.1628, 0.2044, 0.1688, 0.1520, 0.1386, 0.1844, 0.1141,
        0.1568, 0.1698, 0.2094, 0.1858, 0.1590, 0.1797, 0.1851, 0.1542, 0.1729,
        0.1859, 0.1733, 0.1424, 0.1534, 0.1964, 0.1648, 0.1557, 0.1721, 0.1737,
        0.1693, 0.1680, 0.1823, 0.2250, 0.1810, 0.1764, 0.1777, 0.1669, 0.1571,
        0.1471, 0.1731, 0.1757, 0.1606, 0.1553, 0.1876, 0.2135, 0.1850, 0.1777,
        0.1620, 0.1707, 0.1710, 0.1798, 0.1738, 0.1511, 0.1551, 0.1845, 0.1806,
        0.1875, 0.1595, 0.1622, 0.1614, 0.1697, 0.1768, 0.1840, 0.1858, 0.1781,
        0.1897, 0.1720, 0.1816, 0.1939, 0.1740, 0.1652, 0.1537, 0.1602, 0.1769,
        0.1695, 0.1423, 0.1722, 0.1538, 0.1599, 0.1505, 0.1628, 0.1665, 0.1469,
        0.1463, 0.1699, 0.1875, 0.1814, 0.1684, 0.1658, 0.1797, 0.1632, 0.1836,
        0.2017, 0.1670, 0.1688, 0.1617, 0.1913, 0.1957, 0.1483, 0.1475, 0.1720,
        0.1705, 0.1882, 0.1659, 0.1561, 0.1962, 0.1604, 0.1690, 0.1474, 0.1890,
        0.1650, 0.1642, 0.1559, 0.1248, 0.1644, 0.1739, 0.1585, 0.1650, 0.1500,
        0.1606, 0.1458, 0.1326, 0.1607, 0.1620, 0.1945, 0.1836, 0.1962, 0.1622,
        0.1583, 0.1450, 0.1440, 0.1802, 0.1720, 0.1825, 0.1574, 0.1591, 0.1720,
        0.1652, 0.1856, 0.1522, 0.1343, 0.1825, 0.1524, 0.1447, 0.1282, 0.1760,
        0.1771, 0.1678, 0.1720, 0.1819, 0.1462, 0.2008, 0.1786, 0.1565, 0.1638,
        0.1737, 0.1730, 0.1419, 0.1863, 0.1539, 0.1793, 0.1596, 0.2377, 0.1587,
        0.1803, 0.2022, 0.1492, 0.1837, 0.1719, 0.1662, 0.1748, 0.1462, 0.1541,
        0.1625, 0.1814, 0.1747, 0.1792])

Name: res_block_13.bn1.bias | Shape: [256]
Values:
tensor([-0.1043, -0.1025, -0.1414, -0.1338, -0.1303, -0.0953, -0.0926, -0.1009,
        -0.0945, -0.0651, -0.0941, -0.0771, -0.1504, -0.1157, -0.1143, -0.1434,
        -0.1294, -0.1164, -0.1136, -0.1173, -0.0891, -0.1074, -0.1105, -0.1487,
        -0.0986, -0.1013, -0.0884, -0.1047, -0.1404, -0.1204, -0.1250, -0.0861,
        -0.1071, -0.0972, -0.1378, -0.1117, -0.1259, -0.1132, -0.1311, -0.0909,
        -0.1351, -0.1054, -0.0913, -0.1495, -0.1446, -0.1145, -0.1336, -0.1172,
        -0.1015, -0.0947, -0.1487, -0.1330, -0.1387, -0.1239, -0.1693, -0.1019,
        -0.1114, -0.1177, -0.1371, -0.1464, -0.1030, -0.1159, -0.1328, -0.1143,
        -0.1073, -0.1286, -0.1433, -0.1380, -0.1239, -0.1203, -0.1390, -0.1380,
        -0.1194, -0.1066, -0.1679, -0.1054, -0.1201, -0.1304, -0.0994, -0.1581,
        -0.1117, -0.1309, -0.1588, -0.0652, -0.0927, -0.1164, -0.1401, -0.1336,
        -0.0717, -0.1033, -0.1328, -0.0913, -0.1574, -0.0718, -0.1210, -0.1191,
        -0.1402, -0.1234, -0.1282, -0.1208, -0.1479, -0.0813, -0.0979, -0.1310,
        -0.1010, -0.1191, -0.1225, -0.0817, -0.1413, -0.1380, -0.1060, -0.1262,
        -0.1378, -0.0992, -0.1487, -0.1557, -0.1348, -0.0760, -0.1698, -0.1263,
        -0.0720, -0.1242, -0.0720, -0.1129, -0.1281, -0.1658, -0.1373, -0.1258,
        -0.1130, -0.0860, -0.1294, -0.1264, -0.1036, -0.0850, -0.1053, -0.1454,
        -0.1122, -0.1069, -0.1416, -0.1047, -0.0910, -0.1238, -0.0918, -0.1002,
        -0.1371, -0.1183, -0.1709, -0.1302, -0.1310, -0.0919, -0.1274, -0.1320,
        -0.1235, -0.1415, -0.1432, -0.0941, -0.1212, -0.1295, -0.1007, -0.1355,
        -0.1066, -0.1344, -0.1109, -0.0953, -0.1230, -0.0932, -0.1299, -0.1457,
        -0.1110, -0.1324, -0.0988, -0.1195, -0.1433, -0.1182, -0.1093, -0.1439,
        -0.1298, -0.1185, -0.1111, -0.0790, -0.1301, -0.1403, -0.1254, -0.0975,
        -0.1595, -0.0788, -0.1173, -0.0908, -0.1266, -0.1283, -0.1389, -0.1366,
        -0.1250, -0.1378, -0.1220, -0.1035, -0.1022, -0.1045, -0.1046, -0.1088,
        -0.1153, -0.1051, -0.1026, -0.1501, -0.1138, -0.1002, -0.1203, -0.1199,
        -0.1211, -0.0769, -0.1241, -0.1394, -0.1153, -0.0788, -0.0906, -0.1649,
        -0.1320, -0.1357, -0.1348, -0.0903, -0.1572, -0.1467, -0.1096, -0.1041,
        -0.1313, -0.1307, -0.1599, -0.1092, -0.1472, -0.0974, -0.1104, -0.1247,
        -0.1093, -0.0771, -0.1596, -0.0917, -0.1013, -0.1232, -0.0946, -0.1238,
        -0.1147, -0.1330, -0.1236, -0.1361, -0.1485, -0.1097, -0.1261, -0.1297,
        -0.1033, -0.1251, -0.1179, -0.0990, -0.0787, -0.1043, -0.1138, -0.1260])

Name: res_block_13.conv2.weight | Shape: [256, 256, 3, 3]
Values:
tensor([[[[-3.6110e-02, -6.0365e-03,  1.3838e-03],
          [ 4.0020e-04,  1.4351e-02,  2.1756e-02],
          [ 1.4864e-02,  6.8558e-03,  1.7007e-02]],

         [[-4.0031e-02, -2.1757e-03, -6.1277e-03],
          [-8.1485e-03,  3.8797e-03,  6.9849e-03],
          [-7.8498e-03,  3.2629e-02,  5.4526e-03]],

         [[ 6.1758e-04, -4.3567e-03,  2.9764e-02],
          [ 3.8270e-03,  2.2496e-02,  1.9711e-02],
          [ 8.1139e-03,  1.2112e-02,  9.3126e-03]],

         ...,

         [[ 9.3502e-03, -6.3495e-04,  2.4247e-02],
          [ 4.4645e-03,  2.9818e-03, -5.4616e-03],
          [ 1.4472e-02, -1.2267e-02, -3.9325e-02]],

         [[-2.2751e-02,  2.1734e-03, -1.2532e-03],
          [-3.0443e-02, -2.0137e-02, -2.2243e-02],
          [ 1.0319e-02,  5.0121e-03, -2.3255e-03]],

         [[-2.5010e-03,  1.4937e-02,  3.3127e-02],
          [-1.2254e-02, -5.3367e-03, -1.6660e-03],
          [ 1.0368e-02, -1.3751e-02,  4.3699e-03]]],


        [[[-1.2796e-02,  1.3687e-02,  4.1952e-03],
          [-7.4165e-03,  1.3692e-03,  9.5779e-03],
          [-5.4733e-03, -1.6668e-02, -2.5099e-02]],

         [[-2.2243e-03, -1.8388e-02, -1.2132e-02],
          [-2.5339e-02, -1.4076e-02, -1.3253e-02],
          [-3.1856e-02, -2.5896e-03, -7.6735e-03]],

         [[ 3.2646e-02,  2.7908e-02,  1.4534e-02],
          [ 7.6855e-03, -1.0483e-03,  2.7977e-03],
          [-2.9128e-03, -1.9582e-02, -6.8168e-03]],

         ...,

         [[ 1.6477e-03, -1.4511e-02, -3.1962e-04],
          [ 9.1423e-03, -1.6620e-02,  1.6770e-02],
          [-1.8150e-02,  1.0666e-02,  2.3922e-02]],

         [[ 1.1978e-02,  3.8060e-03, -2.7775e-03],
          [ 2.9470e-02,  8.3453e-03,  7.3445e-03],
          [-1.1411e-02, -1.3791e-02, -8.5400e-03]],

         [[ 8.4749e-03, -1.7023e-02, -3.5760e-03],
          [-1.1850e-02, -1.0591e-02,  1.1290e-03],
          [-6.6376e-03,  1.1917e-02,  4.8313e-03]]],


        [[[-3.7883e-03,  8.0168e-03,  8.2673e-03],
          [-5.9391e-04,  1.3097e-02,  9.5084e-03],
          [-2.3526e-02, -8.5201e-03,  7.6426e-03]],

         [[ 6.0928e-03, -1.2273e-02, -2.9288e-02],
          [-1.1515e-02, -8.0516e-03, -1.1885e-02],
          [-1.4437e-02, -2.5124e-02, -4.1528e-03]],

         [[ 1.8105e-03,  5.7805e-03,  9.8708e-03],
          [-6.2295e-03, -2.1121e-03,  5.1713e-03],
          [-6.0070e-05,  4.4041e-03,  3.4562e-03]],

         ...,

         [[ 2.1448e-02,  1.4315e-02, -4.9095e-03],
          [ 1.8342e-04, -1.2550e-02, -2.7144e-02],
          [-1.7054e-03,  1.0381e-02, -8.0067e-03]],

         [[ 9.7617e-03,  3.4501e-02,  5.9757e-03],
          [ 2.4596e-03,  2.5407e-03, -1.9155e-03],
          [-4.5393e-03,  1.7117e-02,  5.5995e-03]],

         [[ 5.7342e-03,  6.6625e-03, -2.1386e-02],
          [-2.0115e-03, -2.6129e-02, -1.7941e-02],
          [ 1.6375e-03, -5.6265e-03, -1.3033e-02]]],


        ...,


        [[[-9.1966e-04,  1.2210e-02,  9.7900e-03],
          [ 8.3019e-03, -1.0993e-02, -6.7803e-03],
          [-1.4670e-02, -1.9051e-02,  4.0730e-03]],

         [[ 5.9152e-03, -1.2775e-02,  3.7476e-03],
          [-1.6338e-02, -1.5126e-02,  9.3089e-03],
          [-1.8364e-02,  2.5562e-04,  1.9571e-02]],

         [[-1.0919e-02, -1.4291e-02, -1.6155e-02],
          [-1.1106e-02, -3.1881e-04, -1.1336e-02],
          [ 4.2355e-03, -4.9380e-03, -1.9238e-03]],

         ...,

         [[-9.8780e-03, -8.7805e-03,  8.3600e-03],
          [-3.6316e-03,  4.1376e-03,  2.9420e-02],
          [-8.5197e-03, -1.0107e-02,  4.5161e-03]],

         [[ 1.8375e-03,  1.5367e-02, -1.2112e-02],
          [-5.0012e-03,  1.6189e-02,  1.7623e-02],
          [ 1.5079e-02,  1.1809e-02,  5.6225e-03]],

         [[-1.3398e-03,  1.5944e-02,  7.1473e-03],
          [-1.7354e-02, -5.6235e-03, -1.2945e-03],
          [-7.9556e-03,  7.7009e-04, -1.0893e-02]]],


        [[[-7.8444e-03, -1.3295e-02, -1.5686e-02],
          [-5.9670e-03,  9.8176e-04, -8.5874e-05],
          [ 2.4121e-02,  2.0131e-02,  9.9344e-03]],

         [[ 4.9514e-03,  1.1231e-02,  2.8185e-02],
          [ 7.9270e-03,  1.2973e-02,  3.8842e-03],
          [ 3.0134e-02,  7.2186e-03,  2.3955e-03]],

         [[ 1.1273e-02,  9.7413e-04, -2.0378e-03],
          [ 2.8800e-02, -5.4945e-03, -1.1948e-02],
          [-2.2222e-03, -5.3685e-03, -1.6714e-02]],

         ...,

         [[-2.5798e-02, -4.6111e-03,  2.1304e-02],
          [-3.5350e-02, -1.0799e-02,  7.1921e-04],
          [-1.7811e-02, -2.6833e-02, -1.9825e-02]],

         [[ 3.3665e-02, -2.4325e-02, -2.2113e-02],
          [ 2.1911e-02, -1.3866e-02, -7.4244e-03],
          [ 6.3274e-03,  4.5807e-03,  6.0313e-03]],

         [[-7.1116e-03,  9.9410e-04,  1.3728e-02],
          [-1.3387e-02, -9.3599e-03,  2.0028e-02],
          [ 3.1451e-03,  6.1821e-03,  2.7300e-02]]],


        [[[-7.3491e-03, -6.1152e-03,  6.8465e-03],
          [ 4.4629e-03, -2.1123e-03, -7.4650e-03],
          [ 2.1667e-02, -3.7971e-03, -2.2270e-02]],

         [[ 8.6788e-03,  2.0808e-02,  9.2401e-03],
          [-4.4296e-03,  7.6198e-03,  3.8289e-03],
          [-2.7056e-02, -9.7012e-03, -4.0946e-03]],

         [[ 1.2506e-02, -5.9927e-03, -1.6602e-03],
          [-8.9528e-03,  3.9184e-03, -8.5382e-03],
          [-1.3777e-02,  1.0444e-02, -1.3050e-02]],

         ...,

         [[-4.4713e-02, -4.7414e-03,  1.4341e-02],
          [-1.5333e-02,  1.1504e-02,  6.1230e-03],
          [-1.5069e-02, -9.4119e-03,  5.8267e-03]],

         [[ 3.2269e-03,  1.1275e-02,  1.2664e-02],
          [-7.5951e-03,  1.0742e-02, -9.5602e-03],
          [-1.1657e-02,  1.7180e-02,  2.3480e-03]],

         [[ 9.3898e-04,  1.3444e-02,  3.3159e-02],
          [-1.0867e-02, -3.8694e-03,  2.1869e-02],
          [-8.3954e-03, -9.0264e-03,  1.0448e-02]]]])

Name: res_block_13.conv2.bias | Shape: [256]
Values:
tensor([ 1.1763e-03, -1.6883e-03, -1.3394e-03, -6.7882e-04, -8.4613e-04,
        -1.8462e-05,  1.8790e-03, -1.0010e-03,  8.0246e-04,  1.7785e-03,
         1.7335e-03, -3.1928e-04,  3.2726e-04, -1.0447e-04, -1.5144e-03,
         1.7779e-03,  1.1633e-03,  4.7332e-04,  1.0494e-03, -6.5278e-04,
         1.3689e-03,  9.0734e-04,  1.3345e-03, -2.1113e-04, -1.1580e-03,
        -9.6902e-04,  2.1536e-04,  1.1673e-03, -1.3972e-03, -1.3650e-03,
         1.0623e-03, -1.4702e-03,  1.9455e-03,  1.9104e-03, -1.7090e-03,
         1.4670e-03, -1.0744e-03,  1.0304e-03,  1.9441e-03, -2.5062e-04,
         1.9733e-03, -1.6198e-03,  1.4066e-03, -1.3187e-03,  1.2397e-03,
        -1.4737e-03,  1.0755e-03, -1.0482e-03,  1.5320e-03, -1.6076e-03,
        -9.9614e-04,  1.2214e-03, -1.0830e-03,  4.6807e-04,  5.1863e-04,
         1.6221e-03, -1.0418e-03,  1.5371e-03, -1.5156e-03, -1.3379e-03,
        -1.0689e-03,  8.0134e-04,  7.6035e-04, -5.8817e-04,  1.3725e-03,
         2.6079e-04, -2.1867e-04, -1.7866e-03, -5.6499e-04, -5.7220e-04,
        -8.1834e-04,  1.9020e-03, -1.9018e-03,  3.6857e-04,  8.9050e-04,
        -1.4734e-03,  1.8142e-03, -2.2057e-04,  4.1051e-04, -4.2765e-04,
         6.9499e-04, -1.2990e-03,  1.4604e-03,  9.8609e-05,  1.2978e-03,
        -1.5963e-03,  1.5905e-03,  6.9631e-04, -8.8707e-04, -5.3125e-04,
        -3.0264e-04,  8.8406e-04, -9.2481e-04,  4.6073e-04,  5.1158e-05,
         6.9560e-05, -1.4777e-03,  3.8900e-04,  1.2885e-03,  5.5842e-04,
         4.9185e-04,  2.2791e-04,  4.8968e-04, -1.7699e-03, -1.4387e-03,
        -9.2572e-04,  1.8149e-03,  7.8661e-04, -1.0824e-03, -1.9095e-03,
        -7.4748e-04,  1.4249e-03,  1.6560e-03, -4.8493e-04,  1.2426e-03,
         1.1048e-03,  1.9549e-03, -1.6710e-03,  4.2718e-04, -1.2163e-03,
        -1.4754e-03,  1.8153e-04, -4.9600e-04, -7.9393e-04,  1.4775e-03,
        -1.4435e-03, -1.7009e-03,  1.7196e-03, -5.1169e-04,  1.5915e-03,
         1.0937e-03,  1.8137e-03,  7.0706e-04, -8.3664e-04, -7.8123e-04,
        -4.7248e-04,  1.1798e-03,  3.5030e-04, -1.7691e-03,  1.3012e-03,
        -1.0260e-03, -3.1818e-04,  4.4913e-04,  1.2441e-03, -6.9773e-04,
         7.8605e-04, -1.8301e-03, -6.9061e-04, -1.0254e-03, -1.8204e-03,
        -8.9285e-04, -5.9873e-04, -1.6556e-03, -7.3441e-04,  6.0741e-04,
        -9.0265e-05,  1.5746e-03,  2.3435e-05, -2.2650e-06,  1.2464e-03,
        -1.3782e-03,  7.5679e-04, -1.4117e-03,  4.1559e-04, -2.2561e-04,
         7.8071e-04,  6.4317e-04, -1.3960e-03, -9.1348e-04, -2.0218e-04,
        -4.8263e-04,  1.3379e-03,  7.3160e-04,  1.2296e-04,  7.3024e-04,
        -1.0260e-03,  8.7460e-04,  1.3943e-03, -1.2412e-04, -6.7172e-04,
        -1.7776e-03, -3.1039e-04,  8.5323e-04,  5.6757e-04,  6.8765e-04,
         1.4089e-03, -1.0264e-03, -1.5878e-03, -5.5672e-04, -1.8143e-03,
         1.5294e-03,  1.1843e-03, -9.7652e-04, -3.8590e-04, -3.0415e-04,
        -1.3321e-03,  1.4965e-03,  1.5742e-03, -8.4895e-04, -1.3340e-03,
        -1.3348e-03, -1.5084e-03, -1.7722e-03,  1.0529e-03, -1.7668e-03,
        -1.1025e-03,  1.0732e-03,  5.0710e-04,  7.1873e-04, -1.8946e-03,
         1.3058e-03, -1.4543e-03,  1.0672e-03, -7.8817e-04, -5.1093e-06,
        -8.8474e-04,  1.9558e-03,  1.6734e-04,  8.1309e-04,  9.2177e-04,
        -8.3018e-04, -1.7841e-03,  1.8592e-03,  7.7826e-04, -2.7477e-04,
         1.8717e-03, -9.9519e-04,  1.5755e-03,  4.8225e-04,  1.5167e-03,
        -1.4641e-03, -2.7312e-04,  3.9953e-04,  1.6670e-03, -1.9943e-04,
        -1.8310e-03, -1.2624e-03, -2.2673e-04,  1.6364e-03, -1.7423e-03,
         9.5245e-04, -2.1961e-04,  1.0456e-03,  9.9505e-04,  1.9515e-03,
         7.7462e-04, -1.5870e-03, -1.1305e-03, -1.4519e-03, -1.3427e-04,
        -7.6123e-04,  1.3739e-03, -1.5574e-03, -1.6877e-03,  3.2019e-05,
        -4.3895e-04])

Name: res_block_13.bn2.weight | Shape: [256]
Values:
tensor([0.1945, 0.1349, 0.1571, 0.1119, 0.1318, 0.1238, 0.1649, 0.1319, 0.0958,
        0.1637, 0.1705, 0.1487, 0.1328, 0.1240, 0.1229, 0.1931, 0.1342, 0.1731,
        0.1569, 0.1547, 0.1211, 0.1602, 0.1381, 0.1640, 0.1277, 0.1552, 0.2046,
        0.1056, 0.1626, 0.1473, 0.2625, 0.1447, 0.1360, 0.1604, 0.1888, 0.1744,
        0.1254, 0.2130, 0.1856, 0.1557, 0.2183, 0.2275, 0.1132, 0.1448, 0.0739,
        0.2448, 0.1749, 0.1982, 0.1052, 0.1384, 0.1517, 0.1743, 0.1435, 0.1746,
        0.1774, 0.1324, 0.1347, 0.2691, 0.1498, 0.1417, 0.1601, 0.0727, 0.1167,
        0.1843, 0.1469, 0.1594, 0.1474, 0.1055, 0.1352, 0.0870, 0.1774, 0.1306,
        0.1222, 0.1416, 0.1252, 0.1767, 0.1394, 0.1538, 0.1812, 0.1176, 0.1671,
        0.1430, 0.1442, 0.1071, 0.1326, 0.1256, 0.1610, 0.1607, 0.1377, 0.1573,
        0.1432, 0.1342, 0.1359, 0.1394, 0.1383, 0.1607, 0.1657, 0.1233, 0.1804,
        0.1015, 0.1682, 0.1261, 0.0977, 0.1372, 0.1758, 0.1565, 0.1321, 0.2058,
        0.1604, 0.1232, 0.1488, 0.1522, 0.1375, 0.1235, 0.1305, 0.1772, 0.1693,
        0.1776, 0.1355, 0.0592, 0.1706, 0.1296, 0.1607, 0.1813, 0.0894, 0.1430,
        0.1563, 0.2174, 0.1751, 0.1510, 0.1544, 0.1638, 0.1250, 0.1217, 0.1098,
        0.1478, 0.1727, 0.0912, 0.2092, 0.1304, 0.1316, 0.1471, 0.1432, 0.1213,
        0.1546, 0.1263, 0.1410, 0.1586, 0.1471, 0.1073, 0.1521, 0.1618, 0.1336,
        0.1456, 0.1278, 0.1336, 0.1403, 0.1307, 0.1614, 0.1450, 0.1421, 0.1847,
        0.1534, 0.1490, 0.1361, 0.3503, 0.1407, 0.1564, 0.2785, 0.1354, 0.1987,
        0.1927, 0.1479, 0.1573, 0.1139, 0.1712, 0.1526, 0.1392, 0.1280, 0.0756,
        0.1319, 0.1753, 0.1701, 0.1321, 0.1280, 0.1565, 0.1483, 0.1481, 0.1607,
        0.1542, 0.1870, 0.1766, 0.1158, 0.1270, 0.1294, 0.1187, 0.1724, 0.1828,
        0.1420, 0.2409, 0.1210, 0.1478, 0.1469, 0.1347, 0.1636, 0.1618, 0.1318,
        0.1330, 0.1850, 0.1260, 0.1390, 0.1331, 0.1410, 0.1987, 0.1478, 0.1595,
        0.2078, 0.1919, 0.1711, 0.1720, 0.1435, 0.1534, 0.1998, 0.1007, 0.1496,
        0.1095, 0.1306, 0.1204, 0.1111, 0.1543, 0.1360, 0.1211, 0.1635, 0.1698,
        0.1654, 0.1344, 0.1321, 0.1682, 0.1490, 0.1289, 0.1230, 0.1422, 0.1378,
        0.1422, 0.1457, 0.1112, 0.0644, 0.1585, 0.1627, 0.1560, 0.1805, 0.1407,
        0.1386, 0.1331, 0.1317, 0.1464])

Name: res_block_13.bn2.bias | Shape: [256]
Values:
tensor([-0.0547, -0.0370, -0.0494, -0.0153, -0.0259, -0.0360, -0.0516, -0.0127,
        -0.0133, -0.0702, -0.1064, -0.0088, -0.0235, -0.0338, -0.0529, -0.0803,
        -0.0438, -0.0720, -0.0876, -0.0879, -0.0385, -0.0410, -0.0465, -0.0460,
        -0.0922, -0.0435, -0.1462, -0.0916, -0.0316, -0.0510, -0.1253, -0.0616,
        -0.0623, -0.0771, -0.0536, -0.0587, -0.0304, -0.0427, -0.0655, -0.0359,
        -0.0918, -0.0417,  0.0327, -0.0238, -0.0297, -0.0377, -0.0529, -0.0669,
        -0.0326, -0.0371, -0.0249, -0.0658, -0.0476, -0.0676, -0.1106, -0.0143,
         0.0457, -0.0767, -0.0669, -0.0333, -0.0376, -0.0704, -0.0763, -0.0005,
        -0.0585, -0.0626,  0.0080, -0.0680, -0.0398, -0.0609, -0.0630, -0.0359,
        -0.0280, -0.0384, -0.0559, -0.0321, -0.0433, -0.0023, -0.0587,  0.0247,
        -0.0471,  0.0056, -0.0136, -0.0766, -0.0301, -0.0247, -0.0096, -0.0657,
        -0.0364, -0.0499, -0.0757, -0.0362, -0.0269,  0.0300, -0.0519, -0.0514,
        -0.0450, -0.0072, -0.0863,  0.0061, -0.0768, -0.0490, -0.0261, -0.0051,
        -0.0531, -0.0648,  0.0229, -0.0855, -0.0607, -0.0184,  0.0253, -0.0405,
        -0.0257, -0.0158,  0.0323, -0.0965, -0.1045, -0.0349, -0.0394, -0.0161,
        -0.0653, -0.0490, -0.0036, -0.0434, -0.0464, -0.0523, -0.0329, -0.1270,
        -0.0398, -0.0828, -0.0701, -0.0761, -0.0103, -0.0222, -0.0382, -0.0550,
        -0.0270, -0.0181, -0.1144, -0.0623, -0.0416, -0.0473,  0.0150,  0.0513,
        -0.0532, -0.0343, -0.0262, -0.0163,  0.0194, -0.0084, -0.0702, -0.0737,
        -0.0575, -0.0477, -0.0356, -0.0649, -0.0365, -0.0673, -0.1136, -0.0559,
        -0.0272, -0.0325, -0.0680,  0.0131, -0.0654, -0.1452, -0.0174, -0.0391,
        -0.1532, -0.0224, -0.0344,  0.1587, -0.0660, -0.0804, -0.0212, -0.1091,
        -0.0524, -0.0275, -0.0101, -0.0428, -0.0722, -0.0798, -0.0413, -0.0076,
        -0.0246, -0.0530, -0.0599, -0.0108, -0.0162, -0.0660, -0.1000, -0.0299,
         0.0217, -0.0156, -0.0743, -0.0103, -0.0445, -0.0524, -0.0371, -0.1513,
        -0.0394, -0.0660, -0.0636, -0.0280, -0.0278, -0.0493, -0.0539, -0.0096,
        -0.0525, -0.0779, -0.0754, -0.0570,  0.0396, -0.1012, -0.1238, -0.0609,
        -0.1381, -0.0296, -0.0648, -0.0666, -0.0379, -0.0584, -0.0328,  0.0031,
        -0.0532, -0.0830, -0.0319, -0.0623, -0.0474, -0.0070,  0.0151, -0.0136,
        -0.0616, -0.0405, -0.0760, -0.0796, -0.0226,  0.0150, -0.0680, -0.0472,
        -0.0460, -0.0307, -0.0324, -0.0444, -0.0966, -0.0123, -0.0390, -0.0305,
        -0.0732, -0.0527, -0.0497, -0.0218, -0.0146, -0.0763, -0.0277, -0.0323])

Name: res_block_14.conv1.weight | Shape: [256, 256, 3, 3]
Values:
tensor([[[[ 9.8425e-04, -2.0232e-02,  8.1481e-03],
          [ 7.1667e-03, -2.8497e-03,  1.9220e-02],
          [ 9.9851e-05, -2.1160e-02,  8.5176e-04]],

         [[-7.0473e-04, -2.5487e-03,  5.8649e-03],
          [ 2.2650e-05,  2.2259e-03,  8.6340e-03],
          [-1.3272e-02,  1.1538e-02, -9.9933e-04]],

         [[-8.4093e-03, -1.1439e-02, -2.2510e-02],
          [ 1.8662e-02,  4.3796e-04,  1.6905e-02],
          [-1.6593e-02, -5.4909e-03,  9.9291e-05]],

         ...,

         [[ 6.3460e-03, -2.3788e-02, -2.4308e-02],
          [-7.4735e-03, -2.1861e-02, -6.5309e-03],
          [-2.1481e-02, -2.1450e-02, -9.4832e-03]],

         [[ 1.7158e-02, -5.8059e-03, -1.2043e-03],
          [ 1.9642e-02,  1.0289e-02,  1.2451e-02],
          [ 3.1717e-02,  6.4532e-03,  1.7220e-02]],

         [[-1.3671e-02,  1.0506e-02,  1.9994e-02],
          [ 1.4628e-02,  1.9536e-02, -5.3205e-03],
          [ 8.0518e-03,  5.2300e-03, -2.1562e-06]]],


        [[[-1.0797e-02,  4.3704e-02,  1.4724e-02],
          [ 5.3566e-03,  2.3523e-02,  6.7113e-03],
          [-3.5996e-02, -1.8386e-02, -5.5787e-03]],

         [[-2.7710e-03, -4.8226e-03,  7.7579e-03],
          [-1.0820e-02, -1.3371e-02, -1.9294e-04],
          [-2.0623e-02, -1.9712e-03, -7.0288e-03]],

         [[ 2.4331e-02,  3.1477e-02,  1.4890e-02],
          [ 2.9464e-02,  2.0248e-02,  5.1435e-03],
          [ 2.8388e-03,  1.0438e-02, -2.4439e-04]],

         ...,

         [[-8.8409e-03, -1.2955e-03,  1.9631e-03],
          [ 2.1412e-02,  2.2451e-02,  6.4059e-03],
          [ 1.2625e-02,  6.8430e-03,  2.6534e-02]],

         [[-1.8563e-02, -3.0376e-02, -5.4260e-02],
          [-7.9716e-03, -1.5161e-02, -2.8257e-02],
          [-7.3012e-03, -1.0110e-03, -2.3083e-02]],

         [[-4.6452e-03,  1.0178e-02, -5.9590e-03],
          [-1.2052e-02, -7.7149e-03, -1.1081e-02],
          [-1.5067e-02,  4.1649e-04, -5.7044e-03]]],


        [[[-3.2917e-02,  4.3942e-03, -2.1241e-02],
          [-3.9468e-02,  9.6313e-03, -1.5473e-02],
          [ 1.1138e-02,  6.2533e-02, -7.3466e-03]],

         [[-1.3426e-02,  3.6049e-03, -1.2131e-02],
          [ 1.2146e-02,  5.8257e-03,  3.8074e-03],
          [ 3.0788e-03,  1.0109e-02, -1.4084e-02]],

         [[ 7.0799e-03,  2.9283e-02,  1.0668e-02],
          [ 1.8042e-03,  4.9923e-03, -5.3079e-03],
          [ 5.6283e-03,  9.1808e-03,  1.2073e-03]],

         ...,

         [[-2.1753e-02,  1.2888e-02,  2.2807e-03],
          [-4.1187e-03,  2.0278e-02,  4.8105e-03],
          [ 5.4083e-03,  8.2078e-03, -1.8727e-03]],

         [[-2.0017e-03,  2.6999e-02,  2.8724e-02],
          [ 3.6521e-02,  2.4584e-02,  1.3485e-02],
          [ 3.6691e-02,  2.4210e-02,  1.2721e-02]],

         [[-1.8926e-02, -1.1911e-02, -7.2626e-03],
          [-1.7941e-02, -9.2129e-03, -9.7053e-03],
          [ 9.1617e-03,  2.0778e-02, -2.1422e-02]]],


        ...,


        [[[ 2.2816e-02,  5.7242e-03, -3.8314e-04],
          [-2.4870e-02, -2.1629e-02, -4.4159e-03],
          [-2.5216e-02, -2.7118e-02, -1.3089e-02]],

         [[-1.8414e-02,  1.6388e-02, -1.8291e-02],
          [ 1.1773e-03, -3.8899e-03, -3.8799e-02],
          [ 1.3340e-02, -5.8772e-03, -2.7560e-02]],

         [[-2.1670e-03, -1.2713e-02, -1.1169e-02],
          [ 8.8388e-03, -5.6508e-03, -1.4327e-02],
          [-1.4017e-02, -1.8248e-02,  7.9605e-04]],

         ...,

         [[-3.0575e-02, -8.4969e-03,  7.9441e-03],
          [-3.1197e-02, -7.5308e-03,  4.1126e-03],
          [-2.9267e-03, -5.5762e-03,  9.2755e-03]],

         [[-2.7930e-02, -2.5045e-02, -1.7684e-02],
          [-1.1447e-02, -6.9831e-03,  1.4558e-02],
          [-5.9090e-03,  8.5664e-03,  1.7614e-02]],

         [[ 3.6478e-03, -9.9526e-03, -1.8368e-02],
          [-1.9078e-02, -2.3579e-03,  7.7037e-04],
          [-8.2296e-03,  1.1132e-02, -5.4056e-03]]],


        [[[ 2.7242e-02,  2.0983e-02,  3.7294e-02],
          [ 2.3889e-02, -3.4437e-03,  3.5445e-02],
          [ 6.6899e-03, -1.2111e-02, -1.8427e-02]],

         [[ 2.5819e-02,  2.5735e-02,  7.6836e-03],
          [ 3.8953e-02, -1.2768e-02, -1.1709e-02],
          [-6.3533e-03, -9.6934e-03, -1.5481e-02]],

         [[ 7.2893e-04,  1.6180e-04, -8.6632e-03],
          [-1.8052e-02, -2.7405e-02,  9.1831e-03],
          [-6.0772e-03, -2.0173e-02, -7.8035e-03]],

         ...,

         [[-3.3734e-03,  1.0087e-02,  2.1470e-02],
          [ 9.0443e-03, -1.1820e-02,  1.9900e-03],
          [-1.8645e-02, -3.9655e-03,  9.8501e-03]],

         [[-1.0804e-02, -1.1604e-02, -9.8525e-04],
          [ 1.9628e-02,  1.8376e-03, -9.2143e-03],
          [ 9.1492e-03,  3.4603e-03,  2.3065e-02]],

         [[-7.8951e-03,  1.5954e-02,  8.4395e-03],
          [-1.5824e-02, -1.2952e-02,  1.5115e-02],
          [-1.5181e-03, -1.0449e-02,  1.4235e-03]]],


        [[[ 2.6396e-02,  8.2773e-03, -3.1201e-03],
          [ 6.3613e-03,  1.5610e-03,  2.4315e-02],
          [-1.7297e-03,  9.3003e-03,  2.0766e-02]],

         [[ 4.0082e-02,  3.8149e-03, -2.3399e-02],
          [ 1.7200e-02,  2.0270e-02, -2.4261e-03],
          [ 3.1271e-02,  5.4012e-03,  2.6210e-03]],

         [[ 1.4137e-02, -2.4964e-03, -1.0112e-02],
          [ 2.1039e-02, -1.2708e-02,  1.2269e-02],
          [ 2.8442e-02,  2.1557e-02,  1.0836e-02]],

         ...,

         [[-3.2073e-02, -2.0664e-02, -3.1551e-02],
          [-1.1558e-02,  1.8874e-03, -2.4864e-02],
          [-8.1095e-03, -1.4150e-02, -1.0927e-02]],

         [[ 3.9577e-03,  2.6713e-03,  3.8664e-03],
          [-1.2094e-02, -7.9292e-03, -1.9314e-02],
          [-1.4117e-02,  4.6886e-03, -1.3312e-02]],

         [[-1.4348e-02,  1.0030e-02,  6.7728e-03],
          [-4.1408e-03,  4.5168e-03, -3.9568e-06],
          [ 1.2793e-02, -6.3493e-03,  5.5956e-03]]]])

Name: res_block_14.conv1.bias | Shape: [256]
Values:
tensor([ 9.6646e-04, -1.7986e-03,  7.2416e-04,  2.4012e-04,  1.9387e-03,
         1.4042e-03,  1.0124e-03,  9.2412e-04,  7.6272e-04, -9.4765e-04,
         4.5100e-05, -8.8405e-04, -9.3067e-04,  1.7115e-03,  3.5200e-04,
         1.3068e-03, -3.1677e-04,  6.2805e-04,  1.3063e-03, -1.3220e-03,
         9.3284e-04,  8.2858e-04, -5.8193e-05,  1.9332e-03, -1.2414e-03,
        -1.9524e-03,  8.4376e-05, -1.9622e-03,  8.3402e-04, -6.6593e-04,
         1.9220e-03,  1.2180e-03,  5.1074e-04,  8.4099e-04,  1.0658e-03,
        -1.9055e-03,  1.6551e-03,  1.5417e-03, -8.9651e-06, -1.4274e-03,
        -2.9255e-04,  1.1938e-03,  3.7153e-04, -6.4089e-04, -6.2321e-04,
        -3.3254e-04, -1.7591e-04,  1.1535e-03,  1.3468e-03,  7.8738e-04,
        -5.2161e-04, -7.3966e-04,  4.0691e-04,  7.7284e-04, -4.3771e-04,
         6.4658e-04,  8.8905e-04, -1.3782e-03,  1.8919e-03,  4.6547e-04,
        -1.5611e-03, -4.6277e-04, -1.9181e-03, -1.4067e-04, -1.9729e-03,
         4.7673e-04, -3.5242e-04, -1.7166e-03,  7.3307e-04,  1.5196e-03,
        -3.7551e-04, -1.4627e-03, -1.5906e-03, -1.0373e-04,  1.7057e-03,
        -5.7412e-04, -1.0363e-03,  1.0820e-03,  1.8507e-03,  9.3048e-05,
        -6.6116e-04, -8.8054e-04, -1.9218e-03,  1.4837e-03, -5.6285e-04,
         1.8092e-03,  1.5772e-03, -5.8244e-04, -5.9213e-04, -1.1037e-03,
         3.8970e-04, -1.6979e-03, -1.8979e-03,  1.6650e-03,  1.1568e-03,
        -1.7846e-03, -5.3118e-04, -4.7867e-04, -1.5368e-03,  1.6905e-03,
        -1.9365e-04,  1.1592e-03, -7.2430e-04,  1.5980e-03,  8.6888e-04,
        -9.3564e-04,  1.7531e-03,  2.0367e-04, -3.1446e-05, -7.7247e-04,
        -1.0622e-04, -1.9245e-03,  1.7621e-03,  1.1208e-03, -4.1223e-04,
         1.4053e-03, -1.7816e-03,  1.7457e-04,  1.0922e-03, -7.6846e-05,
        -1.4389e-04,  1.3319e-03, -1.7119e-03,  9.9920e-04,  1.2401e-03,
         1.3888e-04, -1.7129e-03,  2.9539e-04, -1.2132e-03, -1.8020e-03,
         1.2930e-03, -1.0648e-03, -6.2386e-04,  1.9696e-04,  1.3723e-03,
         3.0468e-04,  9.5991e-05, -1.5864e-03, -1.8395e-03,  9.0264e-04,
        -1.3463e-03, -5.6293e-04, -1.3081e-03,  7.3624e-05, -1.4238e-03,
         2.1338e-04,  1.7007e-03,  1.7811e-03, -9.0191e-04,  7.6427e-04,
         1.2530e-03, -3.8618e-04, -6.7201e-04,  2.1178e-04,  1.7346e-03,
        -5.9840e-04,  3.2028e-04, -6.4256e-04,  1.9014e-03,  1.6940e-03,
         1.3185e-03, -1.8727e-03, -1.5394e-03,  1.8060e-03,  1.3853e-03,
         6.4415e-04, -7.5737e-05, -1.0023e-03,  1.5489e-03,  1.1952e-03,
         1.5314e-03,  1.0805e-03, -1.4001e-03,  1.1058e-04, -1.8168e-03,
        -5.3154e-04,  4.6772e-04, -5.3117e-04, -3.4285e-04,  1.8586e-03,
         7.5050e-04, -8.9397e-04, -9.1497e-04,  3.2294e-04, -3.4577e-04,
         1.2014e-03, -7.8517e-06,  5.0082e-04,  1.8214e-03, -3.9893e-04,
         2.8043e-04, -5.4647e-05, -1.5061e-03, -4.3572e-05, -9.0366e-04,
        -1.2836e-03, -4.4354e-04, -1.6975e-03,  2.8192e-04, -2.2032e-04,
         4.2856e-04,  9.5726e-04,  9.5048e-04, -1.2420e-03,  1.5123e-03,
        -8.8859e-04, -2.2819e-04, -2.0541e-04, -8.7419e-04, -4.1040e-04,
        -5.1461e-04, -1.3896e-03,  1.7606e-03,  1.4080e-03,  9.5115e-04,
         8.5196e-04, -1.9419e-03,  1.1956e-03, -3.4826e-04,  2.7195e-05,
        -3.3136e-05,  1.9147e-03, -3.8999e-04, -1.9217e-03, -1.1614e-03,
        -1.3435e-03, -1.6429e-03, -1.7806e-03,  1.4324e-03, -1.6044e-03,
        -7.0041e-05,  1.7982e-03, -8.7259e-04, -1.2239e-03, -4.9320e-04,
        -1.6274e-04, -6.8811e-04, -3.7765e-05, -1.6673e-03, -1.4541e-03,
         4.1818e-04,  3.5396e-04,  9.7963e-04,  6.6191e-05, -1.8722e-03,
         4.9662e-05,  8.3129e-04,  1.9150e-03, -3.3259e-04,  9.0563e-04,
         1.1200e-03, -7.0621e-04, -1.2977e-03, -3.6597e-04,  1.7953e-03,
         3.3961e-04])

Name: res_block_14.bn1.weight | Shape: [256]
Values:
tensor([0.1503, 0.1746, 0.1841, 0.1521, 0.1999, 0.1571, 0.1650, 0.1771, 0.1665,
        0.1891, 0.1645, 0.1762, 0.1779, 0.1463, 0.1845, 0.1739, 0.1755, 0.1900,
        0.1744, 0.1737, 0.1674, 0.1231, 0.1199, 0.1616, 0.1806, 0.1664, 0.1978,
        0.1242, 0.1973, 0.1584, 0.1790, 0.1744, 0.1484, 0.1691, 0.1962, 0.1659,
        0.2126, 0.2067, 0.1739, 0.1885, 0.1753, 0.1371, 0.1902, 0.1498, 0.1849,
        0.1575, 0.2329, 0.1658, 0.1725, 0.1548, 0.1659, 0.1849, 0.2127, 0.1668,
        0.1858, 0.1495, 0.1739, 0.1665, 0.1851, 0.1571, 0.1632, 0.1811, 0.1751,
        0.1708, 0.1857, 0.1589, 0.1551, 0.1739, 0.1790, 0.1768, 0.1548, 0.1710,
        0.1830, 0.1564, 0.1727, 0.1977, 0.2039, 0.1556, 0.1812, 0.1846, 0.1594,
        0.1359, 0.1838, 0.1845, 0.2030, 0.1657, 0.2007, 0.1933, 0.1385, 0.1387,
        0.2059, 0.1937, 0.1712, 0.1527, 0.1924, 0.2180, 0.1367, 0.1674, 0.1864,
        0.1705, 0.1638, 0.1909, 0.1882, 0.1654, 0.1660, 0.1991, 0.1534, 0.1631,
        0.1626, 0.1782, 0.1645, 0.1935, 0.1393, 0.1976, 0.1558, 0.1481, 0.1604,
        0.1525, 0.1807, 0.1860, 0.1471, 0.1443, 0.2053, 0.1583, 0.1783, 0.1823,
        0.1625, 0.1739, 0.1673, 0.1856, 0.2049, 0.1647, 0.1650, 0.1837, 0.1993,
        0.1816, 0.1500, 0.1497, 0.1823, 0.1593, 0.2038, 0.1744, 0.1858, 0.1716,
        0.1876, 0.1281, 0.1950, 0.1865, 0.1637, 0.1693, 0.1879, 0.1779, 0.1820,
        0.1675, 0.1686, 0.1510, 0.2005, 0.1514, 0.2048, 0.1881, 0.1664, 0.1996,
        0.1468, 0.1812, 0.1987, 0.1788, 0.1732, 0.2123, 0.1575, 0.1540, 0.1874,
        0.1745, 0.1642, 0.1787, 0.1543, 0.1521, 0.2055, 0.1485, 0.1595, 0.1825,
        0.1758, 0.1481, 0.1572, 0.1436, 0.1835, 0.1855, 0.1934, 0.1722, 0.1648,
        0.1603, 0.1673, 0.1952, 0.1659, 0.1541, 0.2082, 0.1825, 0.1665, 0.2196,
        0.1478, 0.1419, 0.1911, 0.1506, 0.1623, 0.1528, 0.1643, 0.1951, 0.1745,
        0.1769, 0.1668, 0.1543, 0.1808, 0.1915, 0.1731, 0.1679, 0.1701, 0.1996,
        0.1860, 0.1791, 0.1862, 0.1648, 0.1854, 0.1992, 0.1781, 0.1926, 0.1797,
        0.1669, 0.1589, 0.1634, 0.1810, 0.1990, 0.1697, 0.1786, 0.1895, 0.1609,
        0.1922, 0.1708, 0.1850, 0.1626, 0.2074, 0.1858, 0.1742, 0.1736, 0.1868,
        0.2031, 0.1740, 0.1422, 0.1915, 0.1796, 0.1934, 0.1675, 0.2087, 0.1758,
        0.1502, 0.1765, 0.1607, 0.1737])

Name: res_block_14.bn1.bias | Shape: [256]
Values:
tensor([-0.0668, -0.1289, -0.1164, -0.0880, -0.2062, -0.0928, -0.1135, -0.1303,
        -0.1049, -0.1286, -0.1128, -0.1082, -0.1633, -0.1290, -0.1226, -0.0902,
        -0.0922, -0.1128, -0.0742, -0.1346, -0.0855, -0.0572, -0.1197, -0.1160,
        -0.1143, -0.1150, -0.0904, -0.1136, -0.1151, -0.1220, -0.0659, -0.1062,
        -0.0877, -0.1059, -0.1251, -0.0642, -0.0959, -0.1252, -0.1157, -0.1058,
        -0.1602, -0.1388, -0.1077, -0.1294, -0.1174, -0.0989, -0.1961, -0.1494,
        -0.1145, -0.0894, -0.0954, -0.1017, -0.1075, -0.1301, -0.0760, -0.1395,
        -0.1038, -0.1089, -0.1071, -0.1034, -0.1207, -0.1095, -0.1298, -0.1150,
        -0.1221, -0.1022, -0.1237, -0.1293, -0.1306, -0.1060, -0.1100, -0.1115,
        -0.1359, -0.1291, -0.1092, -0.1138, -0.1672, -0.1281, -0.1120, -0.1298,
        -0.0935, -0.0804, -0.1035, -0.1287, -0.1167, -0.1016, -0.0813, -0.1073,
        -0.1008, -0.1091, -0.1555, -0.1010, -0.1008, -0.0954, -0.1447, -0.1802,
        -0.0766, -0.0705, -0.1319, -0.1244, -0.1414, -0.1811, -0.1340, -0.0881,
        -0.1294, -0.1094, -0.0876, -0.1103, -0.1083, -0.1324, -0.1073, -0.1494,
        -0.1790, -0.1092, -0.1223, -0.1087, -0.0915, -0.0899, -0.1327, -0.1301,
        -0.1098, -0.0958, -0.1767, -0.0855, -0.1095, -0.0948, -0.1444, -0.1114,
        -0.1231, -0.1360, -0.1645, -0.1454, -0.1493, -0.1245, -0.0997, -0.1459,
        -0.0925, -0.1355, -0.1102, -0.1262, -0.1369, -0.1365, -0.1176, -0.1808,
        -0.0951, -0.1030, -0.1425, -0.1027, -0.0967, -0.1326, -0.1415, -0.1230,
        -0.1231, -0.1210, -0.1427, -0.0927, -0.1294, -0.0970, -0.0688, -0.1214,
        -0.1454, -0.1444, -0.1357, -0.1227, -0.1546, -0.1314, -0.1402, -0.1361,
        -0.0941, -0.1072, -0.1217, -0.1134, -0.1124, -0.1008, -0.1036, -0.0928,
        -0.1522, -0.1221, -0.1031, -0.1173, -0.1166, -0.0906, -0.1216, -0.1302,
        -0.1064, -0.1371, -0.1000, -0.1079, -0.1357, -0.0947, -0.0874, -0.1154,
        -0.1581, -0.0905, -0.1392, -0.1129, -0.1524, -0.1436, -0.0953, -0.0932,
        -0.1741, -0.1208, -0.1341, -0.1400, -0.1108, -0.1213, -0.1073, -0.1184,
        -0.1197, -0.0922, -0.1174, -0.1361, -0.0979, -0.0914, -0.1460, -0.1261,
        -0.0887, -0.1056, -0.1266, -0.0854, -0.1428, -0.1648, -0.1412, -0.1650,
        -0.0751, -0.1233, -0.1334, -0.1249, -0.1543, -0.1231, -0.1428, -0.1080,
        -0.1250, -0.1517, -0.1397, -0.0970, -0.1668, -0.1002, -0.1467, -0.0569,
        -0.1061, -0.0975, -0.1445, -0.1597, -0.0904, -0.1182, -0.1432, -0.1381,
        -0.1291, -0.1020, -0.1858, -0.1043, -0.0743, -0.1272, -0.1019, -0.0880])

Name: res_block_14.conv2.weight | Shape: [256, 256, 3, 3]
Values:
tensor([[[[ 1.7388e-02, -5.8099e-03,  6.7502e-03],
          [ 4.9501e-03,  7.7055e-03,  3.9181e-03],
          [ 1.9423e-02,  2.3799e-02, -1.1808e-03]],

         [[-6.5988e-03,  1.9348e-02, -3.3633e-02],
          [-2.3421e-03,  5.4050e-02,  6.8316e-03],
          [-1.7798e-02,  1.4625e-02, -7.7924e-03]],

         [[-7.4823e-03, -1.0987e-02,  9.5914e-04],
          [ 6.5716e-03,  1.5379e-03,  3.6200e-05],
          [ 3.6751e-03,  8.9107e-03, -2.0556e-02]],

         ...,

         [[-4.1738e-04, -2.8579e-02,  3.1687e-05],
          [-1.2043e-02, -7.5169e-04, -4.2013e-03],
          [-9.2120e-03, -5.0169e-04,  1.3968e-02]],

         [[ 1.9578e-02,  6.3128e-03,  2.8343e-02],
          [ 8.4211e-03, -1.2018e-02,  2.1159e-03],
          [ 5.0036e-04, -2.0450e-02, -9.5369e-03]],

         [[-4.2691e-02,  4.6486e-03, -1.1135e-02],
          [-5.2493e-02, -2.8653e-03,  3.9437e-03],
          [-1.2655e-02, -1.9477e-02,  7.3193e-03]]],


        [[[-7.1149e-03,  3.5193e-03, -8.0916e-03],
          [-1.3812e-03, -1.8657e-02,  1.6552e-02],
          [ 1.6875e-03,  1.5284e-03, -1.3100e-02]],

         [[-1.3860e-02, -1.6226e-02, -1.3251e-02],
          [-3.5780e-03, -5.6144e-03, -1.7070e-02],
          [ 7.2290e-03,  6.8825e-03, -8.2453e-03]],

         [[ 1.9173e-02,  6.4839e-03,  3.8602e-02],
          [ 1.2092e-02,  1.2057e-02,  2.8844e-02],
          [-3.3299e-03,  3.4315e-02,  2.3705e-02]],

         ...,

         [[ 8.2136e-03, -7.8412e-03, -9.6172e-03],
          [ 5.0852e-03, -4.9074e-03, -2.5841e-03],
          [ 4.6134e-03, -3.3070e-03,  3.2257e-04]],

         [[ 1.1407e-02,  1.9231e-03, -4.4525e-03],
          [ 1.1426e-02, -1.4230e-02, -2.7917e-03],
          [-5.3981e-03, -2.5951e-02, -8.6356e-03]],

         [[-2.5285e-02,  4.8459e-03,  7.2435e-03],
          [-1.9931e-03, -1.3084e-03,  1.2294e-02],
          [-1.3589e-02,  5.9051e-03,  1.5425e-02]]],


        [[[ 4.7822e-03,  1.0598e-03,  8.6456e-03],
          [-3.8945e-03, -1.0373e-02,  2.6684e-03],
          [-1.4849e-03, -2.6590e-04,  3.8716e-03]],

         [[ 1.0009e-02,  1.8154e-02,  1.0688e-02],
          [ 8.2562e-03,  9.3819e-03,  7.8127e-03],
          [-6.3848e-03,  4.6321e-03,  7.7992e-03]],

         [[ 1.2014e-02,  8.5872e-03, -9.2616e-03],
          [-6.6989e-03, -2.9798e-03, -2.5481e-02],
          [-1.8222e-02,  6.4073e-03, -6.1967e-03]],

         ...,

         [[-2.2272e-02, -9.8478e-03,  7.0348e-03],
          [-3.3453e-03,  2.1079e-02,  2.3460e-03],
          [ 1.5856e-02,  1.9949e-02,  6.5614e-03]],

         [[-1.8138e-02, -6.5826e-03, -1.8705e-02],
          [ 1.4678e-02,  3.6556e-03,  5.3041e-03],
          [-2.0058e-02,  1.2379e-02,  1.2290e-03]],

         [[-8.4894e-03, -1.9946e-02, -2.9980e-02],
          [-1.3412e-02, -2.3400e-02, -1.1236e-02],
          [-7.5157e-03,  1.0642e-02,  1.6866e-02]]],


        ...,


        [[[ 1.2691e-02,  3.5329e-02,  4.9809e-03],
          [ 1.8768e-02, -6.6485e-04,  8.3421e-03],
          [ 9.4574e-03,  5.5875e-03, -2.3053e-02]],

         [[ 5.5862e-03, -1.5955e-02, -1.6844e-02],
          [-4.8820e-03, -2.8052e-02, -2.1107e-02],
          [-5.8357e-03, -2.1279e-02, -1.2475e-02]],

         [[-1.8695e-02, -2.6645e-02, -2.9576e-02],
          [ 2.8029e-03, -4.0588e-03, -3.9373e-03],
          [-5.6831e-03,  1.1533e-02,  2.9210e-04]],

         ...,

         [[ 1.7889e-02, -9.8153e-03, -1.1441e-03],
          [-1.7007e-02, -1.4934e-02,  2.4875e-02],
          [-1.1768e-02, -1.5312e-02,  2.0025e-02]],

         [[-2.8186e-02, -1.0399e-02,  4.1760e-03],
          [-2.1809e-02,  1.0752e-03, -4.1907e-03],
          [-1.5865e-02,  1.3271e-02,  1.1825e-02]],

         [[ 3.6960e-02,  3.9180e-02,  3.8019e-02],
          [ 4.6027e-02,  1.2913e-02,  2.3603e-02],
          [ 2.6093e-03,  1.9025e-02, -5.0050e-03]]],


        [[[-5.3506e-03, -2.6298e-02, -9.5134e-03],
          [-1.1097e-02, -1.2742e-02, -1.1443e-02],
          [ 9.4943e-03, -8.4259e-04,  1.1777e-02]],

         [[-1.5815e-02,  6.7502e-04,  5.2046e-03],
          [ 6.4345e-03, -3.4137e-03, -1.7663e-02],
          [ 6.7078e-03, -2.8876e-03, -2.8547e-02]],

         [[ 1.2612e-02, -4.7546e-03,  5.0126e-03],
          [-2.0919e-02, -1.0384e-02, -1.1417e-02],
          [-2.1977e-02, -1.0824e-02, -2.5287e-02]],

         ...,

         [[-3.7469e-02, -1.3246e-02, -1.5996e-02],
          [-2.2297e-02,  1.9733e-03,  2.9012e-03],
          [-2.9339e-02,  1.3075e-02,  1.0147e-02]],

         [[-2.0290e-02, -1.6102e-03, -3.3491e-02],
          [-1.0031e-02,  7.5727e-04, -1.2739e-02],
          [ 2.4615e-03, -7.4518e-03, -7.5560e-03]],

         [[ 1.6554e-02, -8.7840e-03, -1.1684e-02],
          [ 5.5011e-03, -1.6328e-02, -1.3448e-02],
          [ 6.0586e-03, -2.8216e-02, -1.3679e-02]]],


        [[[ 7.6891e-03,  8.6715e-03,  1.4787e-02],
          [-1.4885e-03,  1.1106e-02, -6.2668e-03],
          [ 1.2398e-02, -4.9875e-03, -2.5118e-02]],

         [[ 1.7793e-02,  1.5283e-02,  3.8231e-03],
          [-1.3284e-03,  1.3792e-02,  2.2905e-03],
          [ 9.1103e-04, -1.6913e-03, -6.3490e-03]],

         [[ 7.6866e-03, -7.9705e-04, -1.5835e-02],
          [-4.2864e-03, -1.8691e-02, -9.1520e-03],
          [-1.2320e-02, -2.2063e-02,  9.7979e-03]],

         ...,

         [[ 1.0713e-02,  2.1023e-02,  3.2960e-02],
          [-1.1968e-02, -8.8987e-03,  5.4283e-03],
          [-2.5168e-02, -2.4797e-02, -6.8510e-03]],

         [[ 5.4763e-03,  6.7311e-03,  1.6211e-02],
          [ 7.3911e-04, -9.6514e-03,  1.3702e-02],
          [-3.2115e-03, -7.2618e-03, -1.2619e-02]],

         [[-2.3038e-03, -1.9406e-02, -1.3548e-03],
          [-2.8855e-03, -2.0921e-02, -8.2292e-03],
          [-3.9170e-03, -6.2175e-03,  1.8699e-02]]]])

Name: res_block_14.conv2.bias | Shape: [256]
Values:
tensor([-9.6219e-05,  8.0464e-04,  4.6990e-04,  8.7930e-04, -1.8850e-03,
        -1.3230e-03,  5.9603e-04, -1.3392e-03, -2.6348e-04, -1.0344e-04,
        -1.3071e-03,  3.2393e-04,  1.5381e-03,  1.7594e-03,  1.1929e-03,
        -1.0653e-03, -3.9214e-04,  1.3955e-04, -1.9648e-03, -4.4773e-04,
         1.3912e-03,  4.9543e-04, -1.4937e-03, -1.0295e-03, -9.3785e-04,
        -6.7950e-04, -8.5595e-04, -1.6177e-03,  1.3069e-03,  8.7829e-04,
         1.2017e-03,  1.8703e-03,  4.9335e-04, -1.3521e-03,  7.2132e-05,
        -1.6058e-03, -6.6546e-04,  8.3265e-04,  1.1220e-03, -9.6563e-04,
         1.5222e-03,  1.0594e-03, -6.9486e-04,  7.2299e-04,  4.3873e-04,
        -7.9600e-04, -1.9229e-03,  1.2027e-03, -2.8069e-04, -3.8034e-04,
         1.5392e-03, -1.1178e-03, -1.9094e-03, -1.9597e-04, -2.9586e-04,
         1.5911e-03, -8.1452e-04,  5.3630e-04,  2.0537e-04,  3.4908e-04,
         1.0699e-03,  5.3557e-04,  5.9584e-04,  1.1564e-04,  1.0637e-03,
         1.0044e-03,  6.3344e-04, -1.2523e-03, -8.5255e-05,  7.3027e-04,
        -1.9123e-03, -1.3886e-03,  5.6275e-04,  1.6509e-03,  1.2907e-03,
         1.6584e-03, -1.4331e-03,  4.0633e-04, -1.0512e-03,  2.1516e-04,
        -1.0270e-03, -6.8676e-04, -8.3875e-04,  1.0917e-03, -6.8596e-04,
        -4.5188e-04, -1.1256e-03,  1.8641e-03,  1.4236e-03, -7.5832e-04,
         3.7447e-04, -1.6718e-03,  5.6244e-04,  2.3508e-04, -1.4015e-04,
         1.9295e-03,  1.6305e-03, -4.2830e-04, -1.6112e-03, -8.5561e-04,
        -1.4690e-03,  1.3442e-03, -6.3165e-04, -8.2414e-04,  1.2132e-03,
         7.2357e-04, -1.4859e-03, -1.0884e-03, -7.7766e-04, -4.7297e-04,
        -2.8193e-04, -1.2466e-03,  1.4321e-03, -1.4218e-03, -5.7937e-04,
         8.5748e-04, -3.8456e-04, -1.4445e-03, -1.8826e-04, -9.4935e-04,
        -7.4050e-04, -4.1430e-04,  8.5594e-04,  1.5641e-03, -1.6322e-03,
         1.1043e-03,  1.8400e-03,  4.2858e-04, -1.4374e-03,  1.5511e-03,
        -6.1521e-04,  5.5169e-04, -3.9809e-04, -6.5497e-04, -9.1970e-04,
        -1.7716e-03,  1.7847e-03,  5.8809e-04,  3.1211e-04,  1.4601e-03,
        -8.8389e-04,  1.7600e-03,  1.5461e-03,  6.2616e-04,  1.1273e-03,
         1.8086e-03,  6.4933e-04, -6.8332e-04, -1.0454e-03, -1.4553e-03,
         1.4922e-03,  1.4345e-03, -5.2612e-04, -5.2676e-04, -9.4701e-05,
        -1.0725e-03, -8.0848e-04, -1.3831e-03, -9.3227e-04, -1.2995e-03,
         2.9040e-04,  1.4941e-04, -2.4085e-04, -1.1349e-03, -1.6407e-03,
        -1.2198e-03,  1.1630e-03, -6.7288e-04, -1.1513e-03, -6.6923e-04,
         1.8772e-03, -4.2458e-04,  5.6641e-04, -9.0222e-04, -7.6651e-04,
        -1.5216e-03, -9.9276e-04,  2.6457e-04, -1.2288e-03, -6.1953e-04,
        -7.2928e-06, -1.6534e-03,  1.6299e-03, -1.8360e-03,  2.3610e-04,
        -1.5164e-03,  5.3543e-04, -8.9675e-07,  1.1198e-03, -1.1911e-04,
        -2.9591e-04, -5.2279e-05,  1.1235e-03, -1.2195e-03,  9.0036e-04,
         3.7649e-04,  1.7396e-03,  3.8914e-04, -6.4135e-04, -1.4304e-04,
         1.0462e-03, -1.8837e-03, -7.3868e-04, -1.5172e-03,  1.8563e-03,
         1.6465e-03, -1.2362e-03,  3.3270e-04,  1.6863e-03, -4.3530e-04,
        -1.7067e-03, -1.2523e-03,  7.2521e-05,  1.9698e-03, -2.3674e-04,
         3.6541e-04, -1.7177e-03, -1.5349e-03,  1.7930e-03,  1.1510e-03,
         5.8119e-04, -1.6356e-04, -9.4261e-04, -1.9065e-03,  1.7137e-03,
         7.9022e-04,  1.9292e-03,  9.1939e-04, -1.7101e-03,  2.7308e-04,
        -2.6494e-04, -1.4529e-03,  3.7860e-04,  6.7139e-04,  4.6944e-04,
        -1.9696e-03, -1.0227e-03, -1.6064e-03,  1.2167e-03, -8.8224e-04,
         9.3545e-04, -2.9218e-04,  1.0860e-03,  1.2245e-04,  1.4532e-04,
        -3.4834e-04, -1.2766e-03,  1.9086e-04,  1.2712e-03, -6.3267e-04,
         1.6956e-03, -1.1081e-03, -1.8766e-03,  6.9283e-04,  9.0753e-04,
        -1.4147e-05])

Name: res_block_14.bn2.weight | Shape: [256]
Values:
tensor([0.1634, 0.1132, 0.1521, 0.1315, 0.1295, 0.1662, 0.2347, 0.1290, 0.1279,
        0.1462, 0.1462, 0.1184, 0.1138, 0.1462, 0.1582, 0.1879, 0.1069, 0.1587,
        0.1812, 0.1835, 0.1478, 0.1724, 0.1802, 0.1764, 0.1365, 0.1719, 0.1408,
        0.1635, 0.1675, 0.1509, 0.2807, 0.1284, 0.1585, 0.1309, 0.2058, 0.2001,
        0.1397, 0.2039, 0.0969, 0.1274, 0.1359, 0.1593, 0.1083, 0.1350, 0.0798,
        0.2245, 0.1442, 0.1782, 0.1243, 0.1745, 0.1734, 0.1913, 0.1588, 0.1806,
        0.1402, 0.1578, 0.1256, 0.2245, 0.1265, 0.1243, 0.1741, 0.0680, 0.1394,
        0.1519, 0.1792, 0.1447, 0.1561, 0.1911, 0.1526, 0.0712, 0.2025, 0.1548,
        0.0863, 0.1817, 0.1681, 0.1658, 0.1545, 0.1593, 0.1767, 0.1145, 0.1794,
        0.1514, 0.1354, 0.1283, 0.0953, 0.1624, 0.1754, 0.1711, 0.1843, 0.1201,
        0.1395, 0.2013, 0.1407, 0.1190, 0.2070, 0.1744, 0.1296, 0.1313, 0.1600,
        0.1360, 0.1202, 0.1649, 0.0812, 0.1229, 0.1899, 0.1773, 0.1484, 0.1746,
        0.1489, 0.1257, 0.1360, 0.1707, 0.1331, 0.1096, 0.1045, 0.1932, 0.1888,
        0.1838, 0.1349, 0.0506, 0.1684, 0.1672, 0.1642, 0.1590, 0.0889, 0.1263,
        0.1689, 0.1916, 0.1478, 0.1546, 0.1430, 0.1707, 0.1494, 0.1500, 0.1321,
        0.1570, 0.1347, 0.1174, 0.1837, 0.1538, 0.1565, 0.1305, 0.1385, 0.1118,
        0.1582, 0.1516, 0.0991, 0.1490, 0.1292, 0.1142, 0.1630, 0.1845, 0.1323,
        0.1277, 0.1400, 0.1405, 0.1297, 0.1466, 0.1522, 0.1428, 0.1538, 0.1745,
        0.1370, 0.1336, 0.1409, 0.2700, 0.1874, 0.1253, 0.2439, 0.1555, 0.1848,
        0.1697, 0.1425, 0.1528, 0.1527, 0.1207, 0.1540, 0.1215, 0.1814, 0.0866,
        0.1143, 0.1984, 0.1868, 0.1496, 0.0970, 0.1658, 0.1797, 0.1267, 0.1721,
        0.1486, 0.1809, 0.1701, 0.1395, 0.1190, 0.1472, 0.1487, 0.1590, 0.1491,
        0.1363, 0.2451, 0.1470, 0.1265, 0.1629, 0.1423, 0.1468, 0.1557, 0.1471,
        0.1296, 0.1706, 0.1493, 0.1913, 0.1379, 0.1081, 0.1769, 0.1802, 0.1708,
        0.1958, 0.1724, 0.2168, 0.1649, 0.1694, 0.1680, 0.1530, 0.1074, 0.2053,
        0.1200, 0.1171, 0.1313, 0.1380, 0.1457, 0.1482, 0.1381, 0.1561, 0.1490,
        0.1544, 0.1322, 0.1568, 0.1506, 0.1501, 0.1513, 0.1085, 0.1444, 0.1002,
        0.1552, 0.1356, 0.1180, 0.1153, 0.1830, 0.1779, 0.1847, 0.1757, 0.1364,
        0.1518, 0.1496, 0.1387, 0.1644])

Name: res_block_14.bn2.bias | Shape: [256]
Values:
tensor([-0.0534, -0.0077, -0.0413, -0.0453, -0.0480, -0.0342, -0.0833, -0.0109,
        -0.0334, -0.0666, -0.0111, -0.0559, -0.0346, -0.0714, -0.0854, -0.0536,
        -0.0195, -0.1172, -0.0502, -0.0528, -0.0698, -0.0773,  0.0201, -0.0892,
        -0.0739, -0.0732, -0.0368, -0.1066, -0.0611,  0.0311, -0.0139, -0.0216,
        -0.0764, -0.0567, -0.0797, -0.0691, -0.0765, -0.1129,  0.0189, -0.0665,
        -0.0310, -0.0244,  0.0406, -0.0518, -0.0557, -0.0693, -0.0219, -0.0859,
        -0.0666, -0.0729, -0.0407, -0.0683, -0.0560, -0.0491, -0.0017,  0.0910,
         0.0100, -0.0896, -0.0358,  0.0066, -0.0515, -0.0262, -0.0302, -0.0380,
        -0.0719, -0.0496, -0.0494, -0.0691, -0.0620,  0.0159, -0.0654, -0.0567,
        -0.0888, -0.0457, -0.0676, -0.0805, -0.0457, -0.0527, -0.0782, -0.0499,
        -0.0634, -0.0545, -0.0244, -0.0153, -0.0411, -0.0176, -0.0813, -0.0805,
        -0.0753, -0.0559, -0.0755, -0.0935, -0.0222, -0.0321, -0.0710, -0.0926,
        -0.0485, -0.0368, -0.0429, -0.0633, -0.0762, -0.0595, -0.0058, -0.0037,
        -0.1101, -0.0254, -0.0025, -0.0546, -0.0438, -0.0765, -0.0183,  0.0037,
        -0.0668, -0.0896, -0.0079, -0.0699, -0.1314, -0.0186, -0.0493,  0.0012,
        -0.0122, -0.0314, -0.0270, -0.0598, -0.0463, -0.0962, -0.0280, -0.0355,
         0.0067, -0.1037, -0.0081, -0.0587, -0.0283, -0.0582, -0.0744, -0.0478,
        -0.0481, -0.0146, -0.0940, -0.0727, -0.0214, -0.0566, -0.0179,  0.0524,
        -0.0298, -0.0604, -0.0358, -0.0004,  0.0028, -0.0143, -0.0723, -0.1074,
        -0.0138, -0.0374,  0.0088, -0.0474, -0.0022, -0.0519, -0.0191, -0.0676,
        -0.0693, -0.0431, -0.0509, -0.0323, -0.0107, -0.1352, -0.0793, -0.0834,
        -0.1264, -0.0707, -0.0315,  0.2085, -0.0736, -0.0707, -0.0489, -0.0850,
        -0.0802, -0.0333,  0.0106,  0.0220, -0.0856, -0.0494, -0.0772, -0.0445,
        -0.0389, -0.0189, -0.0693,  0.0456, -0.0346, -0.0521, -0.0712, -0.0401,
         0.0680, -0.0738, -0.0658, -0.0494, -0.0112, -0.0728, -0.0180, -0.1226,
        -0.0246, -0.0663, -0.0558, -0.0697, -0.0723, -0.0410, -0.0290, -0.0482,
        -0.0681, -0.0480, -0.0507,  0.0020, -0.0284, -0.0668, -0.1108, -0.0708,
        -0.1529, -0.0352,  0.0180,  0.0154, -0.0387, -0.0578, -0.0315,  0.0088,
        -0.0533, -0.0219, -0.0419, -0.0072,  0.0070, -0.0067, -0.0115, -0.0254,
        -0.0512, -0.0571, -0.0276, -0.0433, -0.0650,  0.0110,  0.0189, -0.0555,
         0.0507, -0.0210, -0.0410, -0.0685, -0.0759, -0.0006, -0.0526, -0.0550,
        -0.0708, -0.0879, -0.0431, -0.0328, -0.0437, -0.0480, -0.0342,  0.0049])

Name: res_block_15.conv1.weight | Shape: [256, 256, 3, 3]
Values:
tensor([[[[ 8.8578e-04, -2.2151e-02, -1.5252e-02],
          [-2.3369e-02, -4.2885e-02, -4.6530e-02],
          [-6.4567e-03, -6.3844e-03, -1.2907e-02]],

         [[-1.0183e-02,  2.1667e-02,  2.0595e-02],
          [-9.0739e-03,  1.3692e-02, -3.8544e-03],
          [-1.5424e-03,  5.8066e-03,  6.8311e-04]],

         [[ 1.3711e-02,  2.4879e-02,  2.5007e-02],
          [-1.2346e-02,  2.2132e-03,  1.4499e-02],
          [-2.6536e-02, -1.4410e-02,  1.7486e-02]],

         ...,

         [[ 2.4940e-03,  5.0557e-04,  3.1052e-03],
          [-8.0211e-03,  9.5524e-03, -4.5181e-03],
          [ 1.1957e-02, -1.5207e-02,  2.4951e-02]],

         [[-3.1515e-02, -2.8431e-02, -1.5238e-02],
          [-1.0128e-02,  6.0719e-03, -1.3138e-02],
          [-4.8658e-03, -1.0664e-02, -1.5571e-02]],

         [[ 9.3312e-03, -2.9574e-03, -2.5970e-02],
          [ 3.6388e-03, -1.1708e-02, -1.4286e-02],
          [ 1.0955e-02, -1.3958e-02, -4.0544e-02]]],


        [[[-2.2588e-03, -1.2727e-02, -4.3313e-02],
          [-1.7901e-02, -4.2870e-02, -4.3124e-02],
          [-1.9399e-02, -6.8957e-03,  5.9992e-03]],

         [[-2.1274e-03, -1.6423e-02, -1.0894e-02],
          [-3.1475e-03,  7.7879e-03,  2.7696e-03],
          [ 7.9140e-03,  1.5922e-02, -7.6882e-03]],

         [[-1.9386e-02, -5.0131e-03, -8.4803e-03],
          [-5.5826e-03, -2.6497e-02, -9.7022e-03],
          [-1.9653e-02, -2.9692e-02,  8.7042e-03]],

         ...,

         [[-1.4419e-02, -1.0755e-02,  4.1899e-04],
          [-1.3668e-02,  1.4658e-03,  1.4743e-02],
          [-9.7618e-03,  1.2171e-02,  2.3308e-03]],

         [[ 1.9713e-03,  8.0256e-03, -5.9295e-03],
          [-1.1504e-02, -6.2160e-03, -1.9666e-02],
          [ 1.6387e-02, -6.2354e-03, -2.2781e-02]],

         [[-3.3651e-02, -2.1872e-02, -2.5895e-02],
          [-1.6646e-02, -1.3909e-02, -1.6952e-02],
          [-1.0531e-02, -1.0623e-02,  3.4802e-03]]],


        [[[-1.5170e-02,  2.4330e-02,  2.5294e-03],
          [ 2.6020e-03,  2.6010e-02,  2.9342e-02],
          [-9.4408e-03,  3.3659e-02, -6.0936e-03]],

         [[ 1.1414e-02,  9.0552e-03, -1.3415e-02],
          [ 1.8734e-03,  6.1632e-03, -2.7275e-02],
          [ 1.1785e-02,  1.8229e-02, -2.4710e-02]],

         [[ 1.1932e-02,  5.1625e-03,  4.3560e-03],
          [-1.1373e-02, -1.2093e-02, -1.0597e-02],
          [ 1.7202e-03, -8.5388e-04,  8.3465e-03]],

         ...,

         [[-1.3143e-02,  1.9071e-02,  1.7799e-02],
          [-5.2043e-03, -9.8078e-03,  1.9732e-02],
          [-1.3642e-02, -1.7059e-02, -1.4607e-02]],

         [[ 1.6745e-03,  2.8089e-02,  2.8127e-02],
          [ 2.1831e-02,  2.0574e-02,  7.0979e-04],
          [-1.8680e-02, -2.5558e-03, -3.6549e-02]],

         [[-7.8606e-03, -2.7461e-02, -2.0183e-02],
          [-1.1280e-02, -2.8361e-02, -1.2412e-02],
          [-2.3207e-03,  3.1391e-05,  2.2105e-02]]],


        ...,


        [[[-1.6381e-02, -1.1444e-02, -3.5689e-02],
          [-3.4906e-02, -2.4005e-02, -3.1623e-02],
          [-1.6706e-02, -3.1300e-02,  1.6362e-03]],

         [[-1.1192e-02, -8.4080e-03, -9.5181e-03],
          [-4.6213e-03, -1.2655e-02, -1.0662e-02],
          [-1.2213e-02, -2.0376e-02,  5.0882e-03]],

         [[-8.2785e-03,  4.4222e-03,  6.8547e-03],
          [ 1.7153e-02, -7.6128e-03, -1.8203e-02],
          [ 3.9291e-03,  1.2629e-02, -1.4957e-03]],

         ...,

         [[-2.0275e-02, -1.7437e-02, -2.0326e-02],
          [ 8.5627e-03,  4.5449e-03,  6.0042e-03],
          [ 2.1881e-02,  4.3915e-02,  2.0405e-02]],

         [[-3.3973e-02, -1.9062e-02,  8.8107e-03],
          [-1.3712e-02, -1.6399e-02,  5.3941e-02],
          [ 1.1609e-02,  2.4597e-02,  4.5083e-02]],

         [[ 5.3733e-04, -7.6031e-03,  1.1692e-02],
          [-3.3579e-03, -1.3952e-02,  3.7936e-03],
          [-2.0476e-02, -2.2666e-02,  2.7443e-02]]],


        [[[-1.5842e-02, -3.2906e-02, -2.6517e-02],
          [-4.0730e-02, -9.1551e-03, -1.4041e-02],
          [-2.0979e-02, -2.2368e-02,  2.0340e-03]],

         [[-1.7116e-02, -9.8446e-03, -2.0061e-02],
          [-6.7759e-03, -1.6377e-02, -1.3669e-02],
          [-5.3128e-03, -1.7287e-02, -1.8055e-02]],

         [[ 1.2307e-02, -1.2066e-02, -2.6419e-02],
          [ 1.6345e-02, -1.4728e-02,  7.4570e-03],
          [ 2.3318e-02,  9.3029e-03, -2.4401e-02]],

         ...,

         [[-2.4243e-02, -2.5773e-02, -1.2350e-02],
          [-1.8251e-02, -4.6896e-03,  5.8555e-03],
          [ 6.1318e-03,  2.9192e-03, -2.1349e-03]],

         [[ 1.1488e-02,  1.9034e-02, -6.6338e-03],
          [ 1.2872e-02,  1.7281e-04,  8.8848e-03],
          [ 8.1027e-03,  1.2851e-02, -6.3122e-03]],

         [[-3.6452e-02, -2.6547e-02, -3.4025e-02],
          [-5.0826e-02, -2.6696e-02, -1.3719e-02],
          [-9.8170e-03, -5.9695e-03,  5.1629e-03]]],


        [[[-1.1611e-02,  1.1675e-03,  5.9887e-04],
          [-1.6956e-02, -2.9411e-03,  1.1315e-02],
          [-3.8944e-02, -2.7620e-02,  4.1557e-02]],

         [[ 9.1147e-03,  1.5382e-02,  1.7552e-02],
          [-1.0759e-02,  1.6053e-02,  1.5621e-02],
          [ 6.2823e-03, -1.8479e-03,  1.6716e-02]],

         [[-7.4730e-03, -1.0127e-02, -8.4987e-03],
          [ 3.7905e-03, -1.9812e-03, -1.0118e-02],
          [-4.0625e-03,  6.2601e-03,  5.2926e-03]],

         ...,

         [[ 1.3375e-03, -1.7030e-03,  4.0705e-03],
          [ 2.1203e-02, -7.5635e-03, -2.6853e-03],
          [-4.5219e-03,  1.4417e-02, -5.1103e-02]],

         [[ 4.0467e-02,  3.0361e-02,  1.8390e-02],
          [ 2.4711e-02, -1.5341e-02, -2.6217e-02],
          [ 2.3990e-02, -2.6211e-02, -2.7183e-02]],

         [[-1.5819e-02,  1.2777e-02,  1.3696e-02],
          [-4.4583e-03,  1.4796e-02, -1.1205e-02],
          [-9.2154e-03, -2.3500e-02,  1.0366e-02]]]])

Name: res_block_15.conv1.bias | Shape: [256]
Values:
tensor([ 5.0430e-04, -3.0209e-05, -8.5462e-04,  1.1285e-03, -2.0410e-04,
         3.4990e-05, -1.8574e-03, -1.0900e-03,  9.4503e-04,  1.5222e-03,
         6.1391e-04, -1.7245e-03,  8.9756e-04, -2.1223e-04, -1.3491e-03,
         1.0847e-03,  1.7292e-03,  1.4187e-03, -1.5064e-03,  8.4559e-04,
        -3.2017e-04, -1.3915e-05,  9.8681e-04,  1.8245e-03,  1.8252e-04,
         9.7272e-04, -1.4460e-03,  3.1205e-04,  1.3151e-03,  1.8766e-03,
        -1.2681e-03, -4.5489e-05,  1.6368e-03, -1.1146e-03,  8.6975e-06,
        -9.9681e-04,  9.8115e-04,  1.4207e-03, -6.3934e-04,  2.3116e-04,
        -1.1477e-03, -1.6631e-03, -1.7910e-03,  1.3669e-03,  1.4946e-03,
        -6.4208e-04,  1.5243e-03, -5.7362e-05, -1.6760e-03, -1.6657e-03,
         4.3289e-04,  2.5837e-04,  9.9791e-04,  1.8262e-03,  5.9994e-04,
         1.5866e-03,  1.2252e-03, -1.4439e-03, -1.6501e-04,  9.8011e-04,
        -1.2396e-03,  1.4620e-04, -1.0537e-03,  6.5716e-04,  1.6236e-03,
         1.3852e-03, -1.3061e-03, -1.4586e-03, -1.6689e-03, -5.4069e-04,
        -1.5771e-03, -1.7503e-03,  1.6140e-03,  1.2768e-03, -4.9477e-05,
         2.0759e-04, -1.3774e-03,  1.9033e-04, -1.8851e-03,  3.1554e-04,
         6.5755e-04, -4.0302e-04, -4.2632e-04,  1.1043e-03,  1.0079e-03,
        -1.4136e-03, -7.0665e-04, -8.5897e-04,  1.4502e-03,  1.6840e-04,
         1.8591e-03,  1.0786e-03,  1.0391e-03,  1.6473e-03, -5.9847e-04,
        -1.1781e-03,  9.8075e-05,  5.8090e-04, -1.8352e-03,  2.1801e-04,
        -5.3885e-04,  2.8113e-04,  9.7617e-04, -1.5569e-03,  1.1481e-03,
        -1.5069e-04, -1.5303e-03,  4.4556e-04, -1.1455e-03, -1.3342e-03,
        -3.2432e-04, -1.1226e-03, -1.1354e-03, -3.5675e-04,  1.2704e-03,
        -1.9270e-03,  1.2903e-03, -1.7865e-03,  7.0705e-04, -1.7211e-03,
        -1.0905e-03, -2.4110e-04,  4.6639e-04, -5.1603e-04,  9.1028e-04,
         1.3413e-03,  1.8599e-03,  8.5219e-04, -8.6608e-04,  7.3014e-05,
         1.1319e-03,  5.2463e-04,  1.3341e-04, -1.5504e-03,  3.3593e-04,
         1.8318e-03,  1.1208e-03,  9.3454e-04,  1.1819e-03,  6.3249e-04,
        -1.6225e-03,  1.6875e-03,  9.5033e-04, -4.6818e-04, -8.0108e-04,
        -1.0901e-05,  1.1810e-03, -1.9377e-03,  1.5766e-03,  9.9735e-04,
        -1.4456e-03,  1.3262e-04, -1.5940e-03, -1.0756e-03,  2.9078e-05,
        -1.1243e-03,  1.4107e-03,  1.7894e-03, -4.0819e-05, -8.8079e-04,
         1.5952e-03, -1.6853e-03, -6.2264e-04,  1.9369e-03,  5.0596e-04,
         1.7797e-04, -5.6251e-05, -1.0862e-04, -1.3988e-03, -1.1820e-03,
        -1.9966e-05,  7.6324e-04, -1.4803e-03, -1.4542e-03,  3.9164e-04,
         2.3488e-04,  1.2643e-03, -4.2997e-04, -1.5065e-03, -1.6905e-03,
         4.7280e-04,  1.9741e-03,  2.3055e-04,  3.0878e-04, -3.8906e-04,
        -8.2512e-04, -4.2143e-04, -2.6423e-04, -1.3252e-03,  8.2662e-04,
        -1.4272e-03,  1.6848e-03,  6.7404e-04,  7.0025e-04, -4.2781e-04,
        -9.0807e-04,  1.3160e-03, -1.3445e-03, -1.7780e-03,  1.6119e-03,
         2.3438e-04, -1.6592e-03,  3.8587e-04,  1.6597e-03, -9.5528e-04,
         8.1912e-04, -1.2963e-03, -1.3772e-03,  1.2609e-03, -8.9106e-04,
         9.3327e-04, -1.9625e-03,  1.0567e-03, -8.2222e-04, -1.2530e-03,
        -4.9538e-04, -5.4131e-05, -9.1644e-04,  8.4863e-04, -1.0569e-03,
        -3.5621e-04, -1.3358e-03,  3.0362e-04, -3.4298e-04, -1.7865e-04,
        -1.3814e-03,  4.5675e-04,  1.0808e-03, -1.4427e-03,  3.0616e-04,
        -1.4102e-03,  1.5464e-03,  6.3152e-04,  1.1250e-03,  9.7894e-04,
         1.9005e-03,  9.1597e-05,  1.1499e-03, -1.6095e-03,  9.1676e-04,
        -5.2576e-05,  1.1399e-03, -1.3337e-03, -2.3378e-04, -3.3185e-04,
        -2.1816e-04,  1.8191e-03, -1.8639e-03, -1.2455e-03,  3.0137e-04,
         1.3695e-03, -8.5545e-04, -1.9378e-03, -4.8732e-04, -3.3782e-05,
         1.6286e-03])

Name: res_block_15.bn1.weight | Shape: [256]
Values:
tensor([0.1991, 0.2050, 0.1800, 0.1708, 0.1846, 0.1787, 0.1496, 0.2036, 0.1167,
        0.1844, 0.1731, 0.1896, 0.1722, 0.1977, 0.2091, 0.1751, 0.1573, 0.1936,
        0.1426, 0.2069, 0.1991, 0.1837, 0.1817, 0.2038, 0.1682, 0.1840, 0.1896,
        0.1746, 0.1869, 0.1835, 0.1842, 0.1878, 0.1890, 0.1878, 0.1600, 0.1979,
        0.1740, 0.1618, 0.2067, 0.2216, 0.1908, 0.1928, 0.1842, 0.1938, 0.1936,
        0.1526, 0.1817, 0.1823, 0.1948, 0.2257, 0.2049, 0.1789, 0.1784, 0.1782,
        0.2049, 0.1885, 0.2104, 0.1600, 0.1820, 0.1805, 0.1856, 0.2276, 0.2133,
        0.1871, 0.2116, 0.2003, 0.1861, 0.1863, 0.2014, 0.1776, 0.1568, 0.1658,
        0.1968, 0.2006, 0.1999, 0.1948, 0.1900, 0.2031, 0.1970, 0.2300, 0.1988,
        0.2131, 0.1833, 0.1830, 0.1771, 0.1984, 0.2073, 0.1686, 0.1829, 0.1775,
        0.1625, 0.1866, 0.2644, 0.2232, 0.2008, 0.1826, 0.1835, 0.2043, 0.2082,
        0.1745, 0.1760, 0.1899, 0.2004, 0.2246, 0.1560, 0.1990, 0.1763, 0.1533,
        0.1824, 0.1862, 0.1796, 0.1948, 0.2099, 0.2011, 0.1701, 0.2073, 0.2169,
        0.1696, 0.1822, 0.1767, 0.2190, 0.1981, 0.2034, 0.1812, 0.1921, 0.1732,
        0.1841, 0.1658, 0.1985, 0.1861, 0.1715, 0.1626, 0.1931, 0.1955, 0.1806,
        0.1840, 0.2250, 0.2003, 0.1765, 0.2257, 0.1996, 0.1584, 0.2041, 0.1857,
        0.2063, 0.1577, 0.2159, 0.1801, 0.1957, 0.2223, 0.1897, 0.1895, 0.1989,
        0.1843, 0.1783, 0.1559, 0.1910, 0.1959, 0.1827, 0.1958, 0.1550, 0.1789,
        0.1933, 0.1758, 0.1772, 0.2019, 0.1927, 0.1610, 0.1892, 0.2008, 0.1907,
        0.1680, 0.2091, 0.1985, 0.1571, 0.1848, 0.2042, 0.1754, 0.1642, 0.1914,
        0.2087, 0.1475, 0.1859, 0.1937, 0.1670, 0.1993, 0.1987, 0.1621, 0.1726,
        0.1817, 0.2069, 0.1865, 0.1848, 0.2086, 0.2030, 0.1665, 0.1760, 0.2020,
        0.1778, 0.1720, 0.1866, 0.1409, 0.2714, 0.1867, 0.1910, 0.1931, 0.1984,
        0.1834, 0.1808, 0.1762, 0.1875, 0.1771, 0.1877, 0.1985, 0.1968, 0.1940,
        0.1912, 0.2320, 0.1835, 0.1757, 0.1494, 0.1976, 0.2352, 0.1741, 0.1956,
        0.1899, 0.1911, 0.1838, 0.2203, 0.1635, 0.1677, 0.1804, 0.1839, 0.2068,
        0.2034, 0.2004, 0.1970, 0.2394, 0.1793, 0.2658, 0.2034, 0.2089, 0.1712,
        0.1805, 0.2046, 0.1900, 0.1942, 0.2059, 0.1922, 0.1792, 0.1666, 0.1803,
        0.1568, 0.1685, 0.1892, 0.1845])

Name: res_block_15.bn1.bias | Shape: [256]
Values:
tensor([-0.1243, -0.1638, -0.0987, -0.0928, -0.1362, -0.1506, -0.1143, -0.1134,
        -0.0809, -0.0885, -0.0965, -0.1251, -0.1130, -0.1399, -0.1360, -0.1202,
        -0.0978, -0.1033, -0.0742, -0.0814, -0.1583, -0.1085, -0.1112, -0.1598,
        -0.1107, -0.1268, -0.1502, -0.0711, -0.0903, -0.1272, -0.1477, -0.1108,
        -0.1228, -0.1208, -0.1177, -0.1168, -0.1025, -0.1146, -0.1835, -0.1391,
        -0.1237, -0.1092, -0.1003, -0.1039, -0.0844, -0.1166, -0.1463, -0.1086,
        -0.1558, -0.1327, -0.1188, -0.1227, -0.1008, -0.1346, -0.1640, -0.1245,
        -0.1424, -0.0740, -0.0939, -0.1426, -0.0948, -0.1063, -0.1442, -0.1176,
        -0.1243, -0.1030, -0.1038, -0.1425, -0.1070, -0.0932, -0.1143, -0.1536,
        -0.1564, -0.1456, -0.1204, -0.1443, -0.1198, -0.1132, -0.1172, -0.1657,
        -0.1381, -0.1460, -0.1306, -0.1187, -0.0584, -0.1316, -0.1502, -0.1126,
        -0.1069, -0.1365, -0.0894, -0.1048, -0.2280, -0.1429, -0.1545, -0.1760,
        -0.0905, -0.1228, -0.1083, -0.1234, -0.1201, -0.1215, -0.0980, -0.1262,
        -0.0876, -0.1585, -0.0988, -0.1254, -0.1138, -0.0954, -0.1386, -0.1317,
        -0.1698, -0.0914, -0.1062, -0.1370, -0.0778, -0.0997, -0.1113, -0.1433,
        -0.1262, -0.1193, -0.1848, -0.0797, -0.1545, -0.1132, -0.1338, -0.1523,
        -0.1211, -0.1151, -0.1502, -0.1345, -0.1135, -0.1229, -0.1323, -0.1455,
        -0.1542, -0.1733, -0.1447, -0.1174, -0.1131, -0.1362, -0.1174, -0.1105,
        -0.1142, -0.0712, -0.1452, -0.1314, -0.1531, -0.1199, -0.1410, -0.0918,
        -0.0909, -0.1207, -0.1128, -0.0639, -0.0909, -0.1333, -0.1020, -0.1468,
        -0.0880, -0.1108, -0.1370, -0.1150, -0.1463, -0.1420, -0.1421, -0.1247,
        -0.0642, -0.1493, -0.1202, -0.1076, -0.1164, -0.1096, -0.0781, -0.1291,
        -0.1140, -0.1525, -0.1293, -0.1263, -0.1476, -0.0583, -0.0920, -0.1368,
        -0.1037, -0.1044, -0.1775, -0.1191, -0.1469, -0.1357, -0.1302, -0.1421,
        -0.1439, -0.1317, -0.1160, -0.1409, -0.1578, -0.1038, -0.1471, -0.1355,
        -0.0895, -0.1113, -0.2818, -0.1095, -0.1519, -0.1113, -0.1179, -0.1252,
        -0.1233, -0.1057, -0.1692, -0.1638, -0.1239, -0.1230, -0.1295, -0.0734,
        -0.1296, -0.1473, -0.1102, -0.1043, -0.0874, -0.0868, -0.1445, -0.1290,
        -0.1192, -0.1493, -0.0840, -0.1284, -0.1592, -0.1477, -0.1163, -0.0953,
        -0.1223, -0.1097, -0.1314, -0.1297, -0.1392, -0.1532, -0.0879, -0.2423,
        -0.1322, -0.1644, -0.1154, -0.1397, -0.1207, -0.1208, -0.1151, -0.1373,
        -0.1111, -0.1461, -0.1085, -0.1437, -0.1148, -0.1545, -0.1456, -0.1275])

Name: res_block_15.conv2.weight | Shape: [256, 256, 3, 3]
Values:
tensor([[[[ 8.1049e-03, -5.5119e-03,  3.8943e-02],
          [ 6.2455e-03, -2.7158e-02, -1.0015e-02],
          [-1.4562e-02, -1.5202e-02,  1.0077e-03]],

         [[ 2.6796e-02, -2.4010e-02, -1.7464e-02],
          [ 1.9004e-02, -1.9588e-03,  6.3267e-03],
          [-6.2136e-03, -6.6940e-03,  4.6883e-03]],

         [[-1.9048e-02, -1.7379e-02, -6.1766e-03],
          [-2.2526e-02, -4.5232e-03, -1.4575e-02],
          [ 1.7104e-02,  1.7015e-02, -1.5541e-02]],

         ...,

         [[ 1.0951e-02,  1.5397e-03, -1.3226e-03],
          [ 2.5862e-02, -3.2366e-03, -2.6146e-03],
          [-1.4831e-02, -4.1405e-02, -2.8779e-02]],

         [[-4.9448e-03, -1.1437e-02, -2.8193e-02],
          [-1.0820e-02,  1.3164e-02, -2.3778e-02],
          [-5.5028e-03,  1.1067e-02,  2.0111e-03]],

         [[ 1.9170e-03, -1.7384e-02,  2.2845e-02],
          [ 3.0296e-02,  2.8673e-02,  1.9198e-02],
          [ 3.7506e-03,  3.4733e-03,  1.2792e-02]]],


        [[[ 2.0429e-02, -1.8800e-02, -2.7115e-02],
          [-5.8678e-03,  2.8402e-03,  4.6852e-04],
          [ 1.5911e-02, -1.2323e-02,  5.6079e-04]],

         [[ 3.5193e-03, -6.8825e-03, -9.7705e-03],
          [ 1.5933e-02, -6.8202e-03, -3.3252e-02],
          [-8.7335e-03, -1.6053e-02, -1.5972e-02]],

         [[ 3.7611e-03,  1.4459e-02, -3.0947e-03],
          [-4.0911e-03, -2.2579e-03, -1.8175e-02],
          [ 1.4846e-03, -2.2991e-02, -8.8914e-03]],

         ...,

         [[-1.1457e-02,  3.0035e-02,  1.6970e-02],
          [ 6.1261e-03, -4.4254e-03,  7.9499e-03],
          [ 1.1159e-02, -3.9514e-03, -1.0171e-02]],

         [[-6.7716e-03,  7.9248e-04,  1.2201e-02],
          [ 1.0867e-02, -2.0337e-02,  9.1818e-03],
          [ 8.3060e-04, -6.5213e-03, -1.3625e-02]],

         [[ 1.3956e-02,  2.4669e-02, -2.5119e-03],
          [ 1.9123e-02, -2.2598e-03, -9.4769e-03],
          [-1.1502e-02, -1.5928e-02, -2.5691e-02]]],


        [[[-3.5120e-03, -2.0755e-02, -1.1367e-02],
          [-3.1169e-03, -7.3128e-04,  1.2146e-02],
          [-1.3341e-02, -9.6363e-03, -8.0541e-03]],

         [[-2.8804e-02, -1.5560e-02,  8.5858e-03],
          [-2.0327e-02, -9.4960e-03,  2.3722e-02],
          [ 3.5865e-02,  2.4973e-02,  2.5871e-02]],

         [[ 6.7632e-03,  2.3299e-02,  2.0887e-02],
          [-8.7305e-03,  1.8498e-02,  1.6141e-02],
          [-1.8279e-02, -1.9031e-02, -1.3423e-03]],

         ...,

         [[ 3.4427e-03,  6.4639e-03, -7.0314e-03],
          [-2.3316e-03, -4.1922e-03,  5.5549e-03],
          [ 1.7307e-02,  1.4193e-02,  7.2547e-03]],

         [[-2.0179e-02,  1.4200e-02,  3.1219e-02],
          [-1.1557e-02, -1.2524e-02, -1.1334e-02],
          [ 1.6057e-02,  1.0300e-02,  4.7656e-03]],

         [[ 9.3826e-03, -5.3052e-03, -3.0636e-03],
          [-9.4553e-03, -5.8213e-03,  4.1863e-03],
          [-1.9880e-02, -7.7874e-03, -1.2728e-02]]],


        ...,


        [[[-9.2369e-04, -1.2282e-02, -1.3563e-02],
          [ 1.9622e-02,  5.8824e-03,  3.4293e-04],
          [ 5.5519e-03,  3.3124e-03, -1.1023e-02]],

         [[-1.3655e-02,  1.2107e-03,  2.2216e-03],
          [ 8.9783e-03,  2.0207e-02,  1.6178e-02],
          [ 2.9431e-02,  1.2117e-02,  1.8861e-02]],

         [[ 1.0495e-03,  4.2989e-03,  8.3915e-03],
          [-1.0272e-02,  6.2968e-03,  1.5525e-02],
          [ 1.4463e-03, -4.8880e-04, -4.7688e-03]],

         ...,

         [[-1.6294e-02, -7.0166e-03,  2.1713e-02],
          [ 4.3310e-04, -7.5752e-03,  1.6976e-02],
          [-6.4659e-03, -9.6184e-03, -1.8076e-02]],

         [[-2.5599e-03, -4.2864e-05,  1.1673e-02],
          [-3.7897e-03,  4.6166e-04,  1.1672e-03],
          [ 1.5677e-03,  5.0640e-03,  9.7436e-03]],

         [[ 7.3531e-03,  1.8119e-02, -9.6208e-04],
          [ 1.7803e-02,  1.3303e-02, -2.9949e-03],
          [-9.6875e-03, -1.8243e-02, -2.2068e-02]]],


        [[[-2.7916e-02,  7.3430e-03,  1.8363e-02],
          [-4.7767e-04,  9.2369e-03,  1.4700e-02],
          [ 1.6901e-02,  5.9831e-03, -7.5389e-03]],

         [[ 7.8659e-02,  6.0406e-02,  8.8456e-03],
          [ 3.3044e-02,  1.4057e-02,  1.7342e-02],
          [ 1.8339e-02,  3.8929e-03,  8.3811e-03]],

         [[ 1.0730e-02,  8.2000e-03, -4.7452e-03],
          [-2.3220e-03, -1.2643e-02,  2.3694e-02],
          [-1.3240e-02, -9.2545e-03,  2.2548e-02]],

         ...,

         [[-7.3358e-03, -1.5200e-02,  7.5308e-03],
          [-8.0125e-03, -1.1936e-02,  2.0370e-03],
          [ 6.6583e-03,  1.6993e-03,  1.0333e-02]],

         [[-1.2096e-02, -4.7512e-03,  7.6745e-03],
          [-8.9731e-03,  1.1132e-02,  1.0919e-02],
          [-1.0941e-02, -3.2693e-03, -5.0370e-03]],

         [[ 2.9665e-02,  5.5257e-03,  6.5190e-03],
          [ 1.9227e-02,  1.4125e-02,  2.7296e-02],
          [-5.8220e-03, -5.2541e-03,  1.6917e-02]]],


        [[[-4.3866e-03, -1.5018e-02,  1.6579e-02],
          [ 2.9044e-02,  1.3778e-02,  3.7951e-02],
          [ 2.5054e-02,  1.5265e-02,  2.4085e-02]],

         [[ 1.1476e-02, -2.4008e-02, -9.8435e-03],
          [ 4.0751e-03, -7.4476e-03, -3.7236e-03],
          [-1.7013e-02, -1.0346e-02,  2.1302e-03]],

         [[ 1.3469e-02, -5.8096e-03,  5.0221e-03],
          [ 8.3705e-03,  3.2469e-03,  2.6246e-02],
          [ 6.3311e-03, -2.3838e-03,  9.8618e-03]],

         ...,

         [[-2.0026e-02, -2.3348e-03,  6.3709e-03],
          [-2.1786e-02, -1.8486e-02, -2.1717e-03],
          [-7.1379e-03, -1.7724e-02,  8.4884e-03]],

         [[ 2.0060e-02,  1.4932e-02,  2.4207e-02],
          [ 1.3265e-02,  2.6001e-02,  2.6562e-02],
          [ 1.6294e-02,  2.5025e-02,  2.7230e-02]],

         [[ 3.3340e-04,  7.1336e-03,  1.9301e-02],
          [-2.5742e-02, -2.3802e-03,  1.1075e-02],
          [-1.5854e-02,  2.0803e-03,  4.8436e-03]]]])

Name: res_block_15.conv2.bias | Shape: [256]
Values:
tensor([ 2.8786e-04, -1.3622e-03,  1.0068e-03,  6.2954e-04, -1.4368e-03,
        -1.1379e-03,  9.7300e-04,  4.2326e-04,  6.2216e-04, -8.2930e-04,
         1.6138e-04,  1.8152e-03,  1.5573e-03,  1.7441e-04, -1.7493e-03,
         5.6267e-04, -4.9831e-04, -4.6603e-04,  1.1662e-03,  1.0052e-03,
         1.0746e-03,  7.8355e-04,  4.4560e-06, -1.5928e-03, -1.1355e-03,
         5.4008e-04,  3.9719e-04,  1.6625e-03, -1.7569e-03,  3.0102e-04,
        -3.5667e-04,  1.8756e-03, -7.2179e-04, -1.0031e-03,  1.7854e-03,
        -6.1789e-04,  7.6584e-04,  7.1335e-05, -8.8091e-04,  1.5061e-03,
        -1.4263e-03,  1.4066e-03, -4.7217e-04,  1.1753e-03, -9.2680e-04,
        -3.3990e-04,  1.4507e-03, -3.1165e-05,  2.5412e-05, -1.6074e-03,
        -1.6728e-03, -1.9905e-04, -7.2337e-04,  9.9128e-04,  3.6817e-04,
        -1.9021e-03, -4.6874e-04, -1.7120e-03,  5.5568e-04, -1.2785e-04,
        -1.9548e-03,  1.2120e-03,  4.1025e-04,  1.2244e-03,  3.6684e-04,
         1.5729e-03, -5.8762e-04, -1.5002e-03,  8.3352e-04,  6.9030e-04,
         9.2877e-04, -4.2708e-04, -1.8114e-03, -8.9353e-04,  7.8558e-04,
         1.3520e-03, -1.9228e-03, -9.4743e-04, -1.6332e-03,  1.9071e-03,
         1.2828e-03,  1.6415e-03, -7.9790e-04, -3.8067e-04, -1.1777e-03,
        -1.7331e-03, -1.7343e-03, -1.1817e-03, -1.1466e-03,  1.5762e-04,
         1.3635e-03,  6.6581e-04, -1.1863e-03,  1.3953e-03, -7.6148e-04,
        -9.2328e-04,  1.3805e-03,  1.9070e-04, -2.6574e-04, -1.4610e-03,
         1.2566e-03,  1.1718e-03, -1.1174e-03, -1.2117e-03, -1.2706e-03,
        -1.2905e-03, -1.0241e-03, -1.7019e-03,  1.7056e-03, -8.7660e-04,
        -1.6869e-03,  1.1746e-03, -4.0305e-04, -9.4833e-04, -5.8834e-04,
         1.7609e-03,  6.8160e-04, -8.6485e-04, -1.0371e-03, -9.4881e-04,
         8.9565e-04,  6.3433e-04,  1.2110e-03, -1.8427e-03,  4.7924e-05,
        -1.7202e-03, -1.5693e-03,  5.1725e-05,  1.0546e-03, -1.2985e-03,
         3.3202e-04,  1.7392e-04, -8.5892e-04, -1.6062e-03,  6.4939e-05,
        -3.0641e-04,  1.1030e-03, -7.9302e-04, -1.5974e-03,  1.2000e-04,
         1.1447e-03,  1.7426e-03,  1.5885e-04, -1.8630e-03, -1.8841e-03,
        -1.4540e-03,  1.1515e-03, -1.7091e-05, -1.2923e-03, -2.6337e-04,
         8.9591e-04,  8.6771e-04,  8.1098e-04,  1.4757e-03,  1.8449e-03,
         9.7901e-04,  3.8643e-04, -3.7577e-05,  7.3511e-05,  3.9296e-04,
        -2.8999e-04,  1.5507e-03,  1.7462e-03, -6.4688e-04,  1.7026e-03,
        -1.2021e-03,  7.7205e-04, -3.7914e-04,  9.9428e-04, -1.2424e-03,
        -1.9909e-04,  1.9066e-03, -1.9024e-03,  3.9065e-04, -1.6902e-03,
        -1.5515e-03,  3.6112e-04,  1.0654e-03,  8.4700e-04,  1.6710e-04,
        -7.1053e-04, -7.6573e-05, -3.7846e-04,  4.2469e-04, -1.3493e-03,
         6.3449e-04,  8.8814e-04, -1.7500e-03,  1.8113e-03,  1.6672e-03,
         4.6283e-04, -1.8679e-03, -1.4729e-03,  2.0392e-04, -9.5862e-04,
         1.6972e-03, -4.6569e-04, -4.8681e-04,  9.7634e-05, -8.2965e-04,
         1.9364e-03, -2.8955e-05,  1.0566e-03,  1.1369e-04,  1.6154e-03,
        -2.4955e-04, -1.0991e-04, -1.4981e-03, -1.6362e-03, -3.5197e-05,
         1.7559e-03, -1.0594e-03, -4.2294e-04, -4.6569e-05, -1.4310e-03,
         4.1876e-04, -5.2325e-04,  8.2679e-04, -4.8854e-04,  5.5377e-04,
         2.2240e-04,  1.4687e-04,  1.7499e-03, -1.1418e-03, -2.3049e-04,
         1.0516e-05, -1.3102e-03,  4.5053e-04,  9.9383e-04, -1.5494e-03,
         1.8301e-03, -1.6089e-03,  1.4342e-03, -3.0728e-04,  1.3766e-03,
        -3.2680e-04, -6.2611e-04,  1.0103e-03,  1.5288e-04, -1.4684e-03,
         1.6640e-03, -1.2116e-04,  7.5131e-05,  2.4441e-04,  1.9498e-05,
        -1.9679e-03, -9.1260e-04, -1.5231e-03,  1.4760e-03,  3.5009e-05,
         1.2249e-03,  6.0391e-04, -7.6430e-05,  1.5039e-03,  1.4272e-03,
        -1.7266e-03])

Name: res_block_15.bn2.weight | Shape: [256]
Values:
tensor([0.1973, 0.1404, 0.1895, 0.1147, 0.1530, 0.1569, 0.2366, 0.1583, 0.1140,
        0.2273, 0.1453, 0.1626, 0.1523, 0.1800, 0.2048, 0.2055, 0.1508, 0.1903,
        0.2139, 0.2291, 0.1525, 0.1766, 0.1668, 0.2048, 0.1929, 0.1884, 0.2048,
        0.1907, 0.1853, 0.1383, 0.3178, 0.1722, 0.1801, 0.1449, 0.2115, 0.1979,
        0.1428, 0.2221, 0.1773, 0.1558, 0.2061, 0.1711, 0.1374, 0.1673, 0.0788,
        0.1945, 0.1492, 0.2509, 0.1163, 0.1866, 0.1917, 0.1950, 0.1918, 0.2000,
        0.1320, 0.1311, 0.1175, 0.2023, 0.1746, 0.1325, 0.1731, 0.0790, 0.1895,
        0.2091, 0.2196, 0.1525, 0.1821, 0.1689, 0.2154, 0.0838, 0.1766, 0.1390,
        0.1140, 0.2143, 0.1787, 0.1829, 0.1665, 0.1642, 0.2026, 0.1106, 0.1975,
        0.1754, 0.1557, 0.1210, 0.1244, 0.1438, 0.1807, 0.1793, 0.1976, 0.1653,
        0.1564, 0.1987, 0.1613, 0.1496, 0.1889, 0.2027, 0.1762, 0.1615, 0.1226,
        0.1582, 0.1802, 0.1717, 0.1480, 0.1190, 0.1861, 0.1577, 0.1068, 0.1948,
        0.1257, 0.1726, 0.1528, 0.1667, 0.1586, 0.1190, 0.1218, 0.2405, 0.2686,
        0.1936, 0.1595, 0.0590, 0.1796, 0.1699, 0.1908, 0.1782, 0.1001, 0.1529,
        0.2192, 0.1727, 0.1660, 0.1756, 0.1576, 0.1775, 0.1762, 0.1582, 0.1363,
        0.1580, 0.1787, 0.1445, 0.2206, 0.1526, 0.1981, 0.1431, 0.1457, 0.0935,
        0.1822, 0.1756, 0.1562, 0.1801, 0.1365, 0.1497, 0.1470, 0.1713, 0.1657,
        0.1431, 0.1509, 0.2065, 0.1549, 0.1610, 0.1912, 0.1873, 0.1963, 0.2074,
        0.1845, 0.1584, 0.1298, 0.2112, 0.1853, 0.1669, 0.3585, 0.1938, 0.1612,
        0.1412, 0.1797, 0.1660, 0.1289, 0.2114, 0.1944, 0.1487, 0.1957, 0.0683,
        0.1049, 0.1480, 0.1840, 0.1469, 0.1524, 0.1640, 0.1726, 0.1127, 0.1663,
        0.2067, 0.2021, 0.1726, 0.0989, 0.1654, 0.1680, 0.1591, 0.1876, 0.1937,
        0.1192, 0.3142, 0.1572, 0.1653, 0.1866, 0.1825, 0.1455, 0.1619, 0.1611,
        0.1569, 0.2086, 0.1380, 0.1985, 0.1525, 0.1500, 0.2018, 0.2277, 0.2121,
        0.2377, 0.2076, 0.1868, 0.1333, 0.1883, 0.2126, 0.1848, 0.1417, 0.1801,
        0.1474, 0.1565, 0.1585, 0.1658, 0.1658, 0.1356, 0.1612, 0.1764, 0.1900,
        0.1882, 0.1467, 0.1626, 0.1653, 0.1356, 0.1515, 0.1287, 0.1596, 0.1562,
        0.1691, 0.1669, 0.1424, 0.0966, 0.2109, 0.1775, 0.2002, 0.1872, 0.1643,
        0.1966, 0.1685, 0.2155, 0.1583])

Name: res_block_15.bn2.bias | Shape: [256]
Values:
tensor([-0.0598,  0.0200, -0.0271, -0.0260, -0.0281, -0.0363, -0.1074, -0.0638,
        -0.0484, -0.1032, -0.0848, -0.0650, -0.0706, -0.1162, -0.0912, -0.0423,
        -0.0092, -0.0581, -0.0576, -0.0756, -0.0698, -0.0578, -0.0538, -0.0120,
        -0.0584, -0.0678, -0.0381, -0.0370, -0.0584, -0.0326, -0.1038, -0.0355,
        -0.0762, -0.0527, -0.0411, -0.0834, -0.0458, -0.0511, -0.0500, -0.0183,
        -0.0247, -0.0344, -0.0505, -0.0369, -0.0333, -0.0901, -0.0074, -0.1035,
        -0.0829, -0.0741, -0.0883, -0.0319, -0.0841, -0.0643, -0.0321,  0.0744,
         0.0254, -0.1081, -0.1104, -0.0045, -0.0670, -0.0512, -0.0486, -0.0742,
        -0.0452, -0.0535, -0.0209, -0.0858, -0.0522, -0.0519, -0.0046, -0.0504,
        -0.0653, -0.0749, -0.0767, -0.0013, -0.0618, -0.0496, -0.0913, -0.0416,
        -0.0944, -0.1071, -0.0337, -0.0533, -0.0181, -0.0191, -0.0295, -0.0572,
        -0.0985, -0.0840, -0.0539, -0.0816, -0.0063, -0.0226, -0.0704, -0.0740,
        -0.0290, -0.0053, -0.0522, -0.0758, -0.0443,  0.0084, -0.0828,  0.0065,
        -0.1059, -0.0732, -0.0486, -0.0216, -0.0423, -0.0245, -0.0039, -0.0762,
        -0.0159,  0.0166,  0.0321, -0.0769, -0.1209, -0.0343, -0.0366, -0.0312,
        -0.0590, -0.0188, -0.1197, -0.0287, -0.1097, -0.0441, -0.0638, -0.0921,
        -0.0626, -0.0568, -0.0325, -0.0192, -0.0252, -0.0587, -0.0793, -0.0655,
        -0.0731, -0.0662, -0.0600, -0.0540, -0.0548,  0.0233, -0.0438,  0.0208,
        -0.0579, -0.0950, -0.0530, -0.0224, -0.0260, -0.0645, -0.0540, -0.0410,
        -0.0587, -0.0354, -0.0372, -0.0499, -0.0425, -0.0399, -0.0884, -0.0176,
        -0.0043, -0.0778, -0.0861, -0.0203, -0.0317, -0.0662, -0.0354, -0.0519,
        -0.1547, -0.0479, -0.0939,  0.1876, -0.0256, -0.0440, -0.0611, -0.0472,
        -0.0882,  0.0498, -0.0280, -0.0437, -0.0933, -0.0738, -0.0830, -0.0788,
        -0.0300, -0.0677, -0.0700,  0.0289, -0.0995, -0.0502, -0.0480, -0.0428,
         0.0706, -0.0224, -0.0953, -0.0590, -0.0164, -0.0628, -0.0488, -0.1225,
        -0.0402, -0.0497, -0.0926, -0.0724, -0.0742, -0.0462, -0.0256, -0.0303,
        -0.0735, -0.0402, -0.0529, -0.0060, -0.0481, -0.0566, -0.0825, -0.0762,
        -0.1624, -0.0725, -0.0393, -0.0260, -0.0202, -0.0685, -0.0161, -0.0030,
        -0.0983, -0.0586, -0.0377, -0.0386, -0.0500, -0.0187, -0.0171, -0.0838,
        -0.0193, -0.0313, -0.0447, -0.0454,  0.0019, -0.0105, -0.0244, -0.0876,
        -0.0323, -0.0397, -0.0327, -0.0749, -0.0405, -0.0259, -0.0499, -0.0598,
         0.0069, -0.0651, -0.0918, -0.0191, -0.0569, -0.0533, -0.0442, -0.0314])

Name: res_block_16.conv1.weight | Shape: [256, 256, 3, 3]
Values:
tensor([[[[-0.0142, -0.0087, -0.0063],
          [-0.0224, -0.0297,  0.0268],
          [-0.0099, -0.0072, -0.0069]],

         [[-0.0224, -0.0041, -0.0089],
          [-0.0317,  0.0021,  0.0069],
          [-0.0397,  0.0029,  0.0235]],

         [[ 0.0126,  0.0159, -0.0125],
          [-0.0032, -0.0148, -0.0299],
          [ 0.0198, -0.0031, -0.0131]],

         ...,

         [[-0.0319,  0.0088,  0.0337],
          [-0.0049,  0.0238,  0.0278],
          [ 0.0048,  0.0207,  0.0060]],

         [[ 0.0097,  0.0166,  0.0090],
          [ 0.0137,  0.0154, -0.0074],
          [ 0.0364,  0.0102, -0.0110]],

         [[-0.0096, -0.0018,  0.0228],
          [-0.0011, -0.0232, -0.0055],
          [-0.0310, -0.0052, -0.0146]]],


        [[[ 0.0321,  0.0293,  0.0154],
          [ 0.0135,  0.0473, -0.0053],
          [-0.0535,  0.0123, -0.0249]],

         [[ 0.0400,  0.0450,  0.0262],
          [-0.0069,  0.0091, -0.0098],
          [ 0.0111, -0.0021,  0.0145]],

         [[-0.0036,  0.0013,  0.0126],
          [ 0.0126, -0.0011, -0.0259],
          [ 0.0098,  0.0080,  0.0044]],

         ...,

         [[ 0.0146, -0.0101,  0.0051],
          [-0.0216,  0.0023,  0.0032],
          [-0.0328, -0.0185,  0.0072]],

         [[-0.0026,  0.0225,  0.0115],
          [ 0.0055,  0.0242,  0.0170],
          [ 0.0031,  0.0174, -0.0013]],

         [[ 0.0077, -0.0035, -0.0130],
          [ 0.0247,  0.0007, -0.0063],
          [-0.0009,  0.0156, -0.0171]]],


        [[[-0.0026, -0.0201, -0.0353],
          [ 0.0101, -0.0176, -0.0070],
          [ 0.0049, -0.0004, -0.0062]],

         [[ 0.0393,  0.0015,  0.0071],
          [ 0.0249,  0.0170,  0.0117],
          [ 0.0225,  0.0164, -0.0084]],

         [[-0.0022, -0.0275, -0.0062],
          [-0.0144, -0.0123,  0.0153],
          [-0.0086, -0.0275, -0.0059]],

         ...,

         [[ 0.0014, -0.0043, -0.0196],
          [ 0.0108, -0.0227, -0.0068],
          [ 0.0158,  0.0041,  0.0097]],

         [[-0.0052, -0.0039,  0.0061],
          [-0.0081, -0.0213,  0.0073],
          [-0.0453, -0.0019,  0.0126]],

         [[-0.0420, -0.0283,  0.0362],
          [-0.0312, -0.0208,  0.0178],
          [-0.0359, -0.0315, -0.0384]]],


        ...,


        [[[ 0.0040,  0.0098,  0.0475],
          [ 0.0163, -0.0034, -0.0023],
          [-0.0263, -0.0221, -0.0289]],

         [[-0.0033, -0.0105,  0.0301],
          [-0.0074, -0.0028,  0.0040],
          [ 0.0054, -0.0341, -0.0267]],

         [[-0.0219,  0.0324,  0.0189],
          [ 0.0097, -0.0247, -0.0005],
          [ 0.0141, -0.0180, -0.0066]],

         ...,

         [[-0.0115, -0.0177,  0.0064],
          [-0.0275, -0.0325, -0.0070],
          [-0.0106, -0.0112, -0.0096]],

         [[-0.0107,  0.0118,  0.0276],
          [-0.0244,  0.0044,  0.0100],
          [-0.0181, -0.0223,  0.0088]],

         [[ 0.0170,  0.0292,  0.0397],
          [-0.0062,  0.0208,  0.0236],
          [-0.0378, -0.0115,  0.0008]]],


        [[[-0.0422, -0.0159,  0.0114],
          [-0.0249,  0.0124,  0.0360],
          [-0.0144,  0.0173,  0.0292]],

         [[-0.0094,  0.0068,  0.0050],
          [ 0.0222, -0.0070,  0.0107],
          [ 0.0162,  0.0415,  0.0058]],

         [[-0.0087, -0.0037, -0.0141],
          [ 0.0069, -0.0124, -0.0021],
          [-0.0115,  0.0005, -0.0144]],

         ...,

         [[ 0.0216, -0.0030,  0.0078],
          [-0.0040, -0.0016, -0.0011],
          [ 0.0005,  0.0254,  0.0115]],

         [[-0.0400, -0.0339, -0.0109],
          [-0.0095, -0.0120, -0.0119],
          [-0.0268, -0.0137, -0.0204]],

         [[ 0.0016, -0.0357, -0.0237],
          [-0.0015, -0.0023, -0.0024],
          [-0.0071,  0.0101, -0.0036]]],


        [[[-0.0226, -0.0134, -0.0728],
          [ 0.0099, -0.0102,  0.0022],
          [ 0.0407,  0.0450,  0.0443]],

         [[-0.0042,  0.0114, -0.0145],
          [ 0.0069,  0.0364,  0.0141],
          [-0.0242,  0.0267,  0.0265]],

         [[ 0.0040, -0.0089,  0.0183],
          [ 0.0058, -0.0122, -0.0010],
          [-0.0008, -0.0183, -0.0148]],

         ...,

         [[-0.0185, -0.0103, -0.0005],
          [ 0.0201, -0.0114, -0.0233],
          [ 0.0369,  0.0140, -0.0157]],

         [[-0.0003,  0.0002,  0.0156],
          [-0.0097,  0.0031,  0.0444],
          [ 0.0059,  0.0015,  0.0391]],

         [[ 0.0084, -0.0155, -0.0243],
          [ 0.0119, -0.0165, -0.0264],
          [ 0.0106,  0.0010, -0.0060]]]])

Name: res_block_16.conv1.bias | Shape: [256]
Values:
tensor([-1.8537e-03,  1.2327e-03, -3.1358e-04,  1.3694e-03,  1.8629e-03,
         1.8896e-03, -2.8216e-04, -9.9383e-04, -3.0059e-04,  1.4624e-03,
         1.2466e-03, -4.2598e-04,  3.2866e-04,  5.8770e-04,  1.9220e-03,
         1.0587e-03,  3.2274e-04, -3.0317e-04, -1.7371e-03,  3.6004e-04,
         6.0940e-04,  1.5734e-03,  1.7616e-04, -1.0762e-03, -9.4456e-04,
         1.1268e-03,  7.6835e-04, -1.0677e-04, -1.4761e-03, -1.9088e-03,
        -6.9190e-04,  1.1440e-03, -1.8335e-03,  1.6066e-03,  4.0441e-04,
         1.1854e-03, -6.1247e-04, -1.0347e-03, -8.2955e-04, -1.8279e-03,
         5.1886e-04, -1.7939e-03, -4.9732e-05, -1.9718e-03,  1.0610e-03,
        -1.3978e-03, -1.7852e-03, -1.3889e-04,  4.3778e-04,  1.4617e-03,
        -9.8561e-04,  1.1469e-03, -1.9686e-03, -6.7691e-04,  1.6631e-03,
        -4.2275e-04,  1.8018e-03, -1.1255e-04,  1.1555e-03, -1.5048e-04,
         9.7012e-04, -1.5461e-03,  1.0889e-03, -1.5845e-03,  6.9293e-04,
        -4.3968e-04, -7.9302e-04, -1.2181e-03,  2.2098e-04, -1.0264e-03,
        -1.1089e-03,  1.3619e-03,  2.2694e-04, -2.7386e-04, -1.6331e-03,
        -4.8340e-04, -1.2546e-03, -9.8104e-04, -7.0819e-04,  2.2363e-04,
        -7.5339e-04, -4.8281e-04,  6.6093e-04, -1.4459e-03,  3.6398e-04,
        -1.5530e-04,  1.6813e-03, -1.7839e-03,  1.1905e-04, -1.8048e-03,
         7.5681e-04, -7.0908e-04, -1.4438e-03,  1.1468e-03,  1.1183e-03,
         5.2243e-05,  1.1176e-03, -1.0332e-03, -7.6715e-04,  6.3368e-04,
         1.7443e-03, -1.1769e-03, -5.8475e-04,  1.5331e-03, -8.5648e-04,
        -1.6044e-04,  1.5632e-03, -8.5043e-04, -1.9544e-03, -1.4678e-03,
         4.7066e-04, -2.9650e-04, -1.2075e-03,  9.7327e-04,  7.5044e-04,
         2.8490e-04, -1.8661e-03,  9.2895e-04, -1.9052e-03, -1.7877e-03,
         1.4619e-04,  1.0462e-03, -1.2906e-03,  1.7930e-03,  1.8348e-03,
         1.8629e-03,  1.0125e-03,  3.4759e-04,  3.8233e-04,  1.6836e-03,
         1.0664e-04,  6.7591e-04,  7.2690e-04,  1.3125e-03, -1.5221e-03,
         4.8502e-04, -1.3273e-03,  1.4636e-03, -1.2736e-04,  1.4384e-03,
        -6.9974e-05,  9.6938e-04, -1.2830e-03, -8.3040e-04,  1.6930e-03,
        -1.5999e-03, -8.0275e-04, -7.3696e-04,  9.1922e-04,  5.3690e-04,
         2.0414e-04, -1.6803e-03, -1.9416e-03, -4.7714e-05, -4.4452e-04,
         8.9333e-05,  1.9003e-03,  1.4984e-03, -1.0993e-03,  1.3006e-03,
        -8.5409e-04,  7.6509e-04,  1.0773e-03,  1.1995e-03, -1.6904e-03,
         1.2188e-03, -1.6507e-03,  1.2207e-03, -1.3938e-03,  1.7423e-03,
         6.6411e-04, -1.4458e-04, -6.2263e-04,  1.6388e-03, -4.7693e-04,
        -3.8994e-04,  4.5615e-04,  6.2676e-04,  9.6055e-04, -8.5195e-04,
        -1.1201e-03, -7.5849e-05,  8.3103e-04, -1.0255e-03,  1.4131e-03,
        -4.5201e-04, -1.4226e-05, -1.8422e-03, -1.8873e-03, -6.6493e-04,
         5.0613e-04,  9.1410e-04, -1.6295e-03,  1.5799e-03,  1.5066e-03,
         2.3456e-04, -1.7803e-03,  2.9671e-04,  1.1347e-03,  1.8688e-03,
         1.7199e-03,  2.7181e-05, -1.7176e-03,  3.4014e-04, -5.4929e-05,
         3.0581e-04, -6.3626e-04,  1.8889e-03,  1.4654e-03,  9.9577e-04,
        -1.4055e-03,  1.0744e-03, -1.3988e-03, -1.5070e-03,  9.8153e-04,
        -1.7223e-03,  1.9052e-03,  1.8704e-03, -8.2156e-04, -4.7854e-04,
         1.7539e-03,  1.0671e-03, -1.1711e-03,  1.5786e-03, -1.5061e-03,
        -1.0436e-06,  1.7488e-03,  1.3644e-04, -2.1579e-04,  1.0449e-03,
        -3.9075e-04,  1.0223e-03,  1.7426e-03,  8.4942e-04,  7.3021e-04,
         1.0735e-03,  1.6052e-03,  1.6177e-03,  1.4567e-04,  1.3836e-03,
        -1.1480e-03,  1.3592e-03,  3.2704e-04,  1.5698e-03,  1.5086e-03,
         5.2494e-04,  6.1032e-04,  9.3713e-04, -1.7201e-04,  5.4013e-04,
        -4.4279e-04, -1.0962e-05,  1.5750e-03, -3.8546e-04, -1.5040e-04,
        -8.5527e-04])

Name: res_block_16.bn1.weight | Shape: [256]
Values:
tensor([0.2499, 0.1859, 0.2081, 0.1753, 0.1885, 0.2159, 0.1208, 0.1818, 0.1773,
        0.1904, 0.1903, 0.1496, 0.1729, 0.2265, 0.2065, 0.2554, 0.2215, 0.2244,
        0.1723, 0.1979, 0.1819, 0.2198, 0.1885, 0.2081, 0.1734, 0.2095, 0.1793,
        0.2028, 0.1501, 0.1826, 0.2071, 0.2260, 0.1539, 0.2029, 0.2389, 0.2156,
        0.1706, 0.2358, 0.1839, 0.1742, 0.2147, 0.2064, 0.2202, 0.2406, 0.1990,
        0.1447, 0.1585, 0.1820, 0.2119, 0.2077, 0.1602, 0.2174, 0.1835, 0.1891,
        0.1899, 0.2001, 0.1791, 0.1780, 0.1707, 0.2225, 0.2139, 0.1945, 0.2204,
        0.2162, 0.1967, 0.2018, 0.1996, 0.1889, 0.2058, 0.1740, 0.2131, 0.2282,
        0.2082, 0.2117, 0.1953, 0.2229, 0.2124, 0.2003, 0.1634, 0.1788, 0.1907,
        0.2046, 0.2144, 0.1961, 0.2200, 0.1786, 0.2230, 0.1662, 0.2139, 0.2345,
        0.1415, 0.1954, 0.2133, 0.1798, 0.2031, 0.2143, 0.2223, 0.1750, 0.2310,
        0.1966, 0.1746, 0.2326, 0.1744, 0.1655, 0.2037, 0.2385, 0.2259, 0.2060,
        0.2287, 0.2185, 0.2005, 0.1949, 0.2049, 0.1999, 0.1971, 0.1778, 0.1802,
        0.2155, 0.1754, 0.2196, 0.2072, 0.2248, 0.2209, 0.2095, 0.1551, 0.2150,
        0.1992, 0.2245, 0.2273, 0.1838, 0.2097, 0.2186, 0.1841, 0.1791, 0.2142,
        0.1660, 0.2146, 0.1939, 0.2037, 0.1855, 0.2160, 0.2539, 0.1718, 0.2159,
        0.2339, 0.1272, 0.1796, 0.2138, 0.1881, 0.2129, 0.2185, 0.2302, 0.2453,
        0.1739, 0.1660, 0.1789, 0.1873, 0.2376, 0.2170, 0.2224, 0.1692, 0.2034,
        0.1867, 0.2113, 0.2263, 0.2338, 0.2061, 0.1568, 0.2104, 0.2239, 0.2242,
        0.1921, 0.2083, 0.1860, 0.1978, 0.1949, 0.1706, 0.2099, 0.1957, 0.2071,
        0.2173, 0.2055, 0.2321, 0.1853, 0.2390, 0.2095, 0.1645, 0.2134, 0.1682,
        0.2269, 0.1916, 0.1605, 0.2084, 0.2083, 0.1886, 0.1878, 0.1663, 0.1909,
        0.1907, 0.2150, 0.1888, 0.2021, 0.1950, 0.1931, 0.2435, 0.2241, 0.1648,
        0.1713, 0.1856, 0.1689, 0.1809, 0.1897, 0.2013, 0.2151, 0.2103, 0.2227,
        0.2059, 0.2035, 0.1700, 0.2265, 0.2258, 0.2182, 0.1906, 0.2158, 0.2047,
        0.2000, 0.1983, 0.2072, 0.2408, 0.1982, 0.1890, 0.2140, 0.2217, 0.1801,
        0.2045, 0.1856, 0.1889, 0.1626, 0.2559, 0.1787, 0.2004, 0.2464, 0.2424,
        0.2270, 0.1828, 0.1849, 0.2090, 0.1936, 0.2143, 0.1822, 0.1906, 0.2094,
        0.2004, 0.1955, 0.1821, 0.1781])

Name: res_block_16.bn1.bias | Shape: [256]
Values:
tensor([-0.1445, -0.1442, -0.1645, -0.1144, -0.0983, -0.1570, -0.1159, -0.1368,
        -0.1304, -0.1420, -0.1045, -0.1680, -0.1179, -0.1529, -0.0625, -0.1288,
        -0.1621, -0.1716, -0.1008, -0.1418, -0.1124, -0.1124, -0.1181, -0.1029,
        -0.1124, -0.1746, -0.1015, -0.1237, -0.0820, -0.1669, -0.1263, -0.1248,
        -0.1653, -0.1277, -0.1339, -0.1756, -0.1591, -0.1367, -0.1262, -0.1203,
        -0.1239, -0.1173, -0.0943, -0.1139, -0.1429, -0.0863, -0.1046, -0.0550,
        -0.1329, -0.0982, -0.1079, -0.1017, -0.1063, -0.0831, -0.1583, -0.0888,
        -0.1712, -0.0898, -0.0680, -0.1504, -0.1141, -0.1118, -0.1262, -0.0853,
        -0.1064, -0.1417, -0.1117, -0.1260, -0.1752, -0.1001, -0.1320, -0.1393,
        -0.0922, -0.1032, -0.1400, -0.1498, -0.1041, -0.1408, -0.1173, -0.1143,
        -0.1463, -0.1153, -0.1130, -0.1606, -0.1436, -0.2239, -0.1074, -0.1437,
        -0.1367, -0.1450, -0.0411, -0.0758, -0.1397, -0.1632, -0.1285, -0.1264,
        -0.1610, -0.1460, -0.1725, -0.1285, -0.1037, -0.1562, -0.1218, -0.0874,
        -0.1427, -0.1217, -0.1572, -0.1229, -0.1321, -0.0898, -0.1439, -0.1455,
        -0.1235, -0.1208, -0.1025, -0.1505, -0.1253, -0.1296, -0.1003, -0.1089,
        -0.2030, -0.1314, -0.1327, -0.1638, -0.1273, -0.1482, -0.0506, -0.1045,
        -0.1532, -0.1334, -0.1222, -0.1661, -0.0922, -0.0648, -0.1268, -0.0897,
        -0.1438, -0.1307, -0.1201, -0.1251, -0.0968, -0.2813, -0.0822, -0.1411,
        -0.1355, -0.0467, -0.1283, -0.1648, -0.1338, -0.1829, -0.1739, -0.1151,
        -0.1552, -0.1318, -0.1094, -0.1261, -0.1526, -0.1306, -0.1455, -0.1079,
        -0.1700, -0.1303, -0.1413, -0.1688, -0.1438, -0.1345, -0.1325, -0.0765,
        -0.1009, -0.1642, -0.1137, -0.1435, -0.1167, -0.0903, -0.1038, -0.1506,
        -0.1565, -0.1595, -0.1402, -0.1294, -0.1226, -0.1482, -0.1324, -0.1024,
        -0.1268, -0.1460, -0.0669, -0.1387, -0.1583, -0.1842, -0.1298, -0.0969,
        -0.1302, -0.1534, -0.1494, -0.1047, -0.0956, -0.1246, -0.0857, -0.1788,
        -0.1331, -0.1420, -0.1592, -0.1634, -0.1475, -0.1656, -0.0831, -0.0861,
        -0.1094, -0.0855, -0.1241, -0.1632, -0.1184, -0.1643, -0.1057, -0.0803,
        -0.1826, -0.0954, -0.2068, -0.1243, -0.1372, -0.1144, -0.2077, -0.1589,
        -0.1575, -0.1215, -0.1403, -0.1143, -0.1214, -0.0917, -0.1528, -0.1478,
        -0.1423, -0.0833, -0.1465, -0.1019, -0.1118, -0.1150, -0.0973, -0.0972,
        -0.1665, -0.1387, -0.1516, -0.0988, -0.1124, -0.1367, -0.1628, -0.1141,
        -0.1776, -0.1604, -0.1245, -0.1256, -0.1053, -0.1473, -0.1267, -0.1357])

Name: res_block_16.conv2.weight | Shape: [256, 256, 3, 3]
Values:
tensor([[[[-3.6516e-03,  4.6860e-03,  1.0326e-02],
          [-7.8072e-04,  1.0798e-02, -1.0005e-02],
          [ 9.7585e-03,  2.9402e-02,  5.1793e-02]],

         [[-6.3836e-03,  1.3167e-02, -4.5853e-03],
          [-2.2697e-02, -2.6823e-02,  1.6221e-02],
          [-3.0665e-02, -2.4585e-02,  4.8896e-04]],

         [[-1.1274e-03, -2.5065e-02,  1.3816e-02],
          [-1.4213e-02, -2.2606e-02, -4.0178e-03],
          [ 1.6402e-02,  1.4370e-02, -1.1753e-02]],

         ...,

         [[-3.2050e-03, -1.4234e-02, -7.8769e-03],
          [ 1.6128e-02,  2.0803e-02,  2.4805e-03],
          [ 1.3045e-02,  1.5166e-02,  1.9416e-02]],

         [[-4.1539e-02, -1.4813e-02,  3.6286e-03],
          [-1.5581e-02,  9.5693e-03,  3.2390e-04],
          [-2.9336e-02, -9.7817e-04, -1.1030e-02]],

         [[ 8.2915e-03, -7.4797e-04, -9.9966e-03],
          [-2.1843e-02,  7.2382e-03, -1.1570e-03],
          [-2.3093e-02, -3.3806e-02, -1.6042e-02]]],


        [[[-1.5220e-02,  1.5429e-02,  2.2636e-02],
          [-6.5807e-03,  1.7853e-02,  1.4852e-02],
          [-1.5802e-02,  5.6418e-03,  1.8227e-02]],

         [[ 1.4664e-02, -2.3340e-02, -3.2790e-02],
          [-7.6129e-03, -1.1627e-03, -1.6993e-02],
          [-1.1134e-02,  7.5387e-03, -4.1896e-03]],

         [[ 9.4548e-03,  4.4892e-03, -1.5388e-02],
          [ 3.4066e-02, -5.1008e-04, -1.0638e-02],
          [ 1.4152e-02, -2.0700e-02,  5.2515e-03]],

         ...,

         [[ 1.1757e-02,  3.6568e-03, -1.4903e-02],
          [ 2.8627e-03, -2.8067e-04,  2.0458e-02],
          [ 2.4227e-03, -1.6502e-03,  8.6935e-03]],

         [[-9.8548e-03,  4.9161e-03, -9.2836e-03],
          [ 8.0715e-05, -3.6493e-03, -2.4167e-04],
          [ 9.9437e-03, -1.7463e-03,  1.9365e-02]],

         [[-3.8283e-03,  8.1943e-03,  8.5939e-03],
          [ 1.2940e-02, -1.7511e-02,  7.5807e-03],
          [ 1.4726e-02, -2.9270e-02,  1.0081e-02]]],


        [[[ 7.6600e-03,  9.8297e-03, -1.0569e-02],
          [ 1.2216e-02, -2.0770e-02, -3.6090e-02],
          [-2.6614e-02, -2.0822e-02, -3.1164e-02]],

         [[ 9.9055e-03, -4.5520e-03, -3.2041e-02],
          [ 1.1168e-02, -1.0024e-02, -1.6966e-02],
          [ 1.8402e-02,  1.8243e-03,  5.4614e-03]],

         [[ 6.4286e-05,  9.0491e-03,  1.3295e-02],
          [ 1.4458e-02,  2.0717e-02,  1.1577e-02],
          [ 3.0081e-03,  1.2735e-02,  5.4911e-03]],

         ...,

         [[ 3.5333e-03,  1.5717e-02,  8.9311e-03],
          [ 1.6778e-02,  2.4494e-02,  7.8574e-03],
          [-2.9660e-03,  7.8940e-03, -4.2172e-03]],

         [[-2.7309e-03,  1.0562e-02,  2.8865e-02],
          [ 8.1670e-03, -1.3126e-02, -9.0900e-03],
          [ 1.8641e-02, -1.2534e-02, -2.3028e-02]],

         [[-3.6503e-05,  1.3436e-02, -2.5934e-03],
          [-3.7577e-03, -9.6507e-03, -1.1301e-02],
          [ 2.5086e-04, -6.1650e-03,  1.1162e-02]]],


        ...,


        [[[-4.9105e-05,  7.7683e-03,  1.9666e-02],
          [-3.4815e-03,  1.1132e-02,  1.3070e-02],
          [-2.4425e-02,  5.5190e-03,  7.5203e-03]],

         [[ 1.2625e-02,  1.4461e-02,  8.7862e-04],
          [ 6.1174e-03, -1.5305e-02, -8.9973e-03],
          [-2.7591e-02, -7.6261e-03,  6.1877e-03]],

         [[ 9.3750e-03,  3.2661e-03,  1.8769e-02],
          [ 1.9775e-02,  4.2828e-03,  6.3265e-03],
          [ 3.2005e-03, -2.5378e-03,  6.5332e-03]],

         ...,

         [[ 7.3198e-03,  1.7236e-02,  7.1757e-03],
          [ 7.9304e-03, -2.4503e-03,  8.7952e-03],
          [ 1.6117e-03, -1.3936e-02, -2.1377e-02]],

         [[-2.7835e-03,  5.7102e-03, -6.8860e-03],
          [ 8.6608e-03,  1.1593e-02, -2.2365e-02],
          [ 1.7978e-02,  2.9671e-02,  1.0718e-02]],

         [[ 6.3099e-03, -7.2684e-04, -9.8347e-03],
          [-1.3346e-02, -2.6534e-02, -1.9284e-02],
          [ 1.3151e-02, -8.5065e-04,  1.7978e-02]]],


        [[[ 2.5279e-02, -9.6839e-03, -3.5197e-02],
          [ 1.8800e-02, -2.2705e-02, -9.0942e-03],
          [ 3.1144e-02, -1.7280e-02,  1.0865e-02]],

         [[-1.1977e-02, -2.6367e-02,  2.1276e-02],
          [-2.9180e-03, -5.4400e-03,  1.3836e-03],
          [ 1.1810e-02,  3.6808e-03, -2.2277e-02]],

         [[-2.2041e-02, -6.2977e-03,  5.3540e-03],
          [ 6.6821e-03,  2.4004e-02,  1.3817e-02],
          [ 1.8693e-02,  3.7602e-02,  2.0774e-02]],

         ...,

         [[-1.0288e-02, -6.3056e-03, -6.9739e-03],
          [ 1.0452e-03, -6.0698e-03,  1.8815e-02],
          [-2.6360e-03, -2.6786e-02,  2.4289e-02]],

         [[-1.8443e-02, -2.4842e-03,  1.3224e-02],
          [-1.0036e-02,  7.4751e-03,  2.6671e-02],
          [-1.3034e-02, -1.3584e-02, -1.2465e-02]],

         [[-1.0765e-02, -2.2739e-03, -1.5881e-02],
          [-3.3085e-03, -1.0076e-02, -1.9563e-02],
          [-3.0596e-03,  1.0229e-02,  1.1828e-02]]],


        [[[ 3.0992e-02,  3.4488e-02,  1.6614e-02],
          [ 3.0920e-02,  1.2679e-02,  1.0413e-02],
          [ 3.6871e-02,  8.4351e-03,  2.1145e-02]],

         [[ 2.9777e-03, -3.0891e-03, -2.0994e-02],
          [-7.5202e-03, -1.9146e-02, -3.5584e-02],
          [-2.7847e-02, -1.1961e-02,  9.7117e-03]],

         [[-6.3494e-03, -2.0337e-03,  7.0605e-03],
          [ 5.6558e-03,  1.1866e-02,  2.0382e-03],
          [-3.6273e-04, -7.5277e-04,  6.4375e-03]],

         ...,

         [[-3.3872e-02, -7.1808e-03, -7.3617e-03],
          [-6.9401e-03,  1.5617e-03, -2.4631e-04],
          [ 2.7677e-02, -2.3106e-04, -1.7072e-02]],

         [[ 5.5309e-03,  1.2467e-02,  7.9415e-03],
          [ 1.2460e-02, -1.3076e-02,  2.2455e-03],
          [-3.5170e-03, -2.3592e-02, -6.1278e-03]],

         [[-1.0981e-02, -7.8470e-03,  2.8114e-03],
          [-1.3384e-02,  5.5943e-03, -3.4389e-04],
          [ 3.2968e-03,  1.5652e-03, -2.1186e-02]]]])

Name: res_block_16.conv2.bias | Shape: [256]
Values:
tensor([ 1.9597e-03,  4.4402e-04,  1.5021e-03, -2.6557e-04,  7.9053e-04,
        -1.7722e-03, -6.0768e-04, -1.2280e-03, -1.5260e-03, -1.4439e-03,
        -1.2986e-03, -1.3431e-04,  1.4036e-03,  1.4536e-03, -6.9186e-04,
        -1.6590e-03,  1.5893e-03, -1.8336e-03, -1.0815e-03,  5.1872e-04,
         1.4391e-03,  1.6159e-04, -3.8404e-04, -1.3224e-03, -1.4689e-03,
        -1.6707e-03,  1.5781e-03,  7.7777e-04,  1.3367e-03,  7.9465e-04,
         7.7916e-05,  1.5760e-03, -7.5579e-04, -1.5374e-03,  1.2931e-03,
         1.3801e-03,  1.7725e-03,  4.2032e-04, -1.6611e-04,  4.5278e-05,
         7.3204e-04, -8.7868e-04, -4.3971e-04,  6.4059e-05, -3.7282e-04,
         1.5782e-03,  1.5972e-03,  4.4523e-04, -7.7606e-04, -8.0274e-04,
        -1.1257e-03, -1.4973e-03, -1.5172e-04,  1.1336e-03, -1.0217e-03,
         1.8687e-03,  1.1108e-03,  5.9233e-04,  3.7288e-04, -1.4706e-03,
        -2.4802e-04, -5.3851e-04, -8.9712e-04, -1.0147e-03,  2.6206e-04,
        -4.2976e-04, -3.3251e-04,  1.7772e-03, -2.4664e-04,  1.7068e-03,
        -1.2946e-03,  5.3923e-04,  1.8790e-03, -4.3791e-04, -7.1752e-04,
        -3.4467e-04, -1.2443e-03,  1.2161e-03, -5.8899e-05,  1.1878e-04,
        -1.3620e-03,  4.4788e-05,  1.3458e-03, -1.0186e-03,  4.3731e-04,
         1.7310e-03, -9.9032e-05, -3.8722e-04,  1.2973e-03, -1.8623e-03,
         3.9944e-04, -1.5774e-04, -4.7294e-04, -7.0781e-05,  5.6434e-04,
        -1.8781e-03, -1.7060e-03,  2.9283e-04,  6.2313e-04,  1.1713e-03,
        -7.2983e-04, -1.4420e-03,  1.9313e-03, -1.3724e-04, -1.5071e-03,
         4.1445e-04,  1.3726e-03,  1.8135e-03,  1.8232e-03,  1.1999e-04,
         4.8418e-04,  7.1310e-04,  1.2827e-03,  1.8237e-03,  9.4849e-04,
         6.8645e-05,  1.9352e-03, -1.7928e-03, -5.2776e-04, -3.8040e-04,
         6.6146e-04,  1.1564e-03,  1.3467e-03, -1.1832e-03,  1.0916e-03,
        -8.0918e-04, -5.3570e-04,  8.1151e-04,  1.4857e-04,  7.3525e-05,
         1.7961e-03, -1.6080e-03,  4.1656e-04, -1.6983e-04, -5.9278e-04,
        -1.2338e-03, -3.9990e-04, -1.4583e-03, -2.4421e-04, -8.6495e-05,
        -3.5019e-04,  4.8948e-05, -1.0144e-03,  1.2146e-03, -1.0029e-03,
         8.2014e-04,  5.5432e-04, -8.7662e-04,  5.2477e-04,  6.4144e-04,
        -8.0999e-04,  3.3106e-04,  1.4424e-04, -1.7329e-03, -1.1518e-03,
        -4.7493e-04, -1.0278e-03, -1.0734e-03, -1.7644e-03,  5.3833e-04,
        -8.7280e-05, -3.9756e-04,  1.0995e-03,  9.7778e-04, -6.5994e-04,
        -5.5178e-04, -6.9353e-05,  9.9332e-04,  1.8365e-03, -1.4728e-03,
        -1.0284e-03, -9.0655e-05, -1.5998e-03, -3.2708e-04,  2.0388e-04,
        -1.4984e-03,  4.8158e-04, -1.6213e-03, -1.5867e-03, -1.3203e-03,
        -1.6184e-03, -1.7882e-03, -1.3224e-03, -2.2484e-04,  1.6061e-04,
         1.2553e-03,  1.5391e-03,  1.7046e-03,  6.2840e-04, -1.9131e-03,
         1.1816e-03,  4.6665e-04, -4.5258e-04,  9.1127e-04, -1.5279e-03,
        -1.5235e-03,  1.3057e-03, -9.6258e-04, -2.8997e-04, -3.8095e-04,
         1.2920e-04, -3.4241e-05,  9.4660e-04, -1.4550e-03, -3.2922e-04,
        -3.5111e-04, -1.5623e-03, -1.7327e-03,  1.0423e-03,  9.4497e-04,
         1.0370e-03,  1.2042e-03, -1.3321e-03,  1.5754e-03,  1.2653e-03,
         5.7341e-04, -4.5108e-05, -1.6443e-03,  9.2461e-04, -1.1432e-03,
        -5.8603e-04,  8.3030e-04,  5.1400e-05, -1.0895e-03,  1.5159e-03,
        -1.3038e-03, -1.6973e-03,  1.1689e-03, -1.1269e-03,  6.3333e-04,
        -5.4024e-04,  5.2398e-04,  1.9053e-04, -1.4662e-03, -1.8733e-03,
         7.8371e-04,  3.1884e-04,  1.2134e-03,  1.1217e-03, -1.4170e-03,
         5.2903e-04,  1.6897e-03,  1.5849e-03,  5.0713e-04,  2.4331e-04,
         6.3163e-04, -4.6723e-04, -1.3596e-03, -1.8267e-03, -5.0173e-05,
        -4.3223e-04, -9.0012e-04, -1.9088e-03, -4.3022e-04,  1.4997e-04,
        -4.7159e-04])

Name: res_block_16.bn2.weight | Shape: [256]
Values:
tensor([0.2100, 0.1169, 0.1792, 0.1804, 0.1967, 0.2037, 0.2577, 0.1279, 0.1044,
        0.1997, 0.1736, 0.1980, 0.1503, 0.1974, 0.2208, 0.2252, 0.1402, 0.1520,
        0.2366, 0.2800, 0.1753, 0.1834, 0.2366, 0.2318, 0.2235, 0.1794, 0.2168,
        0.1596, 0.2086, 0.1480, 0.3759, 0.1996, 0.2201, 0.2107, 0.2925, 0.2152,
        0.1830, 0.2865, 0.2138, 0.1952, 0.2014, 0.2222, 0.1652, 0.2093, 0.0783,
        0.2002, 0.1757, 0.2277, 0.1398, 0.1772, 0.1965, 0.2437, 0.1768, 0.2176,
        0.1888, 0.1328, 0.1729, 0.2365, 0.1923, 0.1041, 0.2469, 0.0695, 0.2044,
        0.2275, 0.3032, 0.2157, 0.1974, 0.1943, 0.1969, 0.0752, 0.2107, 0.1965,
        0.1185, 0.2000, 0.2568, 0.2441, 0.2074, 0.1958, 0.2067, 0.1225, 0.2395,
        0.1445, 0.1636, 0.1721, 0.1438, 0.1689, 0.1417, 0.1919, 0.2483, 0.1639,
        0.1384, 0.2484, 0.1773, 0.1606, 0.2267, 0.1835, 0.1638, 0.1933, 0.1385,
        0.1622, 0.1699, 0.1804, 0.1573, 0.1282, 0.2336, 0.2055, 0.1463, 0.2084,
        0.1532, 0.1581, 0.1522, 0.2205, 0.1471, 0.1080, 0.1126, 0.2867, 0.2158,
        0.2058, 0.1742, 0.0820, 0.1745, 0.1961, 0.2386, 0.1752, 0.1252, 0.1907,
        0.2513, 0.1718, 0.2023, 0.2331, 0.1657, 0.1913, 0.2276, 0.2003, 0.1682,
        0.1935, 0.2294, 0.1828, 0.1993, 0.2069, 0.2035, 0.1494, 0.1897, 0.0915,
        0.1860, 0.2019, 0.1799, 0.1907, 0.1618, 0.1520, 0.1891, 0.2062, 0.2298,
        0.1874, 0.1711, 0.2178, 0.1893, 0.1668, 0.2246, 0.2131, 0.2297, 0.2195,
        0.2454, 0.2193, 0.1648, 0.2443, 0.2189, 0.2187, 0.3794, 0.2400, 0.2290,
        0.0893, 0.2139, 0.2140, 0.1891, 0.2550, 0.2316, 0.0993, 0.1758, 0.0951,
        0.1004, 0.1675, 0.2329, 0.1833, 0.1805, 0.1586, 0.1809, 0.1161, 0.1897,
        0.2190, 0.2043, 0.1883, 0.1174, 0.1956, 0.2025, 0.2041, 0.2210, 0.2109,
        0.1797, 0.3124, 0.1669, 0.2445, 0.1774, 0.1913, 0.1835, 0.2193, 0.1871,
        0.1999, 0.2453, 0.1524, 0.2110, 0.1787, 0.1930, 0.2440, 0.2987, 0.2165,
        0.2243, 0.1923, 0.2411, 0.1823, 0.2136, 0.2595, 0.1775, 0.1794, 0.2619,
        0.1692, 0.2140, 0.1967, 0.1569, 0.2282, 0.1657, 0.1344, 0.1850, 0.2781,
        0.1826, 0.1876, 0.1448, 0.1635, 0.1636, 0.2493, 0.1340, 0.1861, 0.1534,
        0.1905, 0.1468, 0.1971, 0.1391, 0.2137, 0.2068, 0.1838, 0.1705, 0.1956,
        0.2109, 0.1651, 0.2244, 0.1943])

Name: res_block_16.bn2.bias | Shape: [256]
Values:
tensor([-0.0562,  0.0125, -0.0287, -0.0492, -0.0691, -0.0792, -0.1729, -0.0512,
        -0.0808, -0.0965, -0.1033, -0.0923, -0.0362, -0.0482, -0.1480, -0.0718,
        -0.0167, -0.0156, -0.0994, -0.0920, -0.0395, -0.0384, -0.0560, -0.0524,
        -0.0700, -0.0669, -0.0468, -0.0308, -0.1004, -0.0469, -0.1986, -0.0640,
        -0.0593, -0.0940, -0.1207, -0.1260, -0.1067, -0.0917, -0.0564, -0.0013,
        -0.0729, -0.0469, -0.0672, -0.0187, -0.0163, -0.0768, -0.0394, -0.0686,
        -0.0860, -0.0404, -0.1155, -0.1364, -0.0391, -0.0410, -0.0267,  0.0779,
        -0.0105, -0.1002, -0.1306,  0.0614, -0.0807, -0.0547, -0.0525, -0.1063,
        -0.0960, -0.0115, -0.0824, -0.0727,  0.0060, -0.0294, -0.0347, -0.0583,
        -0.0785, -0.0830, -0.0934, -0.0523, -0.0737, -0.0345, -0.0355, -0.0793,
        -0.0573, -0.0445, -0.0557, -0.0814, -0.0086, -0.0236, -0.0540, -0.0611,
        -0.1050, -0.0616, -0.0288, -0.0838, -0.0448, -0.0375, -0.0851, -0.0591,
        -0.0391, -0.0759, -0.0277, -0.0919, -0.0554, -0.0358, -0.0996, -0.0194,
        -0.1193, -0.0521, -0.0018, -0.0445, -0.0456, -0.0580,  0.0114, -0.0499,
        -0.0960, -0.0567,  0.0794, -0.0802, -0.0565, -0.0462, -0.0363, -0.0119,
        -0.0668, -0.0456, -0.1203, -0.0768, -0.0566, -0.0390, -0.0196, -0.0555,
        -0.0612, -0.0962, -0.0161, -0.0112, -0.0918, -0.1176, -0.0890, -0.0158,
        -0.1112, -0.0866, -0.0831, -0.0309, -0.0877, -0.0094, -0.1126, -0.0159,
        -0.0484, -0.0717, -0.0090, -0.0332, -0.0658, -0.0212, -0.0748, -0.0796,
        -0.0534, -0.0701, -0.0283, -0.0807, -0.0689, -0.0194, -0.1014, -0.0913,
        -0.0795, -0.0477, -0.0471, -0.0448, -0.0496, -0.0949, -0.0859, -0.0301,
        -0.1447, -0.0616, -0.1256,  0.1748, -0.0465, -0.0596, -0.0206, -0.0631,
        -0.0768,  0.0542, -0.0432, -0.0252, -0.0561,  0.0013, -0.0966, -0.0544,
        -0.0786, -0.0515, -0.0960,  0.0618, -0.0830, -0.0601, -0.0757, -0.0173,
         0.1407, -0.0799, -0.1059, -0.0525, -0.0336, -0.0834, -0.0269, -0.1497,
        -0.0310, -0.0832, -0.0252, -0.0689, -0.1021, -0.0358, -0.0080, -0.0490,
        -0.1145, -0.0599, -0.0326, -0.0639, -0.0546, -0.0599, -0.0293, -0.0972,
        -0.0713, -0.0464, -0.1109,  0.0054, -0.0476, -0.1040, -0.0464, -0.0162,
        -0.0489, -0.1273, -0.0590, -0.0972, -0.0526, -0.0657, -0.0134, -0.0637,
        -0.0096, -0.0300, -0.0788, -0.0757, -0.0413, -0.0242, -0.0443, -0.0870,
        -0.0698, -0.0307, -0.0595, -0.0583, -0.0089, -0.0514, -0.0977, -0.0550,
        -0.0398, -0.0659, -0.0540, -0.0624, -0.0913, -0.0924, -0.0627, -0.0794])

Name: res_block_17.conv1.weight | Shape: [256, 256, 3, 3]
Values:
tensor([[[[-2.1745e-02,  3.2081e-03,  1.2179e-02],
          [-1.9273e-02,  6.2161e-03, -1.9279e-04],
          [-1.6355e-02,  1.7387e-02,  1.4896e-02]],

         [[ 8.7618e-03, -1.8316e-02, -7.0705e-03],
          [ 7.8456e-04,  1.3641e-02,  1.4483e-03],
          [ 3.6092e-03,  1.4435e-02,  3.0618e-02]],

         [[-1.2848e-04,  1.1229e-02,  1.0343e-02],
          [-9.4757e-04,  1.2849e-02,  2.8637e-02],
          [ 4.8772e-03, -1.0393e-02,  1.4303e-02]],

         ...,

         [[ 6.4141e-03,  9.0973e-03, -3.5309e-03],
          [-1.6310e-02,  1.6298e-02, -5.8492e-03],
          [-3.1039e-03,  8.2471e-03,  1.7415e-02]],

         [[ 2.1859e-02,  7.3634e-03,  1.6262e-02],
          [-1.0862e-02, -1.3497e-02, -1.4980e-02],
          [-3.5801e-02,  2.0596e-02,  1.4012e-02]],

         [[-6.7139e-03, -1.0134e-02, -2.1109e-03],
          [ 7.2203e-03,  3.6739e-03,  1.3677e-02],
          [ 4.6211e-03, -4.8804e-03,  1.0315e-02]]],


        [[[-1.7054e-02, -4.7162e-02, -1.8827e-02],
          [-7.3093e-03, -6.7658e-04,  3.0210e-03],
          [ 2.3384e-02,  1.0518e-02, -1.9622e-02]],

         [[-3.4066e-02, -9.1878e-03,  4.4634e-02],
          [-1.8721e-02,  2.3476e-02, -5.3992e-03],
          [-1.4467e-02, -2.0442e-02, -1.5278e-02]],

         [[-1.2148e-02, -3.4489e-02,  1.3791e-02],
          [-1.9925e-02, -3.8647e-02,  1.1770e-02],
          [-1.7069e-02,  7.3841e-03,  4.8800e-03]],

         ...,

         [[-2.6288e-02, -1.3876e-02,  7.9764e-03],
          [ 2.5868e-04, -8.3846e-03, -8.8397e-03],
          [ 5.6954e-03, -2.4263e-02, -1.7569e-02]],

         [[ 2.2785e-02,  4.6255e-02,  1.6739e-02],
          [ 3.8196e-02,  2.0982e-02, -1.4710e-02],
          [ 5.0356e-03, -4.5280e-02, -4.5331e-02]],

         [[ 5.2192e-02,  5.7100e-02,  4.8326e-02],
          [ 5.4802e-02,  2.6362e-02,  8.9045e-03],
          [ 2.4706e-02, -2.6826e-02, -2.8593e-02]]],


        [[[-1.5405e-02,  3.8850e-02,  3.0817e-02],
          [-1.3472e-02,  1.4661e-02, -1.6442e-02],
          [ 2.4892e-02,  2.4745e-02, -1.3903e-02]],

         [[-2.1663e-02,  2.5552e-02, -3.1982e-03],
          [-2.1802e-02, -8.7833e-03,  1.9052e-02],
          [-8.4561e-04, -4.8999e-03, -6.4688e-03]],

         [[-3.4737e-02,  2.3085e-02, -4.1223e-02],
          [-1.4804e-02,  2.8473e-02, -1.1388e-02],
          [-9.3591e-03,  2.3634e-02,  4.6960e-03]],

         ...,

         [[ 6.6157e-03,  1.7216e-03,  2.3692e-03],
          [-2.4397e-02, -1.1780e-02,  1.6818e-02],
          [-3.1371e-02, -3.6010e-02, -3.6869e-02]],

         [[ 1.3059e-03, -1.5091e-02, -3.4826e-03],
          [-9.1921e-03, -2.2888e-02, -8.4146e-03],
          [-5.4326e-04, -7.8578e-03, -8.9671e-04]],

         [[-2.2298e-02, -2.7756e-02, -6.4403e-03],
          [-3.6656e-02, -4.3677e-02, -1.4309e-03],
          [-6.4822e-02, -1.4682e-02,  4.0128e-02]]],


        ...,


        [[[ 1.4024e-02,  2.3414e-02,  2.2639e-02],
          [ 1.7610e-02,  3.6953e-02,  6.3586e-03],
          [ 2.0153e-02,  2.9739e-02,  1.8908e-02]],

         [[-2.5490e-02, -3.9507e-02, -1.2512e-02],
          [-1.7947e-02, -2.4894e-02, -9.3449e-03],
          [ 1.1794e-03,  6.4053e-04,  1.7442e-02]],

         [[-1.0505e-02,  2.5021e-02, -1.6423e-02],
          [-3.0534e-03, -4.4161e-03, -1.9871e-02],
          [-1.5490e-02,  1.9788e-02,  1.8807e-02]],

         ...,

         [[-6.6562e-03, -9.7320e-03, -2.9916e-03],
          [ 1.2578e-02, -5.5094e-04,  1.1087e-02],
          [-3.2054e-02, -1.0849e-02, -1.7542e-02]],

         [[-1.0345e-02, -1.6479e-02, -2.4761e-02],
          [-3.7422e-03, -1.2163e-02, -1.3213e-02],
          [ 1.8289e-03, -1.7038e-02, -2.3347e-02]],

         [[ 2.3785e-02, -2.5349e-02, -2.1451e-02],
          [-1.4788e-02, -2.9371e-02, -2.7633e-02],
          [-2.0730e-02, -2.5150e-02,  6.4077e-03]]],


        [[[ 8.6275e-03,  2.4648e-02, -1.5303e-02],
          [-1.9010e-02,  2.6522e-02,  2.3846e-02],
          [ 3.3650e-02,  2.0943e-02,  1.1139e-02]],

         [[ 2.8735e-02,  8.1784e-03, -4.4722e-03],
          [-5.9721e-03, -3.1053e-02, -1.9979e-02],
          [-3.9621e-03, -1.9015e-02, -7.8156e-03]],

         [[-3.8918e-03, -4.9122e-04, -1.3313e-02],
          [ 8.5067e-03, -2.8440e-03, -3.2909e-02],
          [-5.9503e-03, -6.3062e-03, -2.4680e-02]],

         ...,

         [[-1.7265e-02, -1.2361e-02,  1.8350e-03],
          [-2.0594e-02, -3.2981e-03, -3.9329e-03],
          [-3.1887e-02, -1.8836e-02, -3.5970e-03]],

         [[-8.6754e-03, -2.2444e-02, -5.5912e-03],
          [ 1.5300e-02,  1.1152e-02, -5.0489e-03],
          [ 6.3589e-02,  1.5294e-02, -4.4782e-02]],

         [[-6.4544e-03,  4.0823e-02,  4.6121e-02],
          [ 3.5578e-03, -8.8473e-04,  1.8687e-03],
          [-1.4499e-02, -7.9361e-03,  3.2077e-03]]],


        [[[-2.4488e-03, -5.1701e-03,  1.3780e-02],
          [ 3.1043e-02, -1.9336e-03, -2.4278e-03],
          [ 4.1670e-03,  2.0538e-03, -1.1899e-02]],

         [[ 6.6251e-02,  2.2638e-02, -1.3938e-02],
          [-1.7892e-03, -2.2571e-03,  4.2302e-02],
          [-2.2632e-03, -1.9945e-02, -2.9961e-02]],

         [[ 2.2848e-02,  4.2742e-06,  1.4165e-02],
          [ 6.9769e-03, -8.9429e-03, -1.3316e-02],
          [-3.3904e-02, -4.6353e-02, -1.1553e-02]],

         ...,

         [[ 5.9982e-03, -1.5110e-02,  1.3206e-03],
          [-4.0605e-02,  1.3643e-02,  4.5460e-02],
          [-2.0586e-02, -2.9574e-02, -4.0518e-03]],

         [[-1.5346e-02,  9.0283e-03, -1.6541e-02],
          [-3.3632e-02, -6.7814e-03,  9.2505e-04],
          [ 9.9036e-03,  1.2980e-02, -4.3088e-03]],

         [[-6.2575e-03,  2.1332e-03,  1.1466e-02],
          [-2.1462e-02, -9.7865e-03,  2.5440e-02],
          [-2.6086e-02, -1.7986e-02,  1.2810e-03]]]])

Name: res_block_17.conv1.bias | Shape: [256]
Values:
tensor([-8.6206e-04, -1.2622e-03,  1.1190e-03,  1.9657e-03, -1.1684e-03,
         1.7010e-03,  1.7635e-03,  1.6137e-03, -8.7300e-04, -5.3757e-04,
         3.9057e-04,  1.2387e-03, -3.4696e-04,  1.3346e-04,  6.1250e-04,
        -2.6897e-04,  9.3868e-04, -7.7796e-04, -6.9674e-04,  4.6754e-04,
         4.2747e-04, -1.7787e-03,  5.0500e-04,  5.8175e-04, -7.8520e-04,
         1.1930e-03, -8.9232e-04,  1.7303e-03, -1.4393e-03,  1.0839e-03,
         1.4213e-04, -1.2393e-03, -1.3560e-03, -9.9924e-04, -8.5407e-04,
         1.7613e-03, -1.9166e-04,  2.0192e-04, -6.8909e-04, -1.9110e-03,
         7.2268e-04,  1.0205e-03, -5.7322e-04, -6.4691e-04,  2.0197e-04,
        -9.9928e-04, -1.9491e-03,  7.5611e-04, -4.6011e-04, -1.4486e-03,
        -5.0833e-04,  1.8081e-03,  1.9131e-03, -6.6480e-05, -1.5271e-03,
         1.7236e-03, -8.3263e-04,  1.4250e-03, -1.4361e-03, -3.0516e-04,
        -1.3312e-03,  1.2697e-03, -1.9199e-03, -1.0025e-03, -9.3605e-04,
         1.3166e-03,  4.6454e-04, -7.8613e-04,  1.8400e-04, -1.6162e-03,
         6.1066e-05, -4.5145e-04,  5.1588e-04, -5.0002e-04, -1.0440e-03,
        -1.7812e-03,  6.9284e-04,  1.7948e-04,  1.7453e-03,  6.7745e-04,
         3.6933e-04, -1.2985e-03, -6.1211e-04,  2.3278e-04, -1.4137e-03,
        -1.5128e-03,  5.7155e-04, -1.6275e-03, -3.4237e-04, -1.5193e-03,
        -1.7522e-03, -1.7243e-03, -6.0000e-05, -1.3020e-03, -8.5292e-04,
        -1.3767e-03,  5.5810e-04, -4.1601e-04, -1.4717e-06, -8.0534e-04,
        -1.0722e-03,  1.3709e-03, -1.2672e-03,  7.2741e-04, -1.2863e-03,
        -1.0530e-03, -2.3759e-04, -4.2046e-04, -3.5492e-04,  1.8168e-03,
        -1.2990e-03, -1.4122e-03,  3.3553e-04,  1.3286e-04, -7.4068e-04,
         2.1486e-05, -1.0098e-03,  8.5155e-04,  1.2695e-03, -1.9513e-03,
        -7.3965e-04, -1.5219e-04,  1.5444e-03, -1.0898e-03, -5.1715e-04,
        -1.4903e-03, -1.2241e-03,  1.2169e-03, -1.0277e-03, -6.0881e-04,
         1.8356e-03, -1.8852e-03,  1.8783e-03,  1.3289e-03,  1.4992e-03,
        -2.4356e-04, -1.0370e-03,  1.4426e-03,  4.9280e-04, -1.6437e-03,
        -1.5235e-03,  1.6014e-03,  8.6992e-04, -1.5965e-03, -8.4566e-04,
        -4.2854e-05, -5.7465e-04, -1.2839e-03, -1.7135e-03, -9.9622e-04,
        -9.4610e-04, -2.7341e-04, -1.2651e-03,  6.8058e-05,  6.2235e-04,
        -4.3191e-04, -1.1123e-03,  1.2955e-03, -1.2124e-03,  1.8847e-04,
        -9.2830e-06, -8.1781e-04,  1.7892e-04, -4.8090e-04,  5.5353e-04,
         7.2849e-04, -1.8886e-03, -4.4492e-05,  1.5640e-03, -4.8666e-04,
         1.5389e-03, -9.4690e-04,  2.8679e-05,  1.4209e-03, -9.0280e-05,
        -1.5233e-03,  7.6362e-04,  7.6593e-04, -1.0384e-03,  7.7201e-04,
         1.5826e-03, -1.6840e-03, -1.4812e-03, -8.3705e-04,  8.8295e-04,
        -1.9153e-04, -9.3924e-04, -1.2712e-03,  1.1341e-03, -1.5237e-03,
        -1.3640e-03, -6.3281e-04, -6.2577e-04, -1.4153e-03,  9.5989e-04,
        -1.0090e-04, -6.7895e-04,  1.0788e-03,  8.6081e-04, -6.1262e-04,
        -6.5089e-04, -6.3156e-05,  3.8343e-04,  6.0358e-04,  5.6593e-04,
        -5.3147e-04,  1.6241e-04, -3.1214e-04, -2.9341e-04, -3.6736e-05,
         8.1567e-04,  1.7001e-04,  1.1278e-03, -4.0164e-04, -1.7328e-03,
        -3.0898e-04,  1.1634e-03,  1.2631e-04,  7.5278e-05, -3.3459e-04,
        -1.7347e-03,  1.4929e-03, -7.1452e-04,  4.3199e-04, -8.1206e-04,
         5.0684e-04,  7.2859e-04,  1.7829e-03, -1.2175e-03, -1.5724e-04,
        -1.8805e-03,  1.5122e-03, -4.2103e-04,  1.0504e-03, -1.3166e-03,
         1.5343e-03, -7.6344e-04, -1.2479e-04,  1.4563e-03, -1.3400e-03,
        -1.0187e-03, -6.5665e-04, -1.5180e-03, -1.3309e-03,  1.9699e-03,
         1.6575e-03, -3.3225e-04,  8.2952e-04,  1.2681e-03,  1.3474e-03,
        -9.9870e-04,  1.2699e-03, -7.6391e-04,  1.4033e-03, -1.5622e-03,
         1.7057e-03])

Name: res_block_17.bn1.weight | Shape: [256]
Values:
tensor([0.1832, 0.1898, 0.2373, 0.1915, 0.2015, 0.2190, 0.1995, 0.2175, 0.1771,
        0.1900, 0.1796, 0.1681, 0.2025, 0.2178, 0.1964, 0.1984, 0.2846, 0.1997,
        0.2501, 0.2109, 0.2432, 0.2481, 0.2216, 0.1657, 0.2152, 0.2299, 0.1968,
        0.1592, 0.2209, 0.2213, 0.2121, 0.2055, 0.2044, 0.2670, 0.2367, 0.2381,
        0.2149, 0.2111, 0.1878, 0.2073, 0.1989, 0.1786, 0.1991, 0.1971, 0.2359,
        0.1915, 0.2294, 0.1757, 0.2749, 0.2066, 0.1906, 0.1321, 0.2017, 0.0934,
        0.1677, 0.2219, 0.1609, 0.2040, 0.1988, 0.2423, 0.2316, 0.1907, 0.2251,
        0.1942, 0.2079, 0.2266, 0.1920, 0.1776, 0.1978, 0.2039, 0.2182, 0.1975,
        0.1384, 0.1936, 0.2188, 0.2160, 0.1924, 0.2302, 0.2074, 0.2460, 0.1817,
        0.2288, 0.1346, 0.2043, 0.2209, 0.1948, 0.1979, 0.1923, 0.1632, 0.2245,
        0.1857, 0.2490, 0.1854, 0.2273, 0.2377, 0.2022, 0.2016, 0.1999, 0.1958,
        0.2417, 0.2041, 0.2020, 0.2348, 0.2052, 0.1700, 0.2204, 0.2288, 0.2226,
        0.1971, 0.1738, 0.2269, 0.1679, 0.1982, 0.1936, 0.2626, 0.2029, 0.2136,
        0.1363, 0.2106, 0.1987, 0.1913, 0.2196, 0.2545, 0.2248, 0.2263, 0.2296,
        0.2326, 0.2094, 0.2014, 0.2448, 0.2191, 0.2562, 0.2448, 0.2780, 0.1672,
        0.2100, 0.2464, 0.1839, 0.1660, 0.2311, 0.1841, 0.2283, 0.2148, 0.2281,
        0.1725, 0.1815, 0.1094, 0.2081, 0.1847, 0.2106, 0.2170, 0.1733, 0.2238,
        0.2082, 0.2435, 0.2208, 0.2314, 0.2029, 0.2316, 0.1890, 0.1859, 0.1762,
        0.1973, 0.2527, 0.1866, 0.2245, 0.2627, 0.1716, 0.2367, 0.2015, 0.2662,
        0.1563, 0.2009, 0.2329, 0.1948, 0.1604, 0.2226, 0.2394, 0.1820, 0.2024,
        0.1772, 0.2425, 0.2172, 0.1979, 0.2299, 0.0892, 0.2131, 0.1688, 0.2386,
        0.2128, 0.2273, 0.2049, 0.1424, 0.2112, 0.1937, 0.2002, 0.1989, 0.2266,
        0.1661, 0.2111, 0.2159, 0.1832, 0.1903, 0.1755, 0.1900, 0.1790, 0.2258,
        0.2116, 0.2510, 0.2122, 0.2062, 0.2323, 0.2028, 0.2486, 0.2351, 0.1979,
        0.1749, 0.2266, 0.2059, 0.2080, 0.1867, 0.2024, 0.2035, 0.2319, 0.2437,
        0.2183, 0.1927, 0.1972, 0.2298, 0.1818, 0.1878, 0.2782, 0.2038, 0.2124,
        0.2011, 0.2065, 0.2402, 0.2014, 0.2440, 0.2150, 0.1925, 0.1525, 0.2376,
        0.1904, 0.2220, 0.2483, 0.1838, 0.1832, 0.2013, 0.2294, 0.2228, 0.1889,
        0.2318, 0.1968, 0.2339, 0.1065])

Name: res_block_17.bn1.bias | Shape: [256]
Values:
tensor([-0.1259, -0.1450, -0.1544, -0.1248, -0.0985, -0.1369, -0.1474, -0.1633,
        -0.1523, -0.1419, -0.1224, -0.1320, -0.1378, -0.0753, -0.1071, -0.1388,
        -0.1520, -0.1423, -0.1079, -0.1263, -0.2240, -0.1880, -0.1348, -0.1231,
        -0.1255, -0.2008, -0.1446, -0.0495, -0.1440, -0.1311, -0.0997, -0.1180,
        -0.1607, -0.2380, -0.2111, -0.1576, -0.1473, -0.1583, -0.1101, -0.1201,
        -0.1953, -0.1309, -0.1003, -0.0962, -0.1043, -0.1673, -0.1645, -0.0956,
        -0.0868, -0.0874, -0.1648, -0.1117, -0.1509,  0.0144, -0.0647, -0.1278,
        -0.0942, -0.1536, -0.1395, -0.1309, -0.1886, -0.1045, -0.1447, -0.1599,
        -0.0468, -0.1341, -0.1269, -0.1359, -0.1416, -0.1185, -0.1516, -0.1345,
        -0.1301, -0.1042, -0.1729, -0.1129, -0.1584, -0.2015, -0.1145, -0.1433,
        -0.0996, -0.1888, -0.0900, -0.2413, -0.1669, -0.1113, -0.1100, -0.1386,
        -0.1474, -0.1448, -0.0813, -0.1290, -0.1443, -0.1465, -0.2027, -0.1094,
        -0.1244, -0.1422, -0.1626, -0.1583, -0.1406, -0.1612, -0.1523, -0.0854,
        -0.1167, -0.2053, -0.1377, -0.1637, -0.1694, -0.1384, -0.1518, -0.1058,
        -0.1033, -0.1814, -0.1986, -0.1049, -0.1167, -0.0842, -0.1670, -0.1638,
        -0.1596, -0.1303, -0.0950, -0.1249, -0.1083, -0.1581, -0.1471, -0.1525,
        -0.1405, -0.1978, -0.0943, -0.1330, -0.1515, -0.1753, -0.0613, -0.0709,
        -0.1406, -0.1131, -0.1047, -0.1411, -0.1467, -0.1636, -0.1578, -0.1407,
        -0.0971, -0.1379,  0.0481, -0.1705, -0.1253, -0.1434, -0.1920, -0.1668,
        -0.1540, -0.1483, -0.1351, -0.1399, -0.1473, -0.1511, -0.1427, -0.1683,
        -0.1444, -0.1588, -0.1533, -0.0911, -0.1890, -0.1494, -0.2222, -0.0812,
        -0.1244, -0.2072, -0.1916, -0.0901, -0.1543, -0.1479, -0.1247, -0.1067,
        -0.1794, -0.2329, -0.1044, -0.1091, -0.0909, -0.1220, -0.1850, -0.2012,
        -0.1353,  0.0472, -0.1179, -0.0959, -0.1625, -0.1553, -0.1354, -0.1892,
        -0.0256, -0.1421, -0.2275, -0.1189, -0.1825, -0.1835, -0.1038, -0.1579,
        -0.1594, -0.1253, -0.1394, -0.1529, -0.1797, -0.1449, -0.1045, -0.1814,
        -0.1821, -0.1407, -0.1981, -0.2307, -0.2081, -0.1377, -0.1398, -0.1302,
        -0.0757, -0.1312, -0.1902, -0.1030, -0.0617, -0.1613, -0.0934, -0.1691,
        -0.1594, -0.1207, -0.0816, -0.1535, -0.1536, -0.1011, -0.1486, -0.1224,
        -0.1643, -0.1589, -0.1481, -0.1779, -0.0814, -0.1226, -0.2150, -0.1435,
        -0.1687, -0.0657, -0.1825, -0.1427, -0.1374, -0.1154, -0.1213, -0.1377,
        -0.1511, -0.1530, -0.1231, -0.1325, -0.1097, -0.1252, -0.0969, -0.0274])

Name: res_block_17.conv2.weight | Shape: [256, 256, 3, 3]
Values:
tensor([[[[-1.3803e-02,  3.8004e-03,  7.3704e-03],
          [-1.3316e-02, -1.4687e-02,  2.7513e-03],
          [ 1.6137e-02,  1.4286e-02,  1.3533e-03]],

         [[-1.0728e-02,  1.2659e-02, -7.9837e-03],
          [ 1.2738e-02, -4.9296e-03,  1.9310e-03],
          [ 1.7822e-02,  1.0759e-02,  2.3435e-02]],

         [[-8.7159e-03, -8.9974e-03,  6.8949e-03],
          [-7.0138e-03,  2.1133e-02,  1.4273e-03],
          [ 2.8450e-02,  1.4816e-02,  2.4362e-02]],

         ...,

         [[ 5.4818e-03, -1.5753e-03, -8.1036e-03],
          [ 5.6365e-03, -4.4136e-04, -2.8046e-02],
          [ 2.6783e-03, -2.1272e-02, -9.2033e-03]],

         [[-4.6758e-03,  9.8448e-03,  3.1198e-02],
          [-1.3734e-02, -1.5570e-02, -3.1052e-03],
          [-1.6510e-02, -1.7197e-02,  7.3420e-03]],

         [[-1.1245e-02, -1.2464e-02, -6.1145e-03],
          [-5.2584e-03, -2.5232e-02,  1.7515e-03],
          [-1.2806e-02, -9.8525e-03,  2.1576e-03]]],


        [[[ 1.4520e-02,  5.7096e-03, -5.1499e-05],
          [ 1.5326e-03,  1.3849e-02,  4.0971e-03],
          [ 1.8477e-02, -6.9347e-03, -3.9300e-03]],

         [[ 3.4727e-02,  8.6794e-03, -5.5440e-03],
          [-1.9221e-03,  4.3447e-03, -1.7928e-02],
          [-2.1169e-03,  1.2934e-02, -8.8829e-03]],

         [[ 3.4814e-03,  8.9782e-03, -1.0617e-02],
          [ 2.7346e-02,  1.6572e-02, -4.4564e-03],
          [ 3.8856e-02,  1.7485e-02, -2.2444e-02]],

         ...,

         [[ 1.3314e-02,  2.9894e-03, -4.4765e-03],
          [-1.0288e-02,  4.3091e-03,  1.5221e-02],
          [-8.5196e-03,  8.4591e-03, -2.6439e-02]],

         [[ 6.4768e-03,  4.1036e-03, -2.2249e-03],
          [ 1.8875e-03, -3.3261e-04, -2.4324e-03],
          [ 5.4395e-03, -7.4778e-05, -8.0472e-03]],

         [[-1.4589e-02, -2.4261e-02, -3.9037e-02],
          [-9.9758e-04,  4.0963e-02,  3.7124e-03],
          [-8.2705e-03, -5.9326e-03, -4.5863e-03]]],


        [[[ 3.2328e-02, -7.6470e-03,  2.5977e-03],
          [ 1.0479e-02,  5.2695e-03, -1.4553e-02],
          [ 6.0374e-03,  8.5825e-03,  2.2765e-03]],

         [[ 2.3933e-02, -2.0355e-03, -2.2190e-02],
          [ 1.1189e-02, -1.0001e-03,  4.9635e-03],
          [-1.4739e-02,  8.2145e-03,  2.6015e-02]],

         [[-7.4055e-03,  8.0456e-03, -5.4893e-03],
          [-3.3494e-03,  1.8338e-03,  4.0975e-03],
          [ 1.7870e-03,  2.0411e-02,  8.8200e-03]],

         ...,

         [[ 2.3158e-02,  1.8659e-02, -1.4951e-02],
          [ 2.0437e-02,  1.2118e-02,  1.3621e-02],
          [-4.0582e-03, -5.1191e-04,  5.2759e-03]],

         [[-2.4713e-02,  1.7093e-02,  1.9720e-02],
          [-1.8839e-02, -7.8050e-03, -2.1888e-02],
          [-3.7371e-03,  1.0213e-02, -6.8097e-03]],

         [[ 1.1830e-03,  2.5976e-03,  9.4233e-03],
          [ 2.6441e-03,  2.1444e-02, -1.8840e-05],
          [ 1.0435e-02,  1.9066e-02,  1.2118e-02]]],


        ...,


        [[[-2.0731e-02, -1.5551e-02, -3.5691e-03],
          [-1.6880e-02, -3.5354e-04, -4.2795e-03],
          [ 1.6928e-02, -7.2207e-03,  1.0810e-02]],

         [[ 1.7262e-02,  1.1021e-03,  7.4702e-03],
          [ 1.4485e-02, -2.4523e-03,  3.2413e-03],
          [ 8.9340e-03, -6.2258e-04, -1.7305e-02]],

         [[ 2.1215e-02,  1.4039e-02,  3.3746e-03],
          [ 1.2930e-02, -3.6559e-04, -3.0562e-03],
          [ 1.4644e-02, -5.7820e-03,  1.0479e-04]],

         ...,

         [[ 2.2145e-03,  1.5081e-02,  4.4849e-03],
          [ 1.8908e-02,  1.2966e-02,  7.5136e-03],
          [ 2.8547e-02,  1.2833e-02, -1.8310e-02]],

         [[-1.3118e-02,  1.4986e-02, -1.8272e-03],
          [-2.3703e-02, -1.0068e-02, -1.1524e-02],
          [ 1.1832e-02, -1.2562e-04,  3.6291e-04]],

         [[-8.9627e-03, -1.7523e-03, -7.7506e-03],
          [ 9.3752e-03,  1.1233e-02, -1.8350e-04],
          [-2.6878e-03, -1.2708e-02, -5.5949e-03]]],


        [[[ 1.9106e-02,  9.8453e-03, -6.5177e-03],
          [ 3.3153e-02, -2.8655e-04,  3.9837e-03],
          [ 1.3632e-02,  2.0689e-03,  3.1329e-02]],

         [[-4.0852e-02, -2.2769e-02, -7.4912e-03],
          [ 4.5721e-03,  9.1572e-03,  1.5362e-02],
          [-3.9613e-03, -2.2411e-03,  5.9032e-03]],

         [[ 5.8784e-03, -7.2133e-03, -1.2798e-02],
          [ 9.3477e-03, -5.3568e-03,  1.1645e-02],
          [-6.2410e-04, -2.7173e-03,  8.2509e-03]],

         ...,

         [[-2.4491e-02, -7.3625e-03,  2.8738e-02],
          [-4.5625e-03,  2.5356e-04,  3.5119e-03],
          [ 1.2520e-03, -9.2791e-05, -2.7763e-02]],

         [[-2.5627e-02,  3.2622e-03, -2.1452e-02],
          [-2.1803e-02,  9.9934e-03, -2.3644e-02],
          [ 2.5390e-03,  5.2200e-03, -2.4789e-02]],

         [[-1.1481e-02,  8.0281e-03,  1.6109e-02],
          [-1.4511e-02, -2.0315e-02, -1.4453e-02],
          [ 1.0243e-02,  4.2561e-02,  2.6534e-02]]],


        [[[ 1.2193e-02, -4.9526e-03, -9.6341e-03],
          [-7.9430e-03, -8.8265e-03, -3.0382e-03],
          [-2.1581e-02, -1.0294e-02,  7.6076e-03]],

         [[ 4.0918e-02,  1.7795e-02, -4.5725e-03],
          [ 1.7100e-02, -1.2796e-03, -2.8176e-02],
          [-2.8445e-04, -1.6552e-02, -2.9312e-02]],

         [[ 1.3555e-02, -6.9990e-03,  1.7392e-02],
          [-1.5896e-02,  1.6775e-02,  7.4030e-03],
          [-4.5755e-03,  5.4577e-03, -8.8894e-03]],

         ...,

         [[ 1.0446e-02,  1.0875e-02,  1.0908e-02],
          [-1.1594e-02,  1.2256e-02,  3.5855e-03],
          [-2.3706e-02,  1.4086e-02, -6.2909e-03]],

         [[-1.2242e-02, -1.0920e-03, -2.3965e-02],
          [-1.0780e-02,  1.4376e-04, -1.0618e-02],
          [-3.4460e-02, -3.3550e-02, -2.0492e-02]],

         [[-1.9517e-02, -6.9312e-03, -1.6541e-02],
          [ 9.6869e-04, -8.5928e-03,  2.0250e-03],
          [ 3.0261e-03, -9.5424e-03, -1.2459e-02]]]])

Name: res_block_17.conv2.bias | Shape: [256]
Values:
tensor([ 7.3025e-04, -1.3429e-03, -1.0770e-03,  1.4409e-03, -1.1504e-03,
        -2.7006e-04,  1.4859e-03, -1.9215e-03,  7.0106e-04, -1.3215e-03,
         3.3833e-04, -3.7306e-04, -1.8527e-03, -1.7222e-03,  1.1754e-03,
        -1.3561e-03,  8.8899e-04,  2.4805e-04, -1.6406e-03,  1.8825e-03,
        -1.1146e-03, -5.7304e-04,  1.0340e-03,  4.5524e-04, -7.6944e-04,
        -1.0404e-03,  1.7662e-03, -7.3774e-04, -1.0320e-03,  9.7976e-04,
         1.3246e-04,  1.6969e-03,  5.5390e-04, -1.3452e-03, -6.3044e-04,
         1.1980e-03,  1.6474e-03, -4.1999e-04, -1.2719e-03,  1.2454e-03,
         1.5536e-03,  1.4893e-03, -1.7556e-03, -8.6981e-04,  7.0724e-05,
         1.8503e-04, -1.5415e-03,  4.9921e-04, -3.9256e-04,  4.4449e-04,
         1.0344e-03, -1.7060e-04, -3.7851e-04, -1.1045e-03, -1.1133e-03,
         2.4033e-04,  1.2011e-04, -1.0516e-03,  1.7331e-03,  1.7534e-03,
         9.2482e-04,  7.7362e-04, -1.6786e-03,  5.0014e-05, -1.8375e-03,
         1.6369e-03, -1.3458e-04, -6.6903e-04,  4.5986e-04,  2.7922e-04,
        -9.3685e-04,  7.7887e-04, -4.8713e-04,  1.3957e-03,  1.7791e-03,
         1.5007e-03,  1.6381e-03,  1.6198e-04,  1.0579e-04, -8.7929e-04,
         1.5806e-03,  1.0830e-04,  1.2132e-03, -1.3077e-03, -8.8272e-04,
        -1.1351e-03, -1.4566e-03,  1.0532e-03, -4.9555e-04, -1.2619e-03,
         1.2577e-03,  1.0750e-03, -4.5987e-04, -1.9008e-03, -1.1478e-03,
        -9.6029e-04, -3.0138e-04, -2.9666e-04, -1.2294e-03, -1.0970e-03,
         1.8739e-05, -1.7927e-03, -4.2839e-04, -5.5035e-04,  1.6986e-03,
         1.0587e-03,  8.1448e-05,  1.3540e-03,  1.2652e-03,  1.2021e-04,
        -1.5451e-03,  6.1298e-05, -1.2888e-04, -4.6580e-04, -1.2542e-03,
        -1.5695e-04,  2.7998e-04,  1.9287e-03,  7.9064e-04,  9.2137e-04,
         1.9420e-03,  1.5468e-03,  7.0191e-04, -1.9274e-04,  3.3105e-04,
        -1.8205e-03, -9.3311e-04,  3.5397e-04, -7.9753e-04,  1.0088e-03,
         7.0306e-04, -2.8571e-04, -1.3276e-03,  9.4496e-04,  1.0347e-04,
        -1.7862e-03, -1.8294e-03, -1.8469e-03, -7.6184e-04,  1.2145e-03,
         6.4608e-04, -9.2696e-04, -1.8815e-03,  1.1825e-03,  1.5785e-03,
        -1.9607e-03,  1.4538e-03, -1.3853e-03,  1.4403e-03,  1.4377e-03,
        -1.6107e-03,  8.6093e-04,  1.8517e-03,  3.4096e-04, -8.1721e-04,
         8.3190e-05,  1.5833e-03, -9.7290e-04,  3.2437e-04, -1.3623e-03,
        -2.7310e-04, -8.2549e-04, -1.3234e-03,  5.0019e-04, -8.7081e-05,
         1.0312e-03, -1.2920e-03, -1.7546e-03, -3.9521e-05, -1.7456e-03,
        -1.2933e-04,  6.6067e-04, -4.2812e-04,  3.8428e-04, -5.3751e-04,
         1.5313e-03,  1.0352e-03, -1.4510e-03, -1.8618e-04,  1.5717e-03,
         6.2287e-04,  1.7940e-03,  7.1288e-04,  1.6365e-03,  1.3421e-03,
        -8.9365e-04, -1.4280e-03, -1.6244e-03, -1.9523e-03, -1.6523e-03,
         1.0355e-03,  1.1912e-03,  1.3511e-03, -1.3246e-03, -1.1905e-03,
         1.4618e-03, -1.8774e-03,  6.3467e-05, -3.2744e-04, -1.0453e-03,
         7.3697e-04,  3.3981e-04,  9.2954e-04,  1.5520e-03, -1.6142e-03,
        -1.0273e-03, -1.4843e-03,  1.5968e-03, -5.0227e-04, -1.5914e-03,
         1.0491e-03,  1.7403e-03,  1.4983e-03,  5.1747e-04,  1.7792e-04,
        -7.6597e-04, -3.5530e-04, -1.9563e-03,  1.7238e-03,  3.8559e-04,
         1.6502e-03, -1.4955e-03, -1.0929e-03, -2.0049e-04,  1.4852e-03,
        -8.3045e-04,  1.4931e-03,  6.9003e-04, -2.6359e-04,  2.3276e-04,
         9.0509e-04, -1.1074e-03,  3.7532e-04,  1.7578e-03, -1.2072e-03,
         1.0050e-03,  1.6642e-03,  1.4963e-03,  9.6999e-04,  7.9280e-04,
        -1.4423e-03,  1.3902e-03,  1.1155e-03,  2.3794e-04, -1.5195e-03,
        -7.1499e-04, -1.0779e-03,  9.1432e-04, -3.5419e-04,  4.0540e-04,
         1.3892e-03, -5.3578e-04, -5.4889e-04, -4.8860e-04, -9.5683e-04,
        -3.6976e-04])

Name: res_block_17.bn2.weight | Shape: [256]
Values:
tensor([0.2552, 0.1443, 0.2569, 0.2229, 0.2911, 0.2090, 0.2846, 0.1677, 0.1410,
        0.2350, 0.1767, 0.2580, 0.2009, 0.1774, 0.2613, 0.2272, 0.2120, 0.2293,
        0.2862, 0.3099, 0.1996, 0.2657, 0.2360, 0.2622, 0.2877, 0.1798, 0.2057,
        0.2323, 0.1923, 0.2463, 0.4210, 0.2632, 0.2629, 0.1895, 0.3394, 0.2141,
        0.1482, 0.3779, 0.2345, 0.1952, 0.2468, 0.2678, 0.1946, 0.2162, 0.0569,
        0.2637, 0.2044, 0.2924, 0.1632, 0.1801, 0.2469, 0.3550, 0.2320, 0.2320,
        0.2932, 0.1669, 0.1722, 0.2606, 0.2391, 0.1377, 0.2787, 0.0808, 0.2233,
        0.2613, 0.4024, 0.3026, 0.2617, 0.2322, 0.2348, 0.0973, 0.2356, 0.2282,
        0.1063, 0.2596, 0.2625, 0.3520, 0.2438, 0.2644, 0.3024, 0.1780, 0.3249,
        0.2346, 0.2233, 0.1814, 0.1542, 0.2186, 0.1891, 0.2279, 0.3015, 0.1905,
        0.1997, 0.2894, 0.2490, 0.1920, 0.3010, 0.2174, 0.1682, 0.2477, 0.1465,
        0.2327, 0.1960, 0.2478, 0.2176, 0.1661, 0.2294, 0.2652, 0.2068, 0.2266,
        0.1987, 0.2106, 0.1820, 0.2688, 0.2279, 0.1777, 0.1610, 0.1680, 0.2525,
        0.2398, 0.2364, 0.0926, 0.1681, 0.3313, 0.3869, 0.2146, 0.1452, 0.2330,
        0.2569, 0.2454, 0.1742, 0.3429, 0.1685, 0.1942, 0.2242, 0.2048, 0.1586,
        0.1840, 0.3078, 0.2196, 0.2519, 0.2502, 0.1970, 0.1570, 0.2192, 0.1443,
        0.2129, 0.2548, 0.1819, 0.2710, 0.2235, 0.1762, 0.2339, 0.2108, 0.2652,
        0.1810, 0.2567, 0.2158, 0.2135, 0.2320, 0.2731, 0.2581, 0.3137, 0.2147,
        0.2557, 0.2243, 0.2298, 0.2640, 0.2634, 0.2223, 0.3649, 0.2253, 0.2259,
        0.1505, 0.2823, 0.2391, 0.2299, 0.2867, 0.2572, 0.1543, 0.1821, 0.0939,
        0.1033, 0.2413, 0.2415, 0.2415, 0.1770, 0.1946, 0.2143, 0.1506, 0.1788,
        0.2185, 0.2509, 0.2817, 0.1408, 0.2136, 0.2674, 0.2704, 0.3189, 0.2069,
        0.2034, 0.3053, 0.2235, 0.3672, 0.2087, 0.2457, 0.2605, 0.1752, 0.2206,
        0.1691, 0.3304, 0.1990, 0.2281, 0.1987, 0.2258, 0.2841, 0.4380, 0.2359,
        0.2168, 0.2852, 0.2435, 0.2280, 0.2621, 0.3669, 0.2037, 0.1919, 0.2617,
        0.2023, 0.2074, 0.2210, 0.1920, 0.2467, 0.1870, 0.1696, 0.1980, 0.3536,
        0.2289, 0.2039, 0.1773, 0.2201, 0.1623, 0.3329, 0.1482, 0.1999, 0.2059,
        0.2323, 0.2819, 0.2290, 0.1291, 0.1903, 0.2074, 0.2612, 0.1764, 0.2114,
        0.2125, 0.2000, 0.2339, 0.2447])

Name: res_block_17.bn2.bias | Shape: [256]
Values:
tensor([-1.0362e-01,  2.6411e-03, -6.2688e-02, -9.5632e-02, -1.3792e-01,
        -6.3515e-02, -1.8539e-01, -7.4134e-02, -1.0299e-01, -1.0087e-01,
        -1.3593e-01, -1.5459e-01, -2.3646e-02, -1.4021e-01, -1.2358e-01,
        -1.0257e-01, -3.9794e-02, -7.6169e-02, -7.2744e-02, -1.2422e-01,
        -4.1795e-02,  1.2775e-02, -9.2033e-02, -3.8180e-02, -5.7017e-02,
        -2.6902e-02, -3.4020e-02, -7.2424e-02, -8.8553e-02, -7.9206e-02,
        -1.6264e-01, -3.5898e-02, -4.7404e-02, -9.4076e-02, -2.1008e-01,
        -6.8296e-02, -9.4190e-02, -1.7361e-01, -6.9834e-02, -1.8900e-02,
        -3.7506e-02, -8.5448e-02, -6.3255e-02, -6.2451e-02,  2.1183e-02,
        -3.4481e-02, -2.4213e-02, -8.3010e-02, -8.4769e-02, -4.4372e-02,
        -1.7827e-01, -1.7919e-01, -7.0828e-02, -6.9912e-02,  1.6228e-02,
         8.2574e-02, -7.1054e-03, -1.8447e-02, -1.7296e-01,  4.7321e-02,
        -9.0928e-02, -7.8954e-02,  1.0887e-02, -1.0883e-01, -1.8292e-01,
         2.2231e-02, -9.1613e-02, -1.5030e-01, -4.8234e-02, -2.4629e-02,
        -4.8341e-02, -2.6990e-02, -9.6770e-02, -5.2289e-02, -5.1872e-02,
        -1.4755e-01, -9.4793e-02, -4.5884e-02, -1.2793e-02, -1.1550e-01,
        -1.0598e-01, -6.6255e-02, -8.4495e-02, -1.1099e-01,  1.7003e-02,
        -3.6701e-02, -5.1801e-02, -5.7782e-02, -1.6607e-01, -3.0352e-02,
        -5.2811e-02, -3.5075e-02, -7.2014e-02, -3.5397e-02, -1.7307e-01,
        -5.1793e-02, -2.5295e-02, -6.7569e-02, -8.3685e-02, -1.0878e-01,
        -8.8005e-02,  3.0228e-03, -1.3590e-01,  2.5405e-02, -8.3625e-02,
        -2.5553e-02, -5.7746e-02, -8.7831e-03, -5.6450e-02, -2.4950e-02,
         2.4696e-03, -9.5867e-02, -7.9460e-02, -1.0511e-01,  8.4316e-02,
        -2.9659e-02, -1.2484e-01, -2.0813e-02, -5.2865e-02, -4.1685e-02,
        -1.0251e-01, -3.8886e-02, -1.9543e-01, -8.8783e-02, -1.2251e-01,
        -5.0654e-02, -3.1490e-02, -8.6765e-02, -2.6183e-02, -1.4327e-01,
        -5.0471e-02, -3.9976e-02, -5.1896e-02, -8.8644e-02, -1.2369e-01,
        -3.8502e-02, -1.5829e-01, -6.7467e-02, -9.4110e-02, -9.5031e-03,
        -8.9775e-02, -2.0801e-02, -7.7923e-02, -9.6737e-03, -7.1851e-02,
        -8.7315e-02, -2.7713e-03, -1.0471e-01, -8.8489e-02, -3.2394e-02,
        -1.2802e-01, -3.9072e-02, -3.1511e-02, -3.8484e-02, -4.6475e-02,
        -3.9021e-02, -4.3489e-02, -4.4036e-02, -7.1735e-02, -1.3219e-01,
        -1.9470e-01, -4.8091e-02, -4.6322e-02, -6.3380e-02, -4.6428e-02,
        -4.0032e-02, -3.3669e-02, -7.7168e-02, -1.6489e-01, -7.4633e-02,
        -1.2710e-01,  1.5388e-01, -6.1226e-02, -3.3313e-02, -4.1512e-02,
        -4.4434e-02, -1.3973e-01,  4.0755e-02, -3.0505e-02, -5.9162e-02,
        -4.1315e-02, -3.4067e-02, -9.5280e-02, -2.7808e-02, -4.3644e-02,
        -6.9865e-02, -5.5144e-02,  1.1722e-01, -9.0173e-02, -1.4174e-02,
        -7.3203e-02, -4.7573e-02,  1.2752e-01, -4.3028e-02, -1.2568e-01,
        -1.6622e-02,  1.0571e-02, -8.4628e-02, -7.4547e-03, -1.2926e-01,
        -3.8059e-02, -1.5667e-01, -2.9623e-02, -4.0816e-02, -9.2529e-02,
        -2.5349e-02, -5.4832e-02, -5.8331e-05, -1.3484e-01, -8.0263e-02,
        -7.0368e-02, -3.8881e-02, -6.4180e-02, -5.7567e-02, -1.4896e-01,
        -9.9763e-02, -7.8042e-02, -7.9323e-02, -1.0219e-01, -5.8124e-02,
        -1.0328e-01, -1.7652e-01, -8.6892e-02, -8.2761e-02, -1.7955e-02,
        -1.2926e-01, -5.6658e-02, -5.0235e-02, -7.4101e-02, -8.3169e-02,
        -4.9415e-02, -4.5390e-02,  1.5222e-02, -1.3565e-01, -5.9322e-02,
        -1.1311e-01, -5.4377e-02, -4.8683e-02, -2.2549e-02, -1.4709e-01,
        -5.5063e-02, -1.8067e-02, -7.5611e-02, -9.9556e-02, -7.8874e-02,
        -2.4471e-02, -8.4363e-02, -3.2528e-02, -2.7901e-02, -5.9082e-02,
        -3.0427e-02, -8.0775e-02, -8.2629e-02, -8.3616e-02, -4.2874e-02,
        -9.5234e-02])

Name: res_block_18.conv1.weight | Shape: [256, 256, 3, 3]
Values:
tensor([[[[-0.0253, -0.0480,  0.0149],
          [ 0.0201, -0.0155,  0.0249],
          [ 0.0076, -0.0368,  0.0505]],

         [[ 0.0338,  0.0009, -0.0340],
          [ 0.0230, -0.0028, -0.0149],
          [ 0.0219,  0.0176, -0.0078]],

         [[ 0.0141,  0.0023,  0.0091],
          [-0.0134, -0.0306,  0.0023],
          [ 0.0014, -0.0098,  0.0316]],

         ...,

         [[-0.0205, -0.0077, -0.0166],
          [-0.0082,  0.0169, -0.0076],
          [-0.0013, -0.0165, -0.0129]],

         [[ 0.0151, -0.0072,  0.0175],
          [ 0.0147, -0.0357, -0.0217],
          [ 0.0221, -0.0424, -0.0027]],

         [[-0.0065,  0.0112,  0.0393],
          [-0.0222,  0.0016,  0.0422],
          [-0.0236,  0.0042,  0.0269]]],


        [[[-0.0216, -0.0256, -0.0133],
          [-0.0014,  0.0021,  0.0006],
          [-0.0039, -0.0078, -0.0071]],

         [[-0.0036, -0.0240, -0.0327],
          [-0.0057, -0.0126, -0.0224],
          [ 0.0056,  0.0131,  0.0059]],

         [[-0.0102, -0.0041,  0.0239],
          [-0.0114, -0.0005, -0.0058],
          [-0.0249, -0.0171, -0.0302]],

         ...,

         [[ 0.0014,  0.0030,  0.0028],
          [-0.0168,  0.0006, -0.0013],
          [-0.0046,  0.0093,  0.0160]],

         [[-0.0031, -0.0051, -0.0083],
          [ 0.0179, -0.0110, -0.0189],
          [ 0.0173, -0.0085,  0.0023]],

         [[ 0.0023, -0.0107,  0.0252],
          [ 0.0184, -0.0020,  0.0049],
          [ 0.0038, -0.0204,  0.0046]]],


        [[[-0.0144, -0.0114,  0.0020],
          [ 0.0079,  0.0204,  0.0127],
          [-0.0152, -0.0059, -0.0133]],

         [[-0.0006,  0.0156,  0.0054],
          [-0.0154, -0.0007,  0.0029],
          [-0.0093, -0.0048,  0.0008]],

         [[-0.0094,  0.0076,  0.0070],
          [-0.0171,  0.0112,  0.0106],
          [-0.0025,  0.0002, -0.0005]],

         ...,

         [[-0.0013,  0.0239,  0.0207],
          [-0.0050,  0.0083,  0.0069],
          [ 0.0017,  0.0026, -0.0044]],

         [[ 0.0157,  0.0320,  0.0248],
          [-0.0037, -0.0005,  0.0020],
          [-0.0043,  0.0018,  0.0155]],

         [[ 0.0037,  0.0129, -0.0122],
          [ 0.0007,  0.0025, -0.0180],
          [ 0.0300,  0.0317,  0.0283]]],


        ...,


        [[[-0.0248,  0.0048,  0.0341],
          [-0.0046,  0.0166, -0.0064],
          [ 0.0296,  0.0242,  0.0521]],

         [[-0.0146,  0.0103, -0.0088],
          [ 0.0057,  0.0007,  0.0142],
          [ 0.0022,  0.0273,  0.0095]],

         [[-0.0074, -0.0399, -0.0244],
          [-0.0074, -0.0018,  0.0009],
          [ 0.0296,  0.0385,  0.0140]],

         ...,

         [[-0.0158,  0.0117,  0.0609],
          [-0.0161, -0.0072,  0.0305],
          [ 0.0017, -0.0054,  0.0093]],

         [[ 0.0276,  0.0184,  0.0349],
          [ 0.0002,  0.0019,  0.0365],
          [ 0.0103, -0.0100,  0.0208]],

         [[-0.0040, -0.0073, -0.0218],
          [-0.0140, -0.0082, -0.0096],
          [-0.0083, -0.0044, -0.0263]]],


        [[[-0.0021, -0.0243,  0.0283],
          [ 0.0153, -0.0311, -0.0012],
          [-0.0226,  0.0043, -0.0226]],

         [[ 0.0290,  0.0068, -0.0101],
          [ 0.0063, -0.0076, -0.0116],
          [-0.0147, -0.0056, -0.0155]],

         [[-0.0293, -0.0168, -0.0077],
          [-0.0426, -0.0121, -0.0116],
          [-0.0443, -0.0016,  0.0260]],

         ...,

         [[ 0.0178,  0.0250, -0.0017],
          [-0.0055,  0.0087, -0.0221],
          [-0.0164,  0.0024,  0.0074]],

         [[-0.0283, -0.0237,  0.0079],
          [-0.0094, -0.0112, -0.0303],
          [-0.0109,  0.0016, -0.0012]],

         [[ 0.0082, -0.0021, -0.0058],
          [-0.0043,  0.0091, -0.0059],
          [ 0.0290,  0.0367,  0.0124]]],


        [[[-0.0118, -0.0212, -0.0165],
          [-0.0102, -0.0105, -0.0159],
          [-0.0083,  0.0090,  0.0224]],

         [[ 0.0134,  0.0214, -0.0099],
          [ 0.0210,  0.0061, -0.0043],
          [-0.0176, -0.0317, -0.0316]],

         [[-0.0266, -0.0196, -0.0243],
          [-0.0059, -0.0221, -0.0309],
          [ 0.0047, -0.0009,  0.0065]],

         ...,

         [[-0.0009,  0.0108,  0.0319],
          [-0.0190,  0.0015,  0.0248],
          [-0.0173,  0.0064,  0.0236]],

         [[ 0.0100,  0.0148,  0.0369],
          [-0.0025,  0.0122,  0.0212],
          [-0.0263, -0.0044,  0.0173]],

         [[ 0.0028,  0.0132,  0.0195],
          [-0.0108, -0.0038,  0.0052],
          [ 0.0014, -0.0090,  0.0017]]]])

Name: res_block_18.conv1.bias | Shape: [256]
Values:
tensor([ 1.8687e-03,  1.4616e-03,  4.8759e-05, -1.8727e-03, -5.0887e-04,
        -1.0825e-03, -1.0109e-03,  2.4317e-05, -1.6441e-03, -1.9689e-03,
        -1.2372e-03,  1.5806e-04,  1.1865e-03,  8.2360e-04,  1.5620e-03,
        -1.3226e-03,  1.0484e-03, -3.0897e-04,  1.0346e-03,  1.1045e-03,
        -1.0910e-03,  1.1353e-03,  1.3048e-04,  8.5666e-04, -1.2713e-03,
        -8.0982e-04, -4.7191e-04, -5.3799e-04, -1.8773e-03, -6.6039e-04,
        -1.8616e-03,  9.2237e-05, -7.6971e-04, -8.9954e-06, -1.5765e-03,
         1.5977e-03, -4.5139e-04, -1.4231e-03, -1.3711e-04,  6.1181e-04,
         1.6980e-03,  5.6283e-04,  1.4189e-03, -6.1614e-04,  1.4451e-03,
         1.8337e-03,  4.0202e-05,  1.6961e-03,  6.7929e-04,  1.1782e-03,
        -1.3732e-03, -1.7067e-03, -3.4993e-04,  8.9530e-04, -6.1867e-04,
         1.2754e-03, -4.6500e-04, -1.0082e-03,  1.7878e-03,  3.0720e-04,
         6.8344e-04, -2.5856e-04, -1.8556e-03, -1.6012e-03,  1.5105e-04,
        -7.2194e-04,  1.2323e-03,  1.5033e-03,  1.4152e-03, -3.1195e-04,
        -1.6281e-03,  1.5001e-03,  1.7279e-04, -2.7554e-04,  1.1980e-03,
         9.8419e-04, -1.8187e-03,  9.8646e-04,  1.5367e-03, -1.1529e-03,
        -5.3036e-05,  4.8751e-04,  1.6611e-03, -4.6660e-05, -1.0159e-03,
         1.7910e-03, -1.9418e-04,  1.5070e-03,  3.2449e-04, -1.8091e-03,
        -1.4308e-03, -1.3008e-03, -1.9133e-03,  3.4570e-04,  1.6681e-03,
         1.1338e-03,  1.0033e-04,  1.1604e-03, -5.8890e-06, -1.8650e-03,
        -1.4640e-03,  1.0753e-03, -1.9678e-05, -1.1166e-03,  5.3547e-04,
        -5.8149e-04, -7.5823e-04, -7.4683e-04,  1.3500e-03,  1.1578e-03,
         6.0495e-04, -1.9109e-04,  8.9262e-04,  1.8032e-03,  2.4076e-04,
         3.5053e-04,  1.3675e-03,  1.5184e-04, -1.1956e-04, -6.2601e-04,
        -7.6982e-04, -1.1420e-03,  8.8914e-04,  1.9074e-03,  1.0115e-03,
        -8.7777e-04,  1.0240e-03,  6.0402e-04, -4.3549e-04, -1.3952e-03,
         1.7016e-03, -1.2106e-03,  1.5451e-03,  2.7317e-04,  3.0362e-04,
         6.7922e-04,  7.4759e-04, -9.3924e-04,  7.9242e-04,  1.4361e-03,
         6.9806e-04, -9.6958e-04,  3.7073e-04,  9.6821e-04, -9.8698e-04,
         1.9214e-04, -7.7315e-04,  8.8975e-04, -7.8511e-04, -1.0689e-03,
         6.6798e-04, -5.8451e-04, -3.9877e-04,  9.2743e-04, -1.6207e-03,
        -1.1003e-03, -9.1154e-04,  1.5624e-03,  1.5968e-03, -5.9798e-04,
         1.7544e-03,  1.2846e-03, -1.3420e-03, -1.1413e-03,  5.7371e-04,
        -1.9321e-03,  1.8886e-03,  8.0466e-04, -5.2454e-04,  1.7783e-03,
         1.8154e-03, -1.2689e-03,  1.9179e-03,  5.2709e-04, -7.7075e-04,
         8.2131e-04,  1.4566e-04, -1.1763e-03, -4.2722e-04, -1.4614e-03,
         1.9569e-04,  1.3075e-03, -6.2194e-04, -7.5448e-04, -6.5191e-04,
         1.4061e-03,  1.5146e-03, -7.3266e-04,  1.4087e-03,  1.7691e-03,
        -7.1548e-04, -1.6951e-03,  4.3314e-04, -7.1338e-04,  1.6126e-03,
        -5.0370e-04,  1.9113e-04,  1.7395e-03,  6.7200e-04,  1.5306e-03,
         1.6094e-03,  1.2542e-03,  1.5659e-04,  7.2578e-04, -1.6943e-03,
         8.5523e-04, -1.9577e-03,  3.0607e-04, -1.0957e-03, -1.5796e-03,
         1.9331e-03, -1.6316e-03,  9.9817e-04, -1.0868e-04, -1.4960e-03,
        -4.5304e-04, -3.5742e-04,  1.6243e-03,  1.1996e-04,  3.8954e-04,
         1.8943e-03,  4.6488e-04,  1.2078e-03, -5.7483e-04,  1.9071e-03,
         1.8091e-03, -3.0258e-05, -6.9351e-04,  1.4119e-03,  1.9480e-03,
        -6.5466e-04, -1.4426e-03, -1.0771e-03,  1.0207e-03,  1.9684e-03,
         1.6598e-03,  1.0193e-03, -2.0294e-04,  6.9653e-04, -1.4009e-04,
        -1.2818e-03, -9.6175e-04,  2.0357e-05,  7.6810e-05,  1.4207e-03,
        -1.1058e-03,  2.2359e-04,  1.1559e-03,  4.9055e-04,  1.1776e-03,
         3.1236e-04,  1.0847e-03, -1.0352e-04,  1.8279e-03, -4.6239e-04,
         1.1840e-04])

Name: res_block_18.bn1.weight | Shape: [256]
Values:
tensor([0.2277, 0.1679, 0.1838, 0.1642, 0.1589, 0.2522, 0.1911, 0.2239, 0.2436,
        0.1429, 0.2257, 0.2030, 0.2269, 0.1816, 0.2487, 0.1856, 0.2150, 0.2080,
        0.1875, 0.1830, 0.1595, 0.2048, 0.2353, 0.1850, 0.2497, 0.1668, 0.2038,
        0.1720, 0.1814, 0.2011, 0.1801, 0.2271, 0.2287, 0.2366, 0.2067, 0.1814,
        0.1906, 0.1879, 0.3123, 0.1778, 0.2297, 0.2928, 0.2262, 0.2384, 0.2070,
        0.2558, 0.1838, 0.1864, 0.1832, 0.2054, 0.2463, 0.1901, 0.2039, 0.2316,
        0.2142, 0.2505, 0.2812, 0.1903, 0.2282, 0.1865, 0.1954, 0.1906, 0.2063,
        0.2200, 0.3660, 0.2515, 0.1993, 0.1547, 0.2155, 0.1608, 0.1737, 0.1882,
        0.1636, 0.1881, 0.1967, 0.2640, 0.2010, 0.1902, 0.1637, 0.2073, 0.1951,
        0.2150, 0.1816, 0.1984, 0.1667, 0.1893, 0.2501, 0.1948, 0.1829, 0.2116,
        0.1644, 0.2480, 0.1666, 0.1624, 0.2231, 0.1545, 0.1528, 0.1898, 0.1791,
        0.2076, 0.1911, 0.2124, 0.2043, 0.1783, 0.2629, 0.1561, 0.2063, 0.2200,
        0.1747, 0.2119, 0.1957, 0.1376, 0.2196, 0.1520, 0.1723, 0.2328, 0.1879,
        0.2075, 0.2173, 0.1736, 0.2012, 0.1909, 0.2024, 0.1751, 0.2042, 0.3028,
        0.1873, 0.1910, 0.2559, 0.1860, 0.2101, 0.1569, 0.2005, 0.1619, 0.1797,
        0.1997, 0.1922, 0.1922, 0.1923, 0.1604, 0.2014, 0.1392, 0.1848, 0.2230,
        0.1646, 0.1793, 0.1986, 0.2808, 0.2097, 0.1862, 0.2288, 0.1965, 0.2317,
        0.1963, 0.2890, 0.2236, 0.2060, 0.1907, 0.2241, 0.1799, 0.2347, 0.2467,
        0.2298, 0.2019, 0.2203, 0.1578, 0.1828, 0.1883, 0.1786, 0.1698, 0.1651,
        0.2086, 0.1819, 0.2788, 0.2009, 0.2545, 0.1666, 0.2135, 0.1695, 0.1493,
        0.2465, 0.2323, 0.1854, 0.1654, 0.2321, 0.2228, 0.2269, 0.2074, 0.1988,
        0.2048, 0.1690, 0.1973, 0.1622, 0.2062, 0.1994, 0.2122, 0.2052, 0.1821,
        0.2133, 0.2187, 0.2032, 0.1776, 0.2189, 0.2132, 0.2147, 0.1705, 0.2322,
        0.1886, 0.1553, 0.1881, 0.2051, 0.1406, 0.1962, 0.1832, 0.2082, 0.2092,
        0.2343, 0.1762, 0.3468, 0.1947, 0.1639, 0.2262, 0.2577, 0.1785, 0.1936,
        0.1932, 0.1893, 0.1953, 0.1989, 0.1740, 0.2044, 0.1831, 0.1717, 0.1870,
        0.2204, 0.2399, 0.1940, 0.2134, 0.2103, 0.1665, 0.2009, 0.1756, 0.2080,
        0.1798, 0.1977, 0.2077, 0.1886, 0.2191, 0.1733, 0.1878, 0.2037, 0.2044,
        0.2974, 0.2162, 0.1946, 0.1890])

Name: res_block_18.bn1.bias | Shape: [256]
Values:
tensor([-0.1953, -0.1170, -0.0764, -0.1534, -0.1296, -0.0977, -0.1478, -0.2326,
        -0.1483, -0.0512, -0.0097, -0.2026, -0.1895, -0.1463, -0.0769, -0.1761,
        -0.1532, -0.1208, -0.1945, -0.0997, -0.1054, -0.1955, -0.1117, -0.1534,
        -0.1545, -0.0951, -0.2453, -0.1101, -0.1681, -0.0707, -0.1273, -0.0586,
        -0.1609, -0.2102, -0.1191, -0.1174, -0.1578, -0.0181, -0.1786, -0.1382,
        -0.2429, -0.2827, -0.1891, -0.1558, -0.1594, -0.3866, -0.1102, -0.1631,
        -0.0769, -0.1304, -0.1659, -0.2101, -0.1674, -0.1669, -0.1676, -0.2702,
        -0.2779, -0.1514, -0.2908, -0.1455, -0.1181, -0.1407, -0.1000, -0.1548,
        -0.3932, -0.1922, -0.0876, -0.1283, -0.1099, -0.1221, -0.1764, -0.1506,
        -0.1223, -0.2032, -0.1070, -0.1419, -0.1850, -0.1267, -0.1496, -0.2406,
        -0.1997, -0.2227, -0.2122, -0.1501, -0.1569, -0.1696, -0.2399, -0.1416,
        -0.2126, -0.1791, -0.1791, -0.1983, -0.0859, -0.1403, -0.2024, -0.1112,
        -0.1599, -0.1235, -0.1076, -0.0972, -0.1294, -0.1807, -0.0848, -0.2337,
        -0.1881, -0.1141, -0.1547, -0.0872, -0.1059, -0.1742, -0.1003, -0.1400,
        -0.1982, -0.1675, -0.1834, -0.2066, -0.1541, -0.2022, -0.1100, -0.2321,
        -0.1411, -0.2250, -0.1641, -0.1402, -0.1507, -0.2689, -0.1133, -0.1346,
        -0.2440, -0.1607, -0.1702, -0.1481, -0.0501, -0.1155, -0.1856, -0.2109,
        -0.1527, -0.1548, -0.1542, -0.1314, -0.1145, -0.0879, -0.1424, -0.1437,
        -0.1379, -0.1750, -0.1126, -0.2978, -0.1979, -0.0761, -0.1576, -0.1069,
        -0.1627, -0.1457, -0.2711, -0.2352, -0.1883, -0.1862, -0.1572, -0.1806,
        -0.0971, -0.2177, -0.1197, -0.1649, -0.0941, -0.1689, -0.1776, -0.1393,
        -0.1329, -0.0703, -0.1217, -0.0695, -0.1438, -0.2578, -0.1115, -0.2590,
        -0.0896, -0.1911, -0.1067, -0.1146, -0.2101, -0.2573, -0.1610, -0.1022,
        -0.2191, -0.2055, -0.2462, -0.1714, -0.2046, -0.1556, -0.1207, -0.1583,
        -0.1543, -0.1525, -0.1389, -0.1964, -0.0831, -0.1714, -0.1283, -0.2236,
        -0.1835, -0.1257, -0.1654, -0.0702, -0.0727, -0.1441, -0.1048, -0.1173,
        -0.0880, -0.1525, -0.1640, -0.1047, -0.0658, -0.1979, -0.0574, -0.1407,
        -0.0838, -0.1093, -0.3610, -0.0840, -0.1177, -0.0930, -0.1298, -0.2205,
        -0.0768, -0.1074, -0.1832, -0.1567, -0.1244, -0.1578, -0.1792, -0.1047,
        -0.1235, -0.0916, -0.2296, -0.1233, -0.0925, -0.1703, -0.1771, -0.0550,
        -0.1804, -0.1595, -0.1261, -0.1410, -0.1632, -0.0837, -0.1184, -0.2566,
        -0.1691, -0.1178, -0.1216, -0.0548, -0.2050, -0.2460, -0.1241, -0.1357])

Name: res_block_18.conv2.weight | Shape: [256, 256, 3, 3]
Values:
tensor([[[[ 2.0909e-02,  8.6836e-03,  6.0141e-03],
          [-7.9582e-04,  1.1653e-02,  2.8637e-03],
          [-2.5854e-03,  1.2964e-02,  2.4556e-02]],

         [[ 7.5488e-03, -6.9307e-03, -4.3260e-03],
          [ 1.9274e-03, -1.1009e-02,  2.9208e-03],
          [ 3.5959e-04, -1.1245e-03,  3.6841e-03]],

         [[ 3.3641e-03, -1.9183e-03, -9.0232e-03],
          [-5.8226e-03,  1.4538e-03, -6.4907e-03],
          [-5.8862e-03,  3.6133e-03, -8.9005e-05]],

         ...,

         [[ 2.4987e-02, -8.2004e-03,  1.4921e-02],
          [ 4.6560e-03, -1.3452e-02,  2.3501e-02],
          [-1.7260e-03, -2.0893e-02,  1.9554e-02]],

         [[-2.8951e-03, -1.7492e-02,  1.7807e-02],
          [ 2.3971e-02,  6.4470e-04, -1.1126e-03],
          [ 3.5720e-02,  3.9266e-03, -1.0110e-02]],

         [[-4.3772e-03, -8.9269e-03, -5.2899e-03],
          [-4.9139e-03, -1.0702e-02, -1.4458e-03],
          [-4.3487e-03, -2.3644e-03,  5.4016e-03]]],


        [[[ 1.5170e-03, -4.6074e-04,  9.8015e-04],
          [ 4.2141e-03, -1.1063e-03,  5.2554e-03],
          [-2.3428e-03, -3.2696e-03, -5.2696e-03]],

         [[-1.3251e-02,  3.6955e-03,  5.4693e-03],
          [ 8.9552e-04,  6.5813e-03,  8.2936e-03],
          [ 4.0725e-03,  5.5454e-03,  1.0295e-02]],

         [[-3.3074e-03, -4.1793e-03, -5.8866e-03],
          [ 1.5111e-03, -2.5996e-03, -2.3828e-03],
          [ 5.3616e-03,  4.0454e-03, -4.9350e-04]],

         ...,

         [[ 9.3398e-04, -7.8965e-04, -1.3983e-03],
          [ 3.4237e-03,  3.1608e-03, -4.8738e-04],
          [ 2.2503e-03,  6.8405e-03,  1.7786e-04]],

         [[-3.3518e-03,  6.0006e-03, -1.0732e-02],
          [-6.3795e-03,  2.2869e-03,  7.4272e-03],
          [ 5.2675e-03, -3.8972e-03,  4.6991e-03]],

         [[-3.1652e-03, -3.6465e-03, -2.6117e-03],
          [ 3.7675e-03,  1.0831e-03,  9.3765e-04],
          [-3.5627e-03,  5.1757e-03, -1.7044e-03]]],


        [[[-5.4098e-03, -7.9920e-03, -1.7826e-03],
          [-4.1822e-03,  2.0412e-03,  3.0064e-03],
          [ 2.3931e-03, -1.2550e-03,  1.4033e-02]],

         [[-8.8845e-05, -2.1157e-03,  3.7361e-04],
          [-1.1643e-02, -5.0022e-03, -3.9483e-03],
          [-1.6672e-02, -2.3961e-03, -4.0810e-03]],

         [[ 4.8635e-03,  9.5144e-03,  7.6873e-03],
          [ 4.7494e-03,  5.9026e-03,  7.3219e-03],
          [ 5.2803e-03,  1.0971e-03, -4.7879e-04]],

         ...,

         [[-1.2304e-02, -1.4481e-02, -1.5897e-02],
          [ 1.4060e-02, -6.0794e-03, -1.3686e-02],
          [ 1.3931e-02,  2.4516e-03, -1.8223e-02]],

         [[ 6.5516e-03,  2.5474e-02, -7.0244e-03],
          [ 2.1836e-04,  6.5991e-03, -2.6950e-03],
          [-2.5665e-03,  6.9557e-03, -1.0361e-02]],

         [[-1.1652e-02,  9.9754e-03, -4.5803e-03],
          [-1.5538e-02, -5.0403e-04,  5.6193e-03],
          [-1.2666e-02, -5.1771e-04, -2.3126e-03]]],


        ...,


        [[[ 4.6627e-03,  3.5849e-03, -1.1681e-02],
          [ 1.6643e-02, -1.5183e-02,  1.5984e-02],
          [ 1.4013e-02, -1.0132e-02,  5.4921e-03]],

         [[-2.9415e-03,  1.4103e-04,  2.5234e-03],
          [ 9.3425e-03,  7.7980e-03,  3.4239e-03],
          [ 6.9977e-03,  6.0615e-03,  6.5035e-03]],

         [[-8.2897e-03, -1.9396e-03,  3.4952e-04],
          [-7.8374e-03, -3.8716e-03,  3.8932e-03],
          [-8.1176e-03, -4.5681e-03, -2.5636e-03]],

         ...,

         [[-1.7534e-03,  4.8282e-03,  3.2580e-03],
          [-5.9795e-03,  9.5308e-05,  2.8987e-03],
          [-1.0394e-02,  6.3206e-03,  1.1894e-02]],

         [[-5.2038e-03,  6.4899e-03, -1.0101e-02],
          [-1.3477e-02, -6.0810e-04,  6.2177e-03],
          [ 8.1635e-03,  1.0777e-03,  7.1555e-03]],

         [[-2.9482e-03, -7.7290e-03, -6.4260e-03],
          [ 3.7561e-03,  3.5166e-03, -9.0007e-03],
          [ 4.0639e-03,  1.4119e-03, -8.6524e-03]]],


        [[[-8.9460e-03, -1.5055e-03,  4.8469e-03],
          [-8.9486e-03, -1.5511e-03,  7.3824e-03],
          [ 4.5547e-04, -2.6963e-03,  8.8012e-03]],

         [[ 2.9912e-03, -2.1975e-03, -1.0001e-03],
          [-3.5221e-03, -5.1820e-03, -1.0060e-02],
          [-1.2421e-02, -3.2843e-03, -1.1683e-02]],

         [[-3.6276e-03,  3.5686e-03,  5.6397e-03],
          [-1.0767e-03,  1.8871e-03, -5.6403e-04],
          [-6.8132e-04,  3.9247e-03, -6.0846e-03]],

         ...,

         [[-4.0556e-03,  4.6723e-03, -2.3021e-02],
          [-7.2039e-03, -1.6498e-04, -2.0815e-02],
          [ 6.4103e-03, -1.0748e-04, -1.0003e-02]],

         [[-1.3547e-02, -8.3110e-03, -1.1480e-05],
          [-2.6872e-04, -3.9743e-03,  1.2394e-04],
          [ 8.6789e-03,  1.1250e-02, -1.0089e-02]],

         [[ 2.3353e-03, -1.0838e-03, -3.6880e-03],
          [-2.7287e-03, -1.3580e-04,  2.2050e-03],
          [ 1.6819e-03, -4.2736e-03, -1.9891e-03]]],


        [[[-3.5006e-03, -1.2068e-02,  1.6302e-02],
          [-1.3421e-02,  1.6901e-02, -3.0412e-02],
          [-9.6929e-03,  2.5829e-03,  6.8935e-03]],

         [[-4.9046e-03, -4.6493e-03,  6.2189e-03],
          [-9.9147e-03, -4.9981e-03,  5.2001e-04],
          [-1.3564e-03,  2.0205e-03,  7.0531e-03]],

         [[ 9.9215e-03,  1.1166e-02,  2.1263e-03],
          [ 2.0583e-03,  6.0390e-03, -3.3242e-03],
          [-4.9262e-04, -1.8034e-03,  1.3812e-03]],

         ...,

         [[-5.8057e-03, -1.7753e-02,  1.3929e-02],
          [-1.1606e-02, -7.7508e-03,  2.9723e-03],
          [-3.3661e-03, -5.5426e-03, -4.8200e-03]],

         [[-3.5538e-03, -1.7824e-02,  3.4838e-03],
          [-1.1681e-02, -8.9740e-03, -3.1366e-03],
          [-5.9367e-03,  9.5024e-03, -1.5042e-03]],

         [[ 7.7133e-03,  1.4668e-02,  3.5801e-03],
          [-9.9396e-04, -4.8078e-03,  1.5260e-02],
          [-4.7305e-03,  2.1085e-03,  3.7469e-03]]]])

Name: res_block_18.conv2.bias | Shape: [256]
Values:
tensor([ 1.7318e-03,  1.9281e-03, -1.3873e-03, -1.1766e-03, -6.0556e-05,
         1.7583e-03,  1.4524e-03, -1.9019e-03, -1.8880e-03,  8.0193e-04,
        -5.8641e-04, -1.3076e-03, -2.6043e-04, -1.7408e-03, -1.7117e-03,
         3.9678e-04, -1.8301e-03,  1.7941e-03, -1.8467e-03, -1.8257e-03,
         1.1704e-04, -4.4916e-04,  1.6803e-03, -1.1983e-03,  2.3873e-04,
         1.6101e-03,  5.9322e-04, -6.8437e-04,  1.5165e-03,  1.3394e-03,
        -1.6743e-03,  1.1413e-03, -8.0092e-04,  1.3005e-03, -7.3066e-04,
         1.9712e-03, -1.8215e-03,  9.9944e-04,  1.5871e-03,  1.2016e-03,
         1.3336e-03, -1.1278e-03, -8.9965e-04, -8.8652e-04, -1.2046e-03,
        -1.2578e-03, -1.0842e-03, -9.8712e-04,  1.8378e-03,  1.3628e-03,
         1.6233e-03,  3.6788e-04, -1.1152e-03,  1.1811e-03, -1.9402e-03,
         1.1648e-03,  5.8897e-04,  1.5811e-03,  4.4803e-05, -9.7849e-04,
         1.5602e-03, -8.7152e-04, -1.6618e-03,  5.6659e-04, -1.9191e-03,
         4.6888e-04,  9.8932e-04,  1.4740e-03, -1.0476e-03,  9.3923e-04,
         2.0371e-05,  1.0360e-03, -1.2820e-03,  3.7860e-04, -8.3564e-04,
         1.4728e-03, -1.3245e-04, -1.4441e-03, -1.8854e-03,  9.7573e-04,
         6.3328e-05, -2.9912e-05,  1.9356e-03,  9.7365e-04,  1.5221e-03,
         1.5886e-03, -1.6160e-03, -1.5744e-03, -4.1288e-04, -1.3660e-03,
         1.0402e-03, -5.9802e-04, -6.7372e-04, -2.4529e-04,  6.7302e-04,
        -7.7557e-04, -4.2995e-04,  1.7236e-03, -4.0233e-04, -1.2846e-03,
        -2.6139e-04, -1.4563e-03, -4.9777e-04, -2.8407e-04, -1.6276e-03,
         1.0857e-04, -1.7096e-03, -2.6745e-04,  1.4418e-03, -6.0626e-04,
        -1.5702e-03,  1.0752e-03,  1.4528e-03,  1.9019e-03, -1.7927e-03,
         1.0503e-03,  3.8904e-05, -1.5226e-03, -8.3725e-04, -1.0830e-03,
        -3.9151e-04,  4.8112e-04,  1.9284e-03, -1.0561e-03,  9.0315e-04,
         9.8144e-04,  7.6796e-04, -1.2906e-03, -2.7433e-04, -1.4413e-03,
         1.0395e-03,  7.8875e-04,  1.1018e-03, -1.2266e-03, -1.5145e-03,
        -1.7517e-03,  4.1793e-04,  1.0052e-03,  1.8646e-03,  6.4641e-04,
        -1.6105e-03,  1.5605e-03, -3.3747e-04,  1.1102e-03,  8.3243e-04,
         1.6462e-03,  1.1521e-03, -2.7921e-04,  1.5808e-03,  7.6650e-04,
         2.0401e-04,  1.1071e-03,  5.7015e-04, -1.0987e-03,  1.0622e-03,
        -1.4839e-03, -3.5828e-04, -4.4769e-04,  4.6069e-04,  1.3204e-03,
        -4.4855e-04,  1.2848e-03, -6.0221e-05,  9.1576e-05,  7.6494e-04,
        -2.1079e-04,  1.5104e-03,  9.1578e-04, -3.1810e-04, -1.0256e-03,
         3.7479e-04, -1.1135e-03, -1.4791e-03,  8.7831e-05,  5.0349e-04,
        -1.0882e-03, -1.5513e-03, -1.8766e-03, -1.0403e-03, -1.2930e-03,
         1.8236e-03, -1.7376e-03,  1.7682e-03, -1.7148e-03, -1.5245e-03,
        -9.7340e-04, -8.4325e-04, -1.0937e-03, -1.7201e-03,  7.2441e-04,
        -8.6221e-04, -7.0571e-04, -1.5293e-03,  3.1211e-04,  1.4726e-03,
         1.6244e-03, -6.9545e-06, -1.8931e-03, -2.1457e-05, -1.1847e-03,
         1.1663e-03,  6.4535e-04, -1.2062e-03,  3.5186e-04,  6.4410e-04,
         1.9537e-03, -9.0449e-04,  3.2340e-04,  1.2433e-04,  5.6775e-04,
         1.0867e-03, -1.5000e-03, -9.9526e-04,  7.7782e-04,  7.9662e-04,
         2.8051e-04, -3.1960e-04,  4.8296e-04, -1.1852e-03, -3.3905e-04,
        -3.6694e-04,  3.6071e-04,  1.1145e-03, -1.3314e-03, -1.3585e-03,
         1.8570e-03,  4.3035e-04,  1.0123e-03, -1.1508e-03,  1.8884e-03,
        -1.1121e-03,  1.6654e-03,  1.0760e-03, -8.2642e-04, -4.6583e-04,
         1.3575e-03, -1.5950e-03,  3.0368e-04, -2.8996e-04,  1.5150e-03,
         6.2993e-04,  1.2850e-03,  1.8652e-03, -1.8906e-04,  1.1666e-03,
         4.6194e-06, -7.7355e-04,  5.5388e-04, -1.2004e-03, -2.7056e-04,
         1.2018e-03, -1.7191e-03,  2.5634e-04, -1.3839e-03, -3.0248e-04,
        -4.6495e-04])

Name: res_block_18.bn2.weight | Shape: [256]
Values:
tensor([0.2109, 0.0581, 0.2444, 0.1792, 0.2243, 0.2082, 0.2607, 0.1529, 0.2398,
        0.1716, 0.3294, 0.2859, 0.2600, 0.2422, 0.3124, 0.1817, 0.0694, 0.2566,
        0.1796, 0.1458, 0.1650, 0.2558, 0.2192, 0.2483, 0.3215, 0.3485, 0.1534,
        0.2578, 0.2811, 0.1818, 0.2385, 0.2546, 0.2538, 0.2172, 0.2580, 0.1485,
        0.1865, 0.2652, 0.1045, 0.0679, 0.2033, 0.2413, 0.0726, 0.1714, 0.2032,
        0.3154, 0.1404, 0.3627, 0.2287, 0.2330, 0.3557, 0.2417, 0.2128, 0.1180,
        0.2980, 0.1374, 0.1349, 0.3790, 0.3289, 0.0984, 0.2948, 0.2544, 0.2493,
        0.2848, 0.1928, 0.2650, 0.2239, 0.2610, 0.1213, 0.2023, 0.2946, 0.2537,
        0.2758, 0.1969, 0.3140, 0.1896, 0.1892, 0.1493, 0.2724, 0.3009, 0.1215,
        0.2802, 0.2832, 0.2160, 0.2630, 0.1393, 0.1213, 0.1463, 0.2454, 0.2250,
        0.2631, 0.3172, 0.1237, 0.1948, 0.2461, 0.1719, 0.0661, 0.1221, 0.2740,
        0.2385, 0.1603, 0.3516, 0.2115, 0.1207, 0.3009, 0.2863, 0.1473, 0.3401,
        0.2120, 0.2608, 0.1696, 0.1577, 0.1851, 0.2183, 0.1636, 0.2632, 0.1829,
        0.2165, 0.2205, 0.2420, 0.1611, 0.2694, 0.3317, 0.2326, 0.2314, 0.1323,
        0.2923, 0.3108, 0.1395, 0.2435, 0.2079, 0.1350, 0.2849, 0.1472, 0.2940,
        0.1678, 0.2278, 0.0949, 0.2748, 0.2731, 0.2393, 0.0597, 0.1659, 0.0420,
        0.2018, 0.2632, 0.2217, 0.2633, 0.1670, 0.1190, 0.2235, 0.3118, 0.2523,
        0.1619, 0.2123, 0.1655, 0.1704, 0.2601, 0.3370, 0.2106, 0.2601, 0.2377,
        0.3067, 0.1453, 0.3093, 0.2887, 0.2337, 0.2132, 0.2743, 0.2589, 0.2568,
        0.1538, 0.3033, 0.3417, 0.2884, 0.2454, 0.1783, 0.1273, 0.1662, 0.1814,
        0.1970, 0.2275, 0.2338, 0.3529, 0.2472, 0.2518, 0.2046, 0.1894, 0.2050,
        0.2959, 0.2408, 0.2023, 0.1861, 0.3865, 0.2010, 0.2728, 0.2762, 0.2150,
        0.2782, 0.2462, 0.2637, 0.2308, 0.2306, 0.2606, 0.1868, 0.1785, 0.1765,
        0.1372, 0.2645, 0.1502, 0.1547, 0.1417, 0.0875, 0.2297, 0.2208, 0.1464,
        0.2822, 0.1481, 0.2159, 0.1642, 0.1273, 0.2766, 0.2710, 0.1749, 0.2804,
        0.2962, 0.2803, 0.2729, 0.2490, 0.2108, 0.1250, 0.1390, 0.2587, 0.1768,
        0.2509, 0.2129, 0.1625, 0.2494, 0.1838, 0.2332, 0.1666, 0.2784, 0.1943,
        0.1744, 0.1224, 0.1911, 0.2490, 0.1092, 0.2274, 0.3059, 0.1369, 0.2583,
        0.2018, 0.1438, 0.1583, 0.2873])

Name: res_block_18.bn2.bias | Shape: [256]
Values:
tensor([-0.0884,  0.0130,  0.0076, -0.0779, -0.0938, -0.0589, -0.1370, -0.0349,
        -0.1643, -0.0587, -0.1848, -0.1756,  0.0053, -0.1494, -0.1040, -0.0895,
         0.0019, -0.0305, -0.0435, -0.0508,  0.0044,  0.0376, -0.0790, -0.0449,
        -0.0296, -0.0493, -0.0181, -0.0580, -0.1302, -0.0460, -0.0975,  0.0316,
        -0.0054, -0.1085, -0.1208, -0.0235, -0.0597, -0.0741, -0.0257, -0.0064,
        -0.0522, -0.0385, -0.0054, -0.0690, -0.0540,  0.0542, -0.0143, -0.0199,
        -0.1227,  0.0141, -0.2504, -0.1832, -0.0388, -0.0251,  0.1032, -0.0159,
        -0.0261, -0.0402, -0.2411,  0.0050, -0.0833, -0.0997,  0.0761, -0.1731,
        -0.1148,  0.0257, -0.0764, -0.1615, -0.0342, -0.0197, -0.0559,  0.0334,
        -0.0846, -0.0034,  0.0248, -0.0704, -0.0728, -0.0275,  0.0622, -0.1730,
        -0.0244, -0.0120, -0.1182, -0.0628,  0.0752, -0.0518, -0.0349, -0.0209,
        -0.1142, -0.0099, -0.0339,  0.0451, -0.0147, -0.0058, -0.1567, -0.0621,
         0.0042, -0.0095, -0.1266, -0.1510, -0.0255,  0.0657, -0.0816, -0.0211,
        -0.0375,  0.0600, -0.0321,  0.1160, -0.1002, -0.0132, -0.0390, -0.0537,
        -0.0950, -0.0900, -0.0010, -0.0176, -0.0665,  0.0417, -0.0703, -0.1998,
        -0.0557, -0.0258, -0.2304, -0.0344, -0.1120, -0.0083,  0.0020, -0.0444,
        -0.0088, -0.0974, -0.0216, -0.0171, -0.0236, -0.0753, -0.1889, -0.0921,
        -0.0846, -0.0104, -0.0468,  0.0636, -0.0666,  0.0076, -0.0303,  0.0230,
        -0.0272,  0.0215,  0.0523, -0.0758, -0.0671, -0.0297, -0.0977,  0.0017,
         0.0061, -0.0027, -0.0363,  0.0091, -0.0533, -0.0085,  0.0678, -0.0917,
        -0.0937, -0.0177, -0.1235, -0.0424,  0.0291, -0.0032,  0.0233, -0.0438,
        -0.1617, -0.0191, -0.0890, -0.0028, -0.0440,  0.0358,  0.0675,  0.0079,
        -0.1116, -0.0239, -0.0332, -0.0821, -0.0596,  0.0103, -0.0953, -0.0009,
         0.0505, -0.0276, -0.0655,  0.0013, -0.0524,  0.0415, -0.0406, -0.0268,
         0.0023, -0.0456, -0.0641,  0.0437, -0.0510, -0.0265, -0.0230, -0.0221,
         0.0389, -0.1371, -0.0580,  0.0063, -0.0369, -0.0276, -0.0346, -0.0368,
        -0.1974, -0.0632, -0.0584, -0.0255, -0.0044,  0.0290, -0.0677, -0.0291,
         0.0425, -0.0322, -0.1044, -0.0503, -0.0258, -0.1339,  0.0285, -0.0475,
         0.0487,  0.0027, -0.0467,  0.0279, -0.0214, -0.0929, -0.0323, -0.0294,
         0.0713, -0.0856,  0.0066, -0.0811, -0.0363,  0.0299, -0.0607, -0.0815,
        -0.0493,  0.0475,  0.0150, -0.0811, -0.0434,  0.0166, -0.1484, -0.0144,
         0.0832, -0.0433, -0.0201, -0.1074, -0.0791, -0.0302, -0.0185, -0.0886])

Name: policy_conv.weight | Shape: [2, 256, 1, 1]
Values:
tensor([[[[ 0.1729]],

         [[-0.0299]],

         [[-0.1358]],

         [[-0.0275]],

         [[ 0.0287]],

         [[-0.0872]],

         [[ 0.2423]],

         [[-0.0202]],

         [[ 0.0563]],

         [[ 0.1450]],

         [[-0.1371]],

         [[ 0.2600]],

         [[-0.2206]],

         [[-0.0321]],

         [[-0.1337]],

         [[ 0.0787]],

         [[ 0.0280]],

         [[-0.2809]],

         [[-0.0571]],

         [[ 0.1494]],

         [[ 0.0505]],

         [[-0.0045]],

         [[ 0.1793]],

         [[-0.0237]],

         [[-0.2987]],

         [[-0.3009]],

         [[ 0.0207]],

         [[ 0.0208]],

         [[ 0.1600]],

         [[-0.1063]],

         [[ 0.2076]],

         [[-0.0841]],

         [[-0.1062]],

         [[ 0.2014]],

         [[-0.0088]],

         [[-0.0503]],

         [[ 0.1180]],

         [[ 0.1892]],

         [[ 0.0073]],

         [[ 0.0269]],

         [[ 0.0885]],

         [[ 0.0271]],

         [[-0.0064]],

         [[ 0.0365]],

         [[ 0.0379]],

         [[-0.1967]],

         [[-0.0387]],

         [[ 0.0126]],

         [[ 0.0339]],

         [[-0.0624]],

         [[-0.0361]],

         [[ 0.1104]],

         [[-0.1063]],

         [[ 0.0562]],

         [[-0.5110]],

         [[-0.0231]],

         [[-0.0126]],

         [[-0.0549]],

         [[ 0.3583]],

         [[ 0.0328]],

         [[-0.2082]],

         [[ 0.1678]],

         [[-0.0947]],

         [[ 0.2315]],

         [[ 0.1116]],

         [[ 0.0028]],

         [[ 0.1173]],

         [[-0.0722]],

         [[-0.0144]],

         [[ 0.1204]],

         [[ 0.0054]],

         [[-0.2800]],

         [[ 0.3207]],

         [[-0.0884]],

         [[-0.2700]],

         [[ 0.0362]],

         [[ 0.1560]],

         [[ 0.0513]],

         [[-0.3036]],

         [[ 0.3106]],

         [[ 0.0479]],

         [[-0.1209]],

         [[ 0.1664]],

         [[-0.1421]],

         [[-0.3403]],

         [[ 0.0376]],

         [[ 0.0054]],

         [[-0.0610]],

         [[ 0.0321]],

         [[-0.1716]],

         [[-0.1194]],

         [[-0.1221]],

         [[ 0.0530]],

         [[-0.1515]],

         [[ 0.2278]],

         [[ 0.0192]],

         [[ 0.0605]],

         [[ 0.0458]],

         [[ 0.0286]],

         [[ 0.0343]],

         [[ 0.0023]],

         [[-0.4342]],

         [[ 0.0776]],

         [[-0.0331]],

         [[ 0.1020]],

         [[-0.3113]],

         [[ 0.0691]],

         [[-0.0060]],

         [[ 0.0651]],

         [[-0.1615]],

         [[-0.0058]],

         [[ 0.1256]],

         [[ 0.0268]],

         [[ 0.2469]],

         [[ 0.0266]],

         [[-0.0184]],

         [[ 0.1331]],

         [[ 0.0075]],

         [[-0.0978]],

         [[ 0.0325]],

         [[ 0.1310]],

         [[-0.2386]],

         [[ 0.0062]],

         [[-0.2086]],

         [[ 0.1104]],

         [[-0.0635]],

         [[-0.3232]],

         [[-0.2774]],

         [[-0.0783]],

         [[ 0.1521]],

         [[ 0.0097]],

         [[ 0.0292]],

         [[-0.0537]],

         [[ 0.1010]],

         [[ 0.2770]],

         [[-0.0142]],

         [[ 0.0062]],

         [[ 0.0636]],

         [[ 0.1738]],

         [[-0.1018]],

         [[-0.2757]],

         [[ 0.0285]],

         [[-0.0272]],

         [[ 0.0085]],

         [[ 0.0098]],

         [[-0.2539]],

         [[-0.2115]],

         [[-0.1288]],

         [[ 0.0550]],

         [[ 0.0058]],

         [[ 0.1419]],

         [[-0.3243]],

         [[-0.2106]],

         [[-0.0613]],

         [[-0.1854]],

         [[-0.0663]],

         [[-0.0495]],

         [[-0.0146]],

         [[-0.3555]],

         [[-0.0029]],

         [[ 0.2340]],

         [[ 0.0570]],

         [[-0.3304]],

         [[ 0.0214]],

         [[-0.0177]],

         [[-0.0826]],

         [[-0.1609]],

         [[ 0.0962]],

         [[ 0.2221]],

         [[-0.1413]],

         [[-0.0952]],

         [[-0.0117]],

         [[-0.0058]],

         [[-0.3411]],

         [[-0.3067]],

         [[-0.1317]],

         [[ 0.1462]],

         [[ 0.0157]],

         [[-0.0577]],

         [[ 0.0936]],

         [[ 0.0574]],

         [[ 0.0300]],

         [[ 0.1742]],

         [[-0.3278]],

         [[-0.2299]],

         [[ 0.0642]],

         [[-0.0602]],

         [[ 0.0192]],

         [[ 0.0693]],

         [[-0.2884]],

         [[-0.1911]],

         [[-0.1389]],

         [[ 0.0022]],

         [[-0.0105]],

         [[ 0.1400]],

         [[-0.2601]],

         [[-0.1505]],

         [[-0.2158]],

         [[ 0.1611]],

         [[-0.2138]],

         [[-0.2538]],

         [[-0.0011]],

         [[-0.1582]],

         [[-0.1907]],

         [[ 0.0880]],

         [[-0.0164]],

         [[-0.0137]],

         [[ 0.0410]],

         [[ 0.3070]],

         [[ 0.0070]],

         [[ 0.0056]],

         [[ 0.1114]],

         [[ 0.0380]],

         [[ 0.0613]],

         [[ 0.1513]],

         [[-0.0728]],

         [[ 0.1150]],

         [[ 0.0647]],

         [[ 0.0600]],

         [[ 0.1041]],

         [[ 0.1093]],

         [[ 0.2003]],

         [[ 0.0016]],

         [[-0.0429]],

         [[ 0.0226]],

         [[-0.2278]],

         [[ 0.0345]],

         [[-0.2186]],

         [[-0.1812]],

         [[ 0.0387]],

         [[ 0.1119]],

         [[ 0.0721]],

         [[ 0.0291]],

         [[ 0.1100]],

         [[-0.0618]],

         [[ 0.1422]],

         [[ 0.0211]],

         [[-0.2264]],

         [[ 0.0566]],

         [[-0.0911]],

         [[-0.0820]],

         [[-0.0523]],

         [[ 0.1846]],

         [[ 0.0794]],

         [[ 0.0964]],

         [[-0.1219]],

         [[ 0.2343]],

         [[ 0.0252]],

         [[-0.3010]],

         [[-0.3474]],

         [[-0.0075]],

         [[ 0.1681]],

         [[-0.1301]],

         [[-0.0332]],

         [[-0.1220]],

         [[ 0.0010]]],


        [[[-0.0317]],

         [[ 0.0138]],

         [[-0.1023]],

         [[ 0.0962]],

         [[ 0.2022]],

         [[ 0.1395]],

         [[-0.0914]],

         [[ 0.0064]],

         [[ 0.2154]],

         [[ 0.0184]],

         [[ 0.3378]],

         [[ 0.1375]],

         [[-0.0452]],

         [[ 0.2682]],

         [[ 0.1819]],

         [[ 0.0199]],

         [[ 0.0196]],

         [[ 0.0953]],

         [[ 0.0878]],

         [[ 0.0380]],

         [[-0.1280]],

         [[-0.2537]],

         [[ 0.0219]],

         [[-0.3142]],

         [[ 0.0547]],

         [[ 0.0629]],

         [[-0.1297]],

         [[-0.1491]],

         [[-0.0868]],

         [[-0.0743]],

         [[-0.0035]],

         [[-0.2298]],

         [[-0.1613]],

         [[ 0.0075]],

         [[ 0.3009]],

         [[ 0.0347]],

         [[ 0.1451]],

         [[-0.1273]],

         [[ 0.0750]],

         [[ 0.0261]],

         [[-0.1208]],

         [[-0.1753]],

         [[ 0.0270]],

         [[ 0.0455]],

         [[-0.1711]],

         [[-0.1822]],

         [[-0.0165]],

         [[-0.4097]],

         [[ 0.2153]],

         [[-0.1636]],

         [[ 0.3357]],

         [[ 0.2334]],

         [[-0.0489]],

         [[ 0.0435]],

         [[-0.0213]],

         [[-0.0149]],

         [[ 0.0563]],

         [[-0.5684]],

         [[-0.0129]],

         [[-0.0193]],

         [[ 0.0445]],

         [[ 0.1655]],

         [[-0.4065]],

         [[ 0.0561]],

         [[ 0.1785]],

         [[-0.2310]],

         [[ 0.0970]],

         [[ 0.2672]],

         [[ 0.0331]],

         [[-0.1300]],

         [[-0.2674]],

         [[ 0.0383]],

         [[-0.0624]],

         [[-0.0200]],

         [[-0.1534]],

         [[ 0.1792]],

         [[-0.0260]],

         [[ 0.0898]],

         [[-0.1297]],

         [[-0.0641]],

         [[ 0.0232]],

         [[-0.1616]],

         [[-0.0873]],

         [[ 0.0648]],

         [[ 0.0814]],

         [[ 0.0258]],

         [[-0.0016]],

         [[ 0.0476]],

         [[ 0.2223]],

         [[ 0.0430]],

         [[-0.1795]],

         [[-0.2756]],

         [[ 0.0715]],

         [[ 0.0333]],

         [[ 0.0216]],

         [[ 0.1355]],

         [[ 0.0464]],

         [[ 0.0551]],

         [[ 0.0403]],

         [[ 0.2654]],

         [[-0.0091]],

         [[ 0.0131]],

         [[ 0.1771]],

         [[ 0.0167]],

         [[-0.2649]],

         [[-0.1301]],

         [[ 0.0595]],

         [[-0.4891]],

         [[-0.0104]],

         [[-0.1482]],

         [[ 0.0441]],

         [[ 0.0603]],

         [[ 0.1398]],

         [[ 0.0942]],

         [[ 0.0069]],

         [[-0.3041]],

         [[ 0.0710]],

         [[-0.2143]],

         [[-0.0267]],

         [[-0.0428]],

         [[ 0.0250]],

         [[-0.0088]],

         [[ 0.2828]],

         [[-0.0086]],

         [[ 0.1624]],

         [[-0.0809]],

         [[ 0.0573]],

         [[-0.1115]],

         [[ 0.0612]],

         [[-0.1044]],

         [[ 0.0291]],

         [[ 0.0487]],

         [[-0.2749]],

         [[ 0.0066]],

         [[ 0.1679]],

         [[ 0.0526]],

         [[ 0.1354]],

         [[-0.0226]],

         [[-0.2525]],

         [[-0.3111]],

         [[ 0.1324]],

         [[-0.0123]],

         [[ 0.0906]],

         [[ 0.0082]],

         [[-0.1445]],

         [[-0.0536]],

         [[ 0.0057]],

         [[ 0.1556]],

         [[ 0.0975]],

         [[ 0.0929]],

         [[ 0.1576]],

         [[-0.0471]],

         [[-0.0563]],

         [[-0.1687]],

         [[ 0.0944]],

         [[-0.1548]],

         [[-0.0309]],

         [[-0.2028]],

         [[ 0.0404]],

         [[ 0.2274]],

         [[-0.0715]],

         [[-0.3197]],

         [[ 0.0115]],

         [[ 0.1001]],

         [[-0.3329]],

         [[-0.2710]],

         [[ 0.0047]],

         [[-0.1538]],

         [[-0.0276]],

         [[-0.0910]],

         [[ 0.2134]],

         [[ 0.0148]],

         [[-0.2718]],

         [[ 0.0697]],

         [[-0.0388]],

         [[-0.1410]],

         [[ 0.1403]],

         [[ 0.0156]],

         [[-0.0635]],

         [[ 0.1859]],

         [[ 0.2353]],

         [[-0.2493]],

         [[-0.0729]],

         [[ 0.0349]],

         [[-0.0206]],

         [[-0.2377]],

         [[ 0.1253]],

         [[-0.0081]],

         [[-0.0736]],

         [[-0.0019]],

         [[ 0.0099]],

         [[-0.0240]],

         [[-0.0018]],

         [[-0.4770]],

         [[ 0.1484]],

         [[-0.0141]],

         [[-0.3882]],

         [[ 0.1083]],

         [[-0.2802]],

         [[ 0.0669]],

         [[-0.0829]],

         [[ 0.2095]],

         [[ 0.0453]],

         [[-0.0640]],

         [[-0.0784]],

         [[-0.0129]],

         [[-0.1469]],

         [[-0.0086]],

         [[ 0.0840]],

         [[-0.0331]],

         [[ 0.0803]],

         [[ 0.1111]],

         [[ 0.0232]],

         [[-0.2204]],

         [[-0.0211]],

         [[ 0.0290]],

         [[-0.4612]],

         [[ 0.1247]],

         [[-0.0628]],

         [[ 0.0686]],

         [[ 0.0423]],

         [[ 0.1041]],

         [[-0.2873]],

         [[-0.0634]],

         [[-0.3013]],

         [[ 0.0251]],

         [[-0.3012]],

         [[ 0.0126]],

         [[ 0.0698]],

         [[-0.0726]],

         [[ 0.0481]],

         [[ 0.0236]],

         [[-0.5668]],

         [[ 0.0070]],

         [[-0.1914]],

         [[ 0.0237]],

         [[ 0.0484]],

         [[-0.0720]],

         [[ 0.1135]],

         [[ 0.1490]],

         [[ 0.0340]],

         [[-0.2733]],

         [[-0.2286]],

         [[ 0.0110]],

         [[-0.0071]],

         [[ 0.0795]],

         [[ 0.0966]],

         [[ 0.0094]],

         [[-0.1224]],

         [[-0.0576]],

         [[ 0.0129]],

         [[ 0.0393]],

         [[ 0.0902]],

         [[ 0.0917]],

         [[-0.0170]],

         [[-0.1776]]]])

Name: policy_conv.bias | Shape: [2]
Values:
tensor([ 0.0039, -0.0029])

Name: policy_bn.weight | Shape: [2]
Values:
tensor([2.8972, 2.9311])

Name: policy_bn.bias | Shape: [2]
Values:
tensor([-1.3217, -1.3895])

Name: policy_fc.weight | Shape: [5488, 1352]
Values:
tensor([[-2.7897e-04, -6.2416e-04, -1.6846e-03,  ...,  8.4070e-04,
         -9.9178e-05, -3.8993e-03],
        [-7.1599e-04,  2.3665e-02, -2.0569e-02,  ..., -3.3393e-02,
          6.8487e-03,  7.5769e-03],
        [-4.1154e-02,  4.7573e-03, -7.3481e-03,  ..., -2.9474e-03,
          1.5365e-02,  5.3113e-04],
        ...,
        [-8.5793e-04,  1.6243e-03, -2.2463e-03,  ..., -1.7262e-03,
         -3.2100e-03, -3.1093e-03],
        [-8.9579e-04, -2.0789e-03,  1.5402e-03,  ..., -3.5805e-04,
         -1.2030e-03, -6.4977e-04],
        [ 2.5157e-04, -1.9924e-04, -1.0390e-03,  ...,  9.2593e-04,
          1.1920e-03, -3.8884e-03]])

Name: policy_fc.bias | Shape: [5488]
Values:
tensor([-0.0005, -0.0003,  0.0003,  ..., -0.0037, -0.0014, -0.0001])

Name: value_conv.weight | Shape: [1, 256, 1, 1]
Values:
tensor([[[[ 8.2105e-02]],

         [[-2.6016e-01]],

         [[-7.9602e-02]],

         [[ 9.5666e-02]],

         [[-1.7484e-02]],

         [[-2.9801e-02]],

         [[-4.0868e-02]],

         [[ 1.3849e-01]],

         [[ 1.8753e-01]],

         [[-4.6461e-03]],

         [[-4.0131e-02]],

         [[ 5.3763e-02]],

         [[-8.9005e-03]],

         [[ 1.4238e-02]],

         [[-4.9185e-02]],

         [[ 6.3912e-02]],

         [[-8.1806e-02]],

         [[ 1.2160e-02]],

         [[-3.4345e-02]],

         [[-4.1512e-02]],

         [[-1.3569e-01]],

         [[-1.9237e-02]],

         [[ 3.3473e-03]],

         [[-4.7303e-02]],

         [[-1.5891e-02]],

         [[-3.6306e-02]],

         [[ 1.0780e-01]],

         [[ 1.8124e-02]],

         [[-1.5365e-02]],

         [[ 9.7571e-02]],

         [[-5.6228e-02]],

         [[ 3.7380e-02]],

         [[-2.9084e-02]],

         [[ 2.9092e-02]],

         [[-2.3722e-02]],

         [[-2.2081e-02]],

         [[-5.3526e-02]],

         [[-6.4048e-05]],

         [[-6.2085e-02]],

         [[-1.3833e-01]],

         [[ 8.0620e-02]],

         [[ 6.1730e-03]],

         [[-9.7912e-02]],

         [[ 1.2874e-01]],

         [[ 1.7949e-01]],

         [[-3.9464e-02]],

         [[-1.2019e-01]],

         [[-1.5393e-02]],

         [[-3.8135e-02]],

         [[-1.5192e-02]],

         [[-4.4291e-04]],

         [[-5.6653e-04]],

         [[ 1.1217e-01]],

         [[ 2.8458e-02]],

         [[-1.0050e-02]],

         [[ 2.0109e-01]],

         [[ 1.5049e-01]],

         [[-3.3078e-02]],

         [[-6.8846e-02]],

         [[-2.3509e-01]],

         [[ 1.5823e-02]],

         [[ 4.6870e-02]],

         [[-3.2054e-03]],

         [[-6.0072e-02]],

         [[-9.5945e-03]],

         [[ 1.3453e-02]],

         [[-1.1987e-02]],

         [[-2.3912e-02]],

         [[ 1.0687e-01]],

         [[-4.8904e-03]],

         [[ 5.0353e-02]],

         [[ 7.6738e-02]],

         [[ 3.1242e-02]],

         [[-1.5893e-01]],

         [[-1.6471e-02]],

         [[-3.0684e-02]],

         [[-4.9379e-02]],

         [[ 7.6088e-02]],

         [[-5.5292e-02]],

         [[ 2.1652e-02]],

         [[-4.8922e-02]],

         [[-2.0618e-02]],

         [[-1.0628e-02]],

         [[ 1.0636e-01]],

         [[ 1.0614e-02]],

         [[ 1.0140e-01]],

         [[ 7.0062e-02]],

         [[-1.0988e-01]],

         [[-7.8519e-03]],

         [[-6.2952e-02]],

         [[ 2.8771e-02]],

         [[-2.9859e-02]],

         [[-7.2970e-02]],

         [[-1.1663e-01]],

         [[-3.2065e-03]],

         [[ 5.4819e-02]],

         [[-1.6104e-01]],

         [[-5.3706e-02]],

         [[ 2.6129e-01]],

         [[-2.5919e-02]],

         [[-1.2229e-01]],

         [[-2.4422e-02]],

         [[ 5.0864e-02]],

         [[ 2.0145e-01]],

         [[-6.3317e-02]],

         [[-4.6849e-02]],

         [[ 1.2028e-01]],

         [[-6.2253e-03]],

         [[ 2.2142e-01]],

         [[-1.2370e-02]],

         [[ 2.4393e-01]],

         [[-8.6083e-02]],

         [[-5.1453e-03]],

         [[ 8.1967e-05]],

         [[ 2.8163e-01]],

         [[-7.6691e-02]],

         [[-1.0050e-02]],

         [[ 4.7342e-03]],

         [[ 1.6177e-01]],

         [[ 3.8932e-01]],

         [[ 6.0502e-02]],

         [[-3.7421e-03]],

         [[-1.9347e-02]],

         [[ 7.8637e-02]],

         [[-7.4053e-02]],

         [[-9.1029e-02]],

         [[ 4.0980e-03]],

         [[ 5.6679e-03]],

         [[-1.4578e-01]],

         [[ 1.7728e-04]],

         [[-2.9271e-01]],

         [[ 1.3925e-01]],

         [[-3.0103e-03]],

         [[ 9.1635e-02]],

         [[ 1.8673e-02]],

         [[ 1.5313e-01]],

         [[ 1.1895e-02]],

         [[-9.5488e-02]],

         [[ 2.6679e-02]],

         [[-7.5478e-02]],

         [[-5.4473e-02]],

         [[-1.4562e-01]],

         [[-1.7654e-02]],

         [[-2.3019e-01]],

         [[-3.2181e-02]],

         [[-5.5522e-02]],

         [[-5.5046e-02]],

         [[ 5.9608e-03]],

         [[ 8.5819e-02]],

         [[-1.0744e-01]],

         [[-3.3384e-03]],

         [[-1.5052e-02]],

         [[ 3.6329e-03]],

         [[ 6.6887e-02]],

         [[ 9.3526e-02]],

         [[ 2.9336e-02]],

         [[ 1.5006e-01]],

         [[ 2.3062e-02]],

         [[-1.2596e-02]],

         [[-5.6836e-02]],

         [[ 1.1571e-03]],

         [[-2.9192e-02]],

         [[-7.1132e-03]],

         [[ 1.4445e-01]],

         [[-4.8721e-03]],

         [[-2.1528e-02]],

         [[-4.5519e-02]],

         [[-5.5722e-02]],

         [[-1.3263e-03]],

         [[-9.4602e-02]],

         [[-6.5444e-02]],

         [[ 3.9581e-01]],

         [[-3.4487e-02]],

         [[-3.3617e-02]],

         [[-2.4142e-03]],

         [[-2.8807e-02]],

         [[-6.0084e-02]],

         [[ 2.2227e-01]],

         [[ 1.1890e-01]],

         [[-1.1486e-02]],

         [[-6.0680e-02]],

         [[-1.1674e-02]],

         [[ 1.8730e-02]],

         [[ 2.8837e-02]],

         [[-4.4346e-02]],

         [[-2.3828e-02]],

         [[ 9.6560e-03]],

         [[ 2.8518e-01]],

         [[-4.1962e-02]],

         [[-2.4894e-02]],

         [[-4.1549e-02]],

         [[ 6.8498e-02]],

         [[ 3.1257e-01]],

         [[-1.1076e-02]],

         [[-3.5408e-03]],

         [[ 2.5521e-03]],

         [[-2.7781e-02]],

         [[-3.1871e-02]],

         [[-1.8019e-02]],

         [[-9.8530e-03]],

         [[ 2.6912e-02]],

         [[-3.8757e-02]],

         [[ 1.3658e-01]],

         [[-2.0715e-02]],

         [[ 2.4994e-02]],

         [[-2.4878e-01]],

         [[ 1.1551e-01]],

         [[ 1.7269e-01]],

         [[-1.1613e-02]],

         [[ 1.0991e-01]],

         [[ 1.7549e-01]],

         [[-1.4417e-01]],

         [[-9.2005e-02]],

         [[ 1.6976e-02]],

         [[-1.4018e-02]],

         [[ 5.0719e-02]],

         [[-3.2728e-02]],

         [[-7.6510e-02]],

         [[ 1.6669e-01]],

         [[ 1.0859e-01]],

         [[-9.4722e-02]],

         [[-6.8495e-03]],

         [[ 2.1874e-02]],

         [[ 1.3619e-01]],

         [[-6.9428e-03]],

         [[ 3.0774e-02]],

         [[-7.3041e-03]],

         [[-9.0977e-03]],

         [[ 2.7004e-02]],

         [[ 1.4977e-01]],

         [[-1.9398e-01]],

         [[ 3.6350e-02]],

         [[ 1.6300e-03]],

         [[ 1.1803e-01]],

         [[-1.0900e-01]],

         [[-2.8679e-02]],

         [[-1.7259e-01]],

         [[-3.0424e-02]],

         [[ 2.4478e-01]],

         [[-2.0259e-02]],

         [[ 1.2938e-01]],

         [[-6.1051e-03]],

         [[-3.0553e-03]],

         [[ 1.5886e-01]],

         [[-6.4437e-02]],

         [[ 4.9956e-02]],

         [[-3.5683e-02]],

         [[-3.9537e-02]],

         [[-8.3812e-02]],

         [[-7.8349e-03]],

         [[-1.7346e-01]],

         [[ 1.1847e-02]],

         [[ 8.9574e-02]],

         [[-9.0394e-02]],

         [[ 8.2636e-02]],

         [[ 2.6590e-02]]]])

Name: value_conv.bias | Shape: [1]
Values:
tensor([0.0005])

Name: value_bn.weight | Shape: [1]
Values:
tensor([0.6421])

Name: value_bn.bias | Shape: [1]
Values:
tensor([-0.2137])

Name: value_fc1.weight | Shape: [256, 676]
Values:
tensor([[ 8.3466e-05, -3.2025e-03,  3.0642e-03,  ..., -2.1175e-03,
         -3.8350e-03, -2.9307e-03],
        [ 4.8005e-04, -3.1718e-03,  3.6889e-03,  ..., -8.0556e-04,
         -3.2116e-04, -1.1885e-03],
        [ 2.1075e-03, -3.2279e-03,  8.0010e-03,  ...,  2.7894e-03,
          3.0281e-03, -3.9823e-03],
        ...,
        [-3.5630e-03,  5.9594e-03,  5.5838e-03,  ..., -1.2177e-03,
         -4.3639e-03,  1.2134e-03],
        [-1.9981e-02,  2.8784e-03, -1.2080e-02,  ...,  3.1880e-03,
          2.5775e-06,  2.1879e-04],
        [ 3.6673e-03,  3.9401e-03, -1.8664e-02,  ...,  1.8811e-03,
          1.8369e-03, -1.7391e-02]])

Name: value_fc1.bias | Shape: [256]
Values:
tensor([-1.7672e-02,  1.1740e-02,  1.7634e-02,  4.8350e-02,  1.0828e-01,
        -1.5231e-02,  1.1948e-02, -1.4235e-02,  1.1301e-01,  4.9772e-02,
         7.4386e-02,  2.1301e-02, -2.6065e-02, -2.2515e-02,  1.6628e-02,
        -4.6275e-03,  7.7926e-03,  3.2296e-02,  3.2087e-02,  1.1620e-02,
        -2.7551e-03, -2.4650e-02,  4.0951e-02, -1.4871e-02,  3.3826e-02,
         6.3475e-03,  1.7571e-01, -2.6243e-02, -1.3795e-03,  4.4063e-02,
        -1.4061e-02,  1.2501e-01,  4.1431e-02,  9.0633e-04,  4.6190e-02,
         1.3667e-03,  7.3852e-02, -1.4459e-02,  1.8022e-01,  5.7524e-03,
         3.2839e-03,  1.2570e-01,  1.0322e-03,  1.9875e-01,  1.7601e-03,
         1.2511e-01, -1.7332e-02, -2.5681e-02,  1.6925e-01,  1.2975e-01,
         3.0610e-02, -9.8974e-03, -8.9559e-03,  1.0666e-01, -3.8135e-02,
         1.0374e-01, -2.0404e-02, -5.7314e-03, -1.8486e-02, -8.6078e-04,
         4.6595e-03,  3.2266e-02,  6.2931e-03,  1.1118e-02, -7.3953e-03,
         3.0009e-03,  3.4109e-02,  1.5722e-03,  4.7001e-02,  6.0125e-02,
        -1.8309e-02,  2.3138e-01, -1.0619e-02,  2.8135e-02,  7.7518e-03,
         1.5796e-01,  1.8608e-01,  2.7484e-01, -9.3924e-03,  1.8036e-02,
         7.0845e-02, -1.2821e-03, -1.1376e-02,  1.6996e-01,  7.7062e-03,
        -3.3371e-02,  1.6310e-02,  1.5694e-01, -4.0639e-02,  3.0574e-03,
         2.3585e-01,  1.3023e-01,  1.7784e-02,  3.3712e-02,  1.0123e-01,
         1.7261e-02, -6.1624e-04,  5.7144e-03,  8.8255e-03,  7.9156e-02,
         3.4415e-03, -1.5544e-03, -1.3190e-02, -9.8497e-03, -6.8029e-03,
         4.2361e-02, -8.0581e-04,  6.0583e-03,  2.4019e-02,  1.0914e-01,
        -1.4475e-02,  2.2176e-01, -1.8691e-02,  1.2552e-01, -5.1325e-03,
         4.1283e-02, -2.3869e-02, -2.2973e-04,  4.1076e-02,  5.2288e-03,
         9.9159e-02, -3.0211e-02,  1.5325e-02, -4.4117e-06,  2.8509e-02,
         1.9448e-01,  3.2344e-03,  8.9160e-02, -2.4638e-04, -2.2025e-02,
         5.7295e-03,  2.1846e-02, -1.3957e-02,  8.5847e-02,  9.9041e-02,
         1.9505e-03,  6.1178e-03, -3.3105e-03,  2.4986e-01,  6.2564e-02,
         2.6113e-02,  1.2862e-01,  7.3012e-02,  6.5297e-02,  9.7971e-03,
         7.2951e-03,  2.2201e-02,  1.4807e-01,  2.4594e-01,  1.1761e-01,
         1.2173e-01, -2.6225e-03,  1.8060e-01,  1.9863e-01,  6.1910e-03,
         9.2962e-02,  2.0920e-02, -2.3585e-03,  1.2248e-01, -1.0443e-02,
         3.6442e-02,  1.7573e-01,  1.8073e-02, -1.9613e-02,  7.3258e-02,
        -1.4622e-02,  4.5703e-02, -4.1086e-03,  2.1409e-02,  1.2914e-02,
        -5.2941e-03,  7.5727e-02,  6.1752e-03, -4.4934e-04, -8.0440e-04,
        -9.0397e-03, -6.6604e-03,  1.7328e-03,  3.9991e-03,  1.6049e-03,
         2.8788e-02, -1.0252e-02,  1.2696e-01,  3.1917e-02,  4.9281e-02,
         1.6414e-02,  7.0595e-03,  6.3639e-03,  3.1647e-02,  3.7232e-03,
         8.0067e-02,  5.1501e-03, -6.2958e-03,  1.8354e-02,  1.7989e-02,
         1.1349e-01,  6.7444e-02,  2.0071e-02,  3.2069e-02,  1.9849e-02,
         8.9707e-02, -8.6847e-03,  8.8922e-02,  1.5632e-02,  4.0594e-02,
         1.6907e-01,  3.9816e-02,  4.4840e-02,  1.6204e-02,  1.1362e-01,
         1.1134e-01,  6.0416e-03, -7.8820e-03, -6.0730e-03, -4.4984e-02,
        -7.4429e-03, -1.0876e-02,  1.4279e-02, -6.9376e-03,  5.9414e-03,
         7.7962e-02,  2.7511e-01,  1.7899e-03,  2.6395e-02,  9.7505e-02,
         5.2665e-04, -8.2916e-03, -7.6262e-03, -3.8038e-03,  3.2170e-02,
         1.4028e-01,  1.2891e-03,  1.1927e-01,  2.9395e-03, -3.0545e-02,
         6.4911e-03,  1.1062e-01,  2.2516e-02,  7.6758e-02,  2.9720e-02,
         7.7474e-02, -3.3260e-03,  2.8257e-02,  1.4855e-02,  6.9369e-02,
         2.1379e-02, -7.0831e-03,  1.3187e-02,  6.3448e-03,  7.2478e-02,
        -4.2660e-03,  1.8081e-02,  5.9433e-03,  7.3493e-02, -7.3087e-03,
         1.4412e-01])

Name: value_fc2.weight | Shape: [1, 256]
Values:
tensor([[ 0.0739,  0.0299,  0.0399,  0.0416, -0.0768,  0.0438,  0.0986,  0.0613,
         -0.1044, -0.0725, -0.0899, -0.0643,  0.2250,  0.1038,  0.0840,  0.0638,
         -0.0240, -0.0484,  0.0911, -0.0540,  0.0083,  0.0756,  0.0714,  0.1327,
          0.0736,  0.1141, -0.1371,  0.1752, -0.0006, -0.0382,  0.0988, -0.1344,
          0.1323,  0.0372, -0.1048,  0.0711, -0.0941,  0.0603, -0.1167,  0.0572,
          0.1569, -0.1260,  0.0062, -0.1524,  0.0667, -0.1433, -0.1674,  0.1444,
         -0.1437, -0.1206, -0.0880,  0.0956,  0.1512, -0.0776,  0.1432, -0.1248,
          0.1296,  0.0383,  0.1068,  0.0512,  0.1036, -0.0508,  0.0495,  0.0680,
          0.0728,  0.1266, -0.0571,  0.1203, -0.0992, -0.0842,  0.0671, -0.1338,
          0.0442,  0.0404,  0.0854, -0.1099, -0.1804, -0.1286,  0.0839, -0.0287,
         -0.1014, -0.0048,  0.1339, -0.1122,  0.0702,  0.0894, -0.0441, -0.1434,
          0.1253,  0.0544, -0.1289, -0.1162,  0.0474, -0.0710, -0.1476, -0.0298,
         -0.0122,  0.0910, -0.0286, -0.0712,  0.0652, -0.0283,  0.1332,  0.0917,
          0.0182,  0.0751,  0.0083,  0.1263,  0.0935, -0.0981,  0.0810, -0.0971,
          0.1353, -0.1419,  0.1578,  0.0809,  0.1040,  0.0570,  0.0937,  0.0748,
         -0.1579,  0.1178, -0.0442,  0.1044, -0.0525, -0.1008,  0.1192, -0.1077,
         -0.0172,  0.0496, -0.0297,  0.1537,  0.0356, -0.0795, -0.0721,  0.0191,
         -0.0328,  0.0637, -0.0994, -0.0635, -0.0219, -0.1715, -0.0570, -0.0686,
          0.0435,  0.0689,  0.1098, -0.0900, -0.1214, -0.1040, -0.0927, -0.0046,
         -0.1029, -0.0982, -0.0256,  0.0901,  0.0442,  0.0286, -0.1364,  0.0690,
         -0.0546, -0.1667, -0.0499,  0.1328, -0.0858,  0.1102, -0.0512,  0.0403,
          0.1039, -0.0445,  0.0274, -0.0830,  0.1404, -0.0028,  0.0989,  0.0488,
         -0.0057,  0.1644,  0.0708,  0.0775, -0.0543,  0.0551, -0.1053,  0.0741,
         -0.0754, -0.0565,  0.0661,  0.1466,  0.0853,  0.0812, -0.1279,  0.0968,
          0.0658, -0.0250, -0.0503, -0.1210, -0.1237,  0.0729, -0.0510,  0.0685,
         -0.0699,  0.0407, -0.0525,  0.1381,  0.0430, -0.0962,  0.0591, -0.0377,
          0.1105, -0.1864, -0.1202, -0.0184,  0.0756,  0.0712,  0.1569,  0.0148,
          0.0797,  0.0689,  0.0792,  0.0793, -0.0636, -0.1469,  0.0739, -0.0452,
         -0.1009,  0.0861,  0.1466,  0.1144,  0.0212,  0.0839, -0.0775,  0.1008,
         -0.1628,  0.1282,  0.1475,  0.1161, -0.1685, -0.0307, -0.0722,  0.0937,
         -0.0710,  0.1278, -0.0518, -0.0316, -0.1074,  0.0367,  0.0461,  0.0381,
         -0.0163, -0.1422,  0.0627,  0.0876,  0.0357, -0.0837,  0.1231, -0.1405]])

Name: value_fc2.bias | Shape: [1]
Values:
tensor([0.0125])

